
> trade-reviewer@0.1.0 test:unit
> vitest run


 RUN  v4.1.10 /Users/zhoulin/.codex/worktrees/afc8/TradeReview

(node:54260) [DEP0205] DeprecationWarning: `module.register()` is deprecated. Use `module.registerHooks()` instead.
(Use `node --trace-deprecation ...` to show where the warning was created)
 ❯ app/lib/reviews/trading-room-holdings.test.ts (30 tests | 1 failed) 131ms
     × falls through invalid source dates before applying the market calendar fallback 20ms
 ❯ app/components/trade-review-workspace.refresh.test.tsx (8 tests | 1 failed) 22824ms
     × refreshes the global saved summary after a single instrument update 3592ms
 ❯ app/components/trade-review-workspace.test.tsx (91 tests | 37 failed) 250699ms
     × returns notification reviews to their real analysis and data sources 3611ms
     × keeps Recall header actions wired to data management, repair, and return navigation 5244ms
     × keeps the parent review mounted until a failed navigation save is retried successfully 5143ms
     × gold replay does not reveal the sale before the first bar is played 2981ms
     × gold replay explains missing historical bars when stepping its first available day 3762ms
     × gold replay keeps cached historical bars before and after its first step 4021ms
     × gold replay repairs the previously saved empty-chart entry cursor 5132ms
     × gold replay preserves saved progress after its first completed bar 4820ms
     × does not advance the training cursor when the target timeframe has no known candle yet 5407ms
     × keeps an actual parent timeframe change in Recall's saved working graph 4430ms
     × supplements only the selected stock account and retries the same audited request 3864ms
     × does not re-read every instrument market cache when metadata hydration updates presentation 5283ms
     × keeps saved intraday replay state pending until lazy data settles 5280ms
     × does not label daily-only partial coverage as overall market data availability 5329ms
     × marks a short hourly cache as updatable even when daily data is absent 4053ms
     × does not block the selected replay on another stock's market data 5125ms
     × keeps a persisted hourly provider failure visible when no cache exists 3944ms
     × preserves the review timeframe and cursor while top navigation re-enters training mode 5070ms
     × retains a Recall drawing draft per episode and gates completion until a snapshot exists 3723ms
     × keeps the latest Recall drawing draft while completion is gated 5411ms
     × does not describe confirmed grey-market trades as a regular-market history gap 4484ms
     × shows all daily history by default and explains trades before the first candle 4038ms
     × scopes Recall history and replay to the selected episode 4854ms
     × starts before entry and advances to the first known candle when history begins after the trade 3589ms
     × refreshes every trade episode regardless of the selected episode 3902ms
     × uses META as the market-data symbol for historical FB trades 4900ms
     × keeps the library chart available after a cancelled import with failed market refresh 5019ms
     × keeps library context through a confirmed import with failed market refresh 5423ms
     × opens a library queue entry directly in the shared history workbench 4161ms
     × keeps complete-history executions within the selected account 5545ms
     × automatically syncs all episodes after importing a later episode 5208ms
     × automatically syncs all episodes when an import closes and opens positions 1313ms
     × uses the unified replay workspace for a cached imported episode 5172ms
     × exposes Recall snapshot controls for daily-only data 1390ms
     × derives intraday availability from the selected episode window 1056ms
     × retains alternate simulation runs when the complete room changes its shared scope 5024ms
     × returns to the trading room with its filters, period, and calendar view after opening a holding review 3702ms

⎯⎯⎯⎯⎯⎯ Failed Tests 39 ⎯⎯⎯⎯⎯⎯⎯

 FAIL  app/components/trade-review-workspace.refresh.test.tsx > TradeReviewWorkspace global refresh seam > refreshes the global saved summary after a single instrument update
TestingLibraryElementError: Unable to find role="button" and name "行情数据详情"

Ignored nodes: comments, script, style
[36m<body>[39m
  [36m<div>[39m
    [36m<main[39m
      [33mclass[39m=[32m"trade-review-app is-review"[39m
    [36m>[39m
      [36m<input[39m
        [33maccept[39m=[32m".xlsx,.xls,.pdf"[39m
        [33maria-label[39m=[32m"导入交易记录"[39m
        [33mhidden[39m=[32m""[39m
        [33mmultiple[39m=[32m""[39m
        [33mtype[39m=[32m"file"[39m
      [36m/>[39m
      [36m<input[39m
        [33maccept[39m=[32m".csv,text/csv"[39m
        [33maria-label[39m=[32m"导入 TradingView 模拟交易"[39m
        [33mhidden[39m=[32m""[39m
        [33mtype[39m=[32m"file"[39m
      [36m/>[39m
      [36m<input[39m
        [33maccept[39m=[32m"image/jpeg,image/png,image/webp,.jpg,.jpeg,.png,.webp"[39m
        [33maria-label[39m=[32m"从截图恢复交易"[39m
        [33mhidden[39m=[32m""[39m
        [33mmultiple[39m=[32m""[39m
        [33mtype[39m=[32m"file"[39m
      [36m/>[39m
      [36m<aside[39m
        [33maria-label[39m=[32m"主导航"[39m
        [33mclass[39m=[32m"app-header app-sidebar "[39m
      [36m>[39m
        [36m<div[39m
          [33mclass[39m=[32m"brand"[39m
        [36m>[39m
          [36m<div[39m
            [33mclass[39m=[32m"brand-mark"[39m
          [36m>[39m
            [36m<svg[39m
              [33maria-hidden[39m=[32m"true"[39m
              [33mclass[39m=[32m"lucide lucide-book-open-check"[39m
              [33mfill[39m=[32m"none"[39m
              [33mheight[39m=[32m"19"[39m
              [33mstroke[39m=[32m"currentColor"[39m
              [33mstroke-linecap[39m=[32m"round"[39m
              [33mstroke-linejoin[39m=[32m"round"[39m
              [33mstroke-width[39m=[32m"2"[39m
              [33mviewBox[39m=[32m"0 0 24 24"[39m
              [33mwidth[39m=[32m"19"[39m
              [33mxmlns[39m=[32m"http://www.w3.org/2000/svg"[39m
            [36m>[39m
              [36m<path[39m
                [33md[39m=[32m"M12 5v16"[39m
              [36m/>[39m
              [36m<path[39m
                [33md[39m=[32m"m16 12 2 2 4-4"[39m
              [36m/>[39m
              [36m<path[39m
                [33md[39m=[32m"M22 6V5a2 2 0 00-1.999-2L16 3.002A5 5 0 0012 5a5 5 0 00-4-2H4a2 2 0 00-2 2v12a2 2 0 001.999 2H8a5 5 0 014 2 5 5 0 014-2h4.001A2 2 0 0022 17v-1.344"[39m
              [36m/>[39m
            [36m</svg>[39m
          [36m</div>[39m
          [36m<div>[39m
            [36m<strong>[39m
              [0mTradeReview[0m
            [36m</strong>[39m
            [36m<span>[39m
              [0m历史交易复盘[0m
            [36m</span>[39m
          [36m</div>[39m
        [36m</div>[39m
        [36m<button[39m
          [33maria-controls[39m=[32m"primary-navigation"[39m
          [33maria-expanded[39m=[32m"false"[39m
          [33maria-label[39m=[32m"导航"[39m
          [33mclass[39m=[32m"mobile-nav-trigger"[39m
          [33mtype[39m=[32m"button"[39m
        [36m>[39m
          [36m<svg[39m
            [33maria-hidden[39m=[32m"true"[39m
            [33mclass[39m=[32m"lucide lucide-menu"[39m
            [33mfill[39m=[32m"none"[39m
            [33mheight[39m=[32m"18"[39m
            [33mstroke[39m=[32m"currentColor"[39m
            [33mstroke-linecap[39m=[32m"round"[39m
            [33mstroke-linejoin[39m=[32m"round"[39m
            [33mstroke-width[39m=[32m"2"[39m
            [33mviewBox[39m=[32m"0 0 24 24"[39m
            [33mwidth[39m=[32m"18"[39m
            [33mxmlns[39m=[32m"http://www.w3.org/2000/svg"[39m
          [36m>[39m
            [36m<path[39m
              [33md[39m=[32m"M4 5h16"[39m
            [36m/>[39m
            [36m<path[39m
              [33md[39m=[32m"M4 12h16"[39m
            [36m/>[39m
            [36m<path[39m
              [33md[39m=[32m"M4 19h16"[39m
            [36m/>[39m
          [36m</svg>[39m
          [36m<span>[39m
            [0m导航[0m
          [36m</span>[39m
        [36m</button>[39m
        [36m<nav[39m
          [33maria-label[39m=[32m"主导航"[39m
          [33mclass[39m=[32m"app-nav"[39m
          [33mid[39m=[32m"primary-navigation"[39m
        [36m>[39m
          [36m<button[39m
            [33maria-label[39m=[32m"我的交易室"[39m
            [33mclass[39m=[32m""[39m
            [33mtitle[39m=[32m"我的交易室"[39m
            [33mtype[39m=[32m"button"[39m
          [36m>[39m
            [36m<svg[39m
              [33maria-hidden[39m=[32m"true"[39m
              [33mclass[39m=[32m"lucide lucide-layout-dashboard"[39m
              [33mfill[39m=[32m"none"[39m
              [33mheight[39m=[32m"16"[39m
              [33mstroke[39m=[32m"currentColor"[39m
              [33mstroke-linecap[39m=[32m"round"[39m
              [33mstroke-linejoin[39m=[32m"round"[39m
              [33mstroke-width[39m=[32m"2"[39m
              [33mviewBox[39m=[32m"0 0 24 24"[39m
              [33mwidth[39m=[32m"16"[39m
              [33mxmlns[39m=[32m"http://www.w3.org/2000/svg"[39m
            [36m>[39m
              [36m<rect[39m
                [33mheight[39m=[32m"9"[39m
                [33mrx[39m=[32m"1"[39m
                [33mwidth[39m=[32m"7"[39m
                [33mx[39m=[32m"3"[39m
                [33my[39m=[32m"3"[39m
              [36m/>[39m
              [36m<rect[39m
                [33mheight[39m=[32m"5"[39m
                [33mrx[39m=[32m"1"[39m
                [33mwidth[39m=[32m"7"[39m
                [33mx[39m=[32m"14"[39m
                [33my[39m=[32m"3"[39m
              [36m/>[39m
              [36m<rect[39m
                [33mheight[39m=[32m"9"[39m
                [33mrx[39m=[32m"1"[39m
                [33mwidth[39m=[32m"7"[39m
                [33mx[39m=[32m"14"[39m
                [33my[39m=[32m"12"[39m
              [36m/>[39m
              [36m<rect[39m
                [33mheight[39m=[32m"5"[39m
                [33mrx[39m=[32m"1"[39m
                [33mwidth[39m=[32m"7"[39m
                [33mx[39m=[32m"3"[39m
                [33my[39m=[32m"16"[39m
              [36m/>[39m
            [36m</svg>[39m
            [36m<span[39m
              [33mclass[39m=[32m"app-nav-label"[39m
            [36m>[39m
              [0m我的交易室[0m
            [36m</span>[39m
          [36m</button>[39m
          [36m<button[39m
            [33maria-label[39m=[32m"交易库"[39m
            [33mclass[39m=[32m""[39m
            [33mtitle[39m=[32m"交易库"[39m
            [33mtype[39m=[32m"button"[39m
          [36m>[39m
            [36m<svg[39m
              [33maria-hidden[39m=[32m"true"[39m
              [33mclass[39m=[32m"lucide lucide-book-open-check"[39m
              [33mfill[39m=[32m"none"[39m
              [33mheight[39m=[32m"16"[39m
              [33mstroke[39m=[32m"currentColo...

Ignored nodes: comments, script, style
[36m<body>[39m
  [36m<div>[39m
    [36m<main[39m
      [33mclass[39m=[32m"trade-review-app is-review"[39m
    [36m>[39m
      [36m<input[39m
        [33maccept[39m=[32m".xlsx,.xls,.pdf"[39m
        [33maria-label[39m=[32m"导入交易记录"[39m
        [33mhidden[39m=[32m""[39m
        [33mmultiple[39m=[32m""[39m
        [33mtype[39m=[32m"file"[39m
      [36m/>[39m
      [36m<input[39m
        [33maccept[39m=[32m".csv,text/csv"[39m
        [33maria-label[39m=[32m"导入 TradingView 模拟交易"[39m
        [33mhidden[39m=[32m""[39m
        [33mtype[39m=[32m"file"[39m
      [36m/>[39m
      [36m<input[39m
        [33maccept[39m=[32m"image/jpeg,image/png,image/webp,.jpg,.jpeg,.png,.webp"[39m
        [33maria-label[39m=[32m"从截图恢复交易"[39m
        [33mhidden[39m=[32m""[39m
        [33mmultiple[39m=[32m""[39m
        [33mtype[39m=[32m"file"[39m
      [36m/>[39m
      [36m<aside[39m
        [33maria-label[39m=[32m"主导航"[39m
        [33mclass[39m=[32m"app-header app-sidebar "[39m
      [36m>[39m
        [36m<div[39m
          [33mclass[39m=[32m"brand"[39m
        [36m>[39m
          [36m<div[39m
            [33mclass[39m=[32m"brand-mark"[39m
          [36m>[39m
            [36m<svg[39m
              [33maria-hidden[39m=[32m"true"[39m
              [33mclass[39m=[32m"lucide lucide-book-open-check"[39m
              [33mfill[39m=[32m"none"[39m
              [33mheight[39m=[32m"19"[39m
              [33mstroke[39m=[32m"currentColor"[39m
              [33mstroke-linecap[39m=[32m"round"[39m
              [33mstroke-linejoin[39m=[32m"round"[39m
              [33mstroke-width[39m=[32m"2"[39m
              [33mviewBox[39m=[32m"0 0 24 24"[39m
              [33mwidth[39m=[32m"19"[39m
              [33mxmlns[39m=[32m"http://www.w3.org/2000/svg"[39m
            [36m>[39m
              [36m<path[39m
                [33md[39m=[32m"M12 5v16"[39m
              [36m/>[39m
              [36m<path[39m
                [33md[39m=[32m"m16 12 2 2 4-4"[39m
              [36m/>[39m
              [36m<path[39m
                [33md[39m=[32m"M22 6V5a2 2 0 00-1.999-2L16 3.002A5 5 0 0012 5a5 5 0 00-4-2H4a2 2 0 00-2 2v12a2 2 0 001.999 2H8a5 5 0 014 2 5 5 0 014-2h4.001A2 2 0 0022 17v-1.344"[39m
              [36m/>[39m
            [36m</svg>[39m
          [36m</div>[39m
          [36m<div>[39m
            [36m<strong>[39m
              [0mTradeReview[0m
            [36m</strong>[39m
            [36m<span>[39m
              [0m历史交易复盘[0m
            [36m</span>[39m
          [36m</div>[39m
        [36m</div>[39m
        [36m<button[39m
          [33maria-controls[39m=[32m"primary-navigation"[39m
          [33maria-expanded[39m=[32m"false"[39m
          [33maria-label[39m=[32m"导航"[39m
          [33mclass[39m=[32m"mobile-nav-trigger"[39m
          [33mtype[39m=[32m"button"[39m
        [36m>[39m
          [36m<svg[39m
            [33maria-hidden[39m=[32m"true"[39m
            [33mclass[39m=[32m"lucide lucide-menu"[39m
            [33mfill[39m=[32m"none"[39m
            [33mheight[39m=[32m"18"[39m
            [33mstroke[39m=[32m"currentColor"[39m
            [33mstroke-linecap[39m=[32m"round"[39m
            [33mstroke-linejoin[39m=[32m"round"[39m
            [33mstroke-width[39m=[32m"2"[39m
            [33mviewBox[39m=[32m"0 0 24 24"[39m
            [33mwidth[39m=[32m"18"[39m
            [33mxmlns[39m=[32m"http://www.w3.org/2000/svg"[39m
          [36m>[39m
            [36m<path[39m
              [33md[39m=[32m"M4 5h16"[39m
            [36m/>[39m
            [36m<path[39m
              [33md[39m=[32m"M4 12h16"[39m
            [36m/>[39m
            [36m<path[39m
              [33md[39m=[32m"M4 19h16"[39m
            [36m/>[39m
          [36m</svg>[39m
          [36m<span>[39m
            [0m导航[0m
          [36m</span>[39m
        [36m</button>[39m
        [36m<nav[39m
          [33maria-label[39m=[32m"主导航"[39m
          [33mclass[39m=[32m"app-nav"[39m
          [33mid[39m=[32m"primary-navigation"[39m
        [36m>[39m
          [36m<button[39m
            [33maria-label[39m=[32m"我的交易室"[39m
            [33mclass[39m=[32m""[39m
            [33mtitle[39m=[32m"我的交易室"[39m
            [33mtype[39m=[32m"button"[39m
          [36m>[39m
            [36m<svg[39m
              [33maria-hidden[39m=[32m"true"[39m
              [33mclass[39m=[32m"lucide lucide-layout-dashboard"[39m
              [33mfill[39m=[32m"none"[39m
              [33mheight[39m=[32m"16"[39m
              [33mstroke[39m=[32m"currentColor"[39m
              [33mstroke-linecap[39m=[32m"round"[39m
              [33mstroke-linejoin[39m=[32m"round"[39m
              [33mstroke-width[39m=[32m"2"[39m
              [33mviewBox[39m=[32m"0 0 24 24"[39m
              [33mwidth[39m=[32m"16"[39m
              [33mxmlns[39m=[32m"http://www.w3.org/2000/svg"[39m
            [36m>[39m
              [36m<rect[39m
                [33mheight[39m=[32m"9"[39m
                [33mrx[39m=[32m"1"[39m
                [33mwidth[39m=[32m"7"[39m
                [33mx[39m=[32m"3"[39m
                [33my[39m=[32m"3"[39m
              [36m/>[39m
              [36m<rect[39m
                [33mheight[39m=[32m"5"[39m
                [33mrx[39m=[32m"1"[39m
                [33mwidth[39m=[32m"7"[39m
                [33mx[39m=[32m"14"[39m
                [33my[39m=[32m"3"[39m
              [36m/>[39m
              [36m<rect[39m
                [33mheight[39m=[32m"9"[39m
                [33mrx[39m=[32m"1"[39m
                [33mwidth[39m=[32m"7"[39m
                [33mx[39m=[32m"14"[39m
                [33my[39m=[32m"12"[39m
              [36m/>[39m
              [36m<rect[39m
                [33mheight[39m=[32m"5"[39m
                [33mrx[39m=[32m"1"[39m
                [33mwidth[39m=[32m"7"[39m
                [33mx[39m=[32m"3"[39m
                [33my[39m=[32m"16"[39m
              [36m/>[39m
            [36m</svg>[39m
            [36m<span[39m
              [33mclass[39m=[32m"app-nav-label"[39m
            [36m>[39m
              [0m我的交易室[0m
            [36m</span>[39m
          [36m</button>[39m
          [36m<button[39m
            [33maria-label[39m=[32m"交易库"[39m
            [33mclass[39m=[32m""[39m
            [33mtitle[39m=[32m"交易库"[39m
            [33mtype[39m=[32m"button"[39m
          [36m>[39m
            [36m<svg[39m
              [33maria-hidden[39m=[32m"true"[39m
              [33mclass[39m=[32m"lucide lucide-book-open-check"[39m
              [33mfill[39m=[32m"none"[39m
              [33mheight[39m=[32m"16"[39m
              [33mstroke[39m=[32m"currentColo...
 ❯ waitForWrapper node_modules/@testing-library/dom/dist/wait-for.js:163:27
 ❯ node_modules/@testing-library/dom/dist/query-helpers.js:86:33
 ❯ app/components/trade-review-workspace.refresh.test.tsx:427:18
    425|     expect(await within(dataManagement).findByText("部分可用 1 个标的")).toBe…
    426|     await openDefaultStockRound(user);
    427|     await screen.findByRole("button", { name: "行情数据详情" });
       |                  ^
    428|     await user.click(screen.getByRole("button", { name: "行情数据详情" }));
    429|     const marketDataDetails = await screen.findByRole("dialog", { name…

⎯⎯⎯⎯⎯⎯⎯⎯⎯⎯⎯⎯⎯⎯⎯⎯⎯⎯⎯⎯⎯⎯⎯[1/39]⎯

 FAIL  app/components/trade-review-workspace.test.tsx > TradeReviewWorkspace > returns notification reviews to their real analysis and data sources
TestingLibraryElementError: Unable to find role="button" and name "返回分析"

Ignored nodes: comments, script, style
[36m<body>[39m
  [36m<div>[39m
    [36m<main[39m
      [33mclass[39m=[32m"trade-review-app is-review"[39m
    [36m>[39m
      [36m<input[39m
        [33maccept[39m=[32m".xlsx,.xls,.pdf"[39m
        [33maria-label[39m=[32m"导入交易记录"[39m
        [33mhidden[39m=[32m""[39m
        [33mmultiple[39m=[32m""[39m
        [33mtype[39m=[32m"file"[39m
      [36m/>[39m
      [36m<input[39m
        [33maccept[39m=[32m".csv,text/csv"[39m
        [33maria-label[39m=[32m"导入 TradingView 模拟交易"[39m
        [33mhidden[39m=[32m""[39m
        [33mtype[39m=[32m"file"[39m
      [36m/>[39m
      [36m<input[39m
        [33maccept[39m=[32m"image/jpeg,image/png,image/webp,.jpg,.jpeg,.png,.webp"[39m
        [33maria-label[39m=[32m"从截图恢复交易"[39m
        [33mhidden[39m=[32m""[39m
        [33mmultiple[39m=[32m""[39m
        [33mtype[39m=[32m"file"[39m
      [36m/>[39m
      [36m<aside[39m
        [33maria-label[39m=[32m"主导航"[39m
        [33mclass[39m=[32m"app-header app-sidebar "[39m
      [36m>[39m
        [36m<div[39m
          [33mclass[39m=[32m"brand"[39m
        [36m>[39m
          [36m<div[39m
            [33mclass[39m=[32m"brand-mark"[39m
          [36m>[39m
            [36m<svg[39m
              [33maria-hidden[39m=[32m"true"[39m
              [33mclass[39m=[32m"lucide lucide-book-open-check"[39m
              [33mfill[39m=[32m"none"[39m
              [33mheight[39m=[32m"19"[39m
              [33mstroke[39m=[32m"currentColor"[39m
              [33mstroke-linecap[39m=[32m"round"[39m
              [33mstroke-linejoin[39m=[32m"round"[39m
              [33mstroke-width[39m=[32m"2"[39m
              [33mviewBox[39m=[32m"0 0 24 24"[39m
              [33mwidth[39m=[32m"19"[39m
              [33mxmlns[39m=[32m"http://www.w3.org/2000/svg"[39m
            [36m>[39m
              [36m<path[39m
                [33md[39m=[32m"M12 5v16"[39m
              [36m/>[39m
              [36m<path[39m
                [33md[39m=[32m"m16 12 2 2 4-4"[39m
              [36m/>[39m
              [36m<path[39m
                [33md[39m=[32m"M22 6V5a2 2 0 00-1.999-2L16 3.002A5 5 0 0012 5a5 5 0 00-4-2H4a2 2 0 00-2 2v12a2 2 0 001.999 2H8a5 5 0 014 2 5 5 0 014-2h4.001A2 2 0 0022 17v-1.344"[39m
              [36m/>[39m
            [36m</svg>[39m
          [36m</div>[39m
          [36m<div>[39m
            [36m<strong>[39m
              [0mTradeReview[0m
            [36m</strong>[39m
            [36m<span>[39m
              [0m历史交易复盘[0m
            [36m</span>[39m
          [36m</div>[39m
        [36m</div>[39m
        [36m<button[39m
          [33maria-controls[39m=[32m"primary-navigation"[39m
          [33maria-expanded[39m=[32m"false"[39m
          [33maria-label[39m=[32m"导航"[39m
          [33mclass[39m=[32m"mobile-nav-trigger"[39m
          [33mtype[39m=[32m"button"[39m
        [36m>[39m
          [36m<svg[39m
            [33maria-hidden[39m=[32m"true"[39m
            [33mclass[39m=[32m"lucide lucide-menu"[39m
            [33mfill[39m=[32m"none"[39m
            [33mheight[39m=[32m"18"[39m
            [33mstroke[39m=[32m"currentColor"[39m
            [33mstroke-linecap[39m=[32m"round"[39m
            [33mstroke-linejoin[39m=[32m"round"[39m
            [33mstroke-width[39m=[32m"2"[39m
            [33mviewBox[39m=[32m"0 0 24 24"[39m
            [33mwidth[39m=[32m"18"[39m
            [33mxmlns[39m=[32m"http://www.w3.org/2000/svg"[39m
          [36m>[39m
            [36m<path[39m
              [33md[39m=[32m"M4 5h16"[39m
            [36m/>[39m
            [36m<path[39m
              [33md[39m=[32m"M4 12h16"[39m
            [36m/>[39m
            [36m<path[39m
              [33md[39m=[32m"M4 19h16"[39m
            [36m/>[39m
          [36m</svg>[39m
          [36m<span>[39m
            [0m导航[0m
          [36m</span>[39m
        [36m</button>[39m
        [36m<nav[39m
          [33maria-label[39m=[32m"主导航"[39m
          [33mclass[39m=[32m"app-nav"[39m
          [33mid[39m=[32m"primary-navigation"[39m
        [36m>[39m
          [36m<button[39m
            [33maria-label[39m=[32m"我的交易室"[39m
            [33mclass[39m=[32m""[39m
            [33mtitle[39m=[32m"我的交易室"[39m
            [33mtype[39m=[32m"button"[39m
          [36m>[39m
            [36m<svg[39m
              [33maria-hidden[39m=[32m"true"[39m
              [33mclass[39m=[32m"lucide lucide-layout-dashboard"[39m
              [33mfill[39m=[32m"none"[39m
              [33mheight[39m=[32m"16"[39m
              [33mstroke[39m=[32m"currentColor"[39m
              [33mstroke-linecap[39m=[32m"round"[39m
              [33mstroke-linejoin[39m=[32m"round"[39m
              [33mstroke-width[39m=[32m"2"[39m
              [33mviewBox[39m=[32m"0 0 24 24"[39m
              [33mwidth[39m=[32m"16"[39m
              [33mxmlns[39m=[32m"http://www.w3.org/2000/svg"[39m
            [36m>[39m
              [36m<rect[39m
                [33mheight[39m=[32m"9"[39m
                [33mrx[39m=[32m"1"[39m
                [33mwidth[39m=[32m"7"[39m
                [33mx[39m=[32m"3"[39m
                [33my[39m=[32m"3"[39m
              [36m/>[39m
              [36m<rect[39m
                [33mheight[39m=[32m"5"[39m
                [33mrx[39m=[32m"1"[39m
                [33mwidth[39m=[32m"7"[39m
                [33mx[39m=[32m"14"[39m
                [33my[39m=[32m"3"[39m
              [36m/>[39m
              [36m<rect[39m
                [33mheight[39m=[32m"9"[39m
                [33mrx[39m=[32m"1"[39m
                [33mwidth[39m=[32m"7"[39m
                [33mx[39m=[32m"14"[39m
                [33my[39m=[32m"12"[39m
              [36m/>[39m
              [36m<rect[39m
                [33mheight[39m=[32m"5"[39m
                [33mrx[39m=[32m"1"[39m
                [33mwidth[39m=[32m"7"[39m
                [33mx[39m=[32m"3"[39m
                [33my[39m=[32m"16"[39m
              [36m/>[39m
            [36m</svg>[39m
            [36m<span[39m
              [33mclass[39m=[32m"app-nav-label"[39m
            [36m>[39m
              [0m我的交易室[0m
            [36m</span>[39m
          [36m</button>[39m
          [36m<button[39m
            [33maria-label[39m=[32m"交易库"[39m
            [33mclass[39m=[32m""[39m
            [33mtitle[39m=[32m"交易库"[39m
            [33mtype[39m=[32m"button"[39m
          [36m>[39m
            [36m<svg[39m
              [33maria-hidden[39m=[32m"true"[39m
              [33mclass[39m=[32m"lucide lucide-book-open-check"[39m
              [33mfill[39m=[32m"none"[39m
              [33mheight[39m=[32m"16"[39m
              [33mstroke[39m=[32m"currentColo...

Ignored nodes: comments, script, style
[36m<body>[39m
  [36m<div>[39m
    [36m<main[39m
      [33mclass[39m=[32m"trade-review-app is-review"[39m
    [36m>[39m
      [36m<input[39m
        [33maccept[39m=[32m".xlsx,.xls,.pdf"[39m
        [33maria-label[39m=[32m"导入交易记录"[39m
        [33mhidden[39m=[32m""[39m
        [33mmultiple[39m=[32m""[39m
        [33mtype[39m=[32m"file"[39m
      [36m/>[39m
      [36m<input[39m
        [33maccept[39m=[32m".csv,text/csv"[39m
        [33maria-label[39m=[32m"导入 TradingView 模拟交易"[39m
        [33mhidden[39m=[32m""[39m
        [33mtype[39m=[32m"file"[39m
      [36m/>[39m
      [36m<input[39m
        [33maccept[39m=[32m"image/jpeg,image/png,image/webp,.jpg,.jpeg,.png,.webp"[39m
        [33maria-label[39m=[32m"从截图恢复交易"[39m
        [33mhidden[39m=[32m""[39m
        [33mmultiple[39m=[32m""[39m
        [33mtype[39m=[32m"file"[39m
      [36m/>[39m
      [36m<aside[39m
        [33maria-label[39m=[32m"主导航"[39m
        [33mclass[39m=[32m"app-header app-sidebar "[39m
      [36m>[39m
        [36m<div[39m
          [33mclass[39m=[32m"brand"[39m
        [36m>[39m
          [36m<div[39m
            [33mclass[39m=[32m"brand-mark"[39m
          [36m>[39m
            [36m<svg[39m
              [33maria-hidden[39m=[32m"true"[39m
              [33mclass[39m=[32m"lucide lucide-book-open-check"[39m
              [33mfill[39m=[32m"none"[39m
              [33mheight[39m=[32m"19"[39m
              [33mstroke[39m=[32m"currentColor"[39m
              [33mstroke-linecap[39m=[32m"round"[39m
              [33mstroke-linejoin[39m=[32m"round"[39m
              [33mstroke-width[39m=[32m"2"[39m
              [33mviewBox[39m=[32m"0 0 24 24"[39m
              [33mwidth[39m=[32m"19"[39m
              [33mxmlns[39m=[32m"http://www.w3.org/2000/svg"[39m
            [36m>[39m
              [36m<path[39m
                [33md[39m=[32m"M12 5v16"[39m
              [36m/>[39m
              [36m<path[39m
                [33md[39m=[32m"m16 12 2 2 4-4"[39m
              [36m/>[39m
              [36m<path[39m
                [33md[39m=[32m"M22 6V5a2 2 0 00-1.999-2L16 3.002A5 5 0 0012 5a5 5 0 00-4-2H4a2 2 0 00-2 2v12a2 2 0 001.999 2H8a5 5 0 014 2 5 5 0 014-2h4.001A2 2 0 0022 17v-1.344"[39m
              [36m/>[39m
            [36m</svg>[39m
          [36m</div>[39m
          [36m<div>[39m
            [36m<strong>[39m
              [0mTradeReview[0m
            [36m</strong>[39m
            [36m<span>[39m
              [0m历史交易复盘[0m
            [36m</span>[39m
          [36m</div>[39m
        [36m</div>[39m
        [36m<button[39m
          [33maria-controls[39m=[32m"primary-navigation"[39m
          [33maria-expanded[39m=[32m"false"[39m
          [33maria-label[39m=[32m"导航"[39m
          [33mclass[39m=[32m"mobile-nav-trigger"[39m
          [33mtype[39m=[32m"button"[39m
        [36m>[39m
          [36m<svg[39m
            [33maria-hidden[39m=[32m"true"[39m
            [33mclass[39m=[32m"lucide lucide-menu"[39m
            [33mfill[39m=[32m"none"[39m
            [33mheight[39m=[32m"18"[39m
            [33mstroke[39m=[32m"currentColor"[39m
            [33mstroke-linecap[39m=[32m"round"[39m
            [33mstroke-linejoin[39m=[32m"round"[39m
            [33mstroke-width[39m=[32m"2"[39m
            [33mviewBox[39m=[32m"0 0 24 24"[39m
            [33mwidth[39m=[32m"18"[39m
            [33mxmlns[39m=[32m"http://www.w3.org/2000/svg"[39m
          [36m>[39m
            [36m<path[39m
              [33md[39m=[32m"M4 5h16"[39m
            [36m/>[39m
            [36m<path[39m
              [33md[39m=[32m"M4 12h16"[39m
            [36m/>[39m
            [36m<path[39m
              [33md[39m=[32m"M4 19h16"[39m
            [36m/>[39m
          [36m</svg>[39m
          [36m<span>[39m
            [0m导航[0m
          [36m</span>[39m
        [36m</button>[39m
        [36m<nav[39m
          [33maria-label[39m=[32m"主导航"[39m
          [33mclass[39m=[32m"app-nav"[39m
          [33mid[39m=[32m"primary-navigation"[39m
        [36m>[39m
          [36m<button[39m
            [33maria-label[39m=[32m"我的交易室"[39m
            [33mclass[39m=[32m""[39m
            [33mtitle[39m=[32m"我的交易室"[39m
            [33mtype[39m=[32m"button"[39m
          [36m>[39m
            [36m<svg[39m
              [33maria-hidden[39m=[32m"true"[39m
              [33mclass[39m=[32m"lucide lucide-layout-dashboard"[39m
              [33mfill[39m=[32m"none"[39m
              [33mheight[39m=[32m"16"[39m
              [33mstroke[39m=[32m"currentColor"[39m
              [33mstroke-linecap[39m=[32m"round"[39m
              [33mstroke-linejoin[39m=[32m"round"[39m
              [33mstroke-width[39m=[32m"2"[39m
              [33mviewBox[39m=[32m"0 0 24 24"[39m
              [33mwidth[39m=[32m"16"[39m
              [33mxmlns[39m=[32m"http://www.w3.org/2000/svg"[39m
            [36m>[39m
              [36m<rect[39m
                [33mheight[39m=[32m"9"[39m
                [33mrx[39m=[32m"1"[39m
                [33mwidth[39m=[32m"7"[39m
                [33mx[39m=[32m"3"[39m
                [33my[39m=[32m"3"[39m
              [36m/>[39m
              [36m<rect[39m
                [33mheight[39m=[32m"5"[39m
                [33mrx[39m=[32m"1"[39m
                [33mwidth[39m=[32m"7"[39m
                [33mx[39m=[32m"14"[39m
                [33my[39m=[32m"3"[39m
              [36m/>[39m
              [36m<rect[39m
                [33mheight[39m=[32m"9"[39m
                [33mrx[39m=[32m"1"[39m
                [33mwidth[39m=[32m"7"[39m
                [33mx[39m=[32m"14"[39m
                [33my[39m=[32m"12"[39m
              [36m/>[39m
              [36m<rect[39m
                [33mheight[39m=[32m"5"[39m
                [33mrx[39m=[32m"1"[39m
                [33mwidth[39m=[32m"7"[39m
                [33mx[39m=[32m"3"[39m
                [33my[39m=[32m"16"[39m
              [36m/>[39m
            [36m</svg>[39m
            [36m<span[39m
              [33mclass[39m=[32m"app-nav-label"[39m
            [36m>[39m
              [0m我的交易室[0m
            [36m</span>[39m
          [36m</button>[39m
          [36m<button[39m
            [33maria-label[39m=[32m"交易库"[39m
            [33mclass[39m=[32m""[39m
            [33mtitle[39m=[32m"交易库"[39m
            [33mtype[39m=[32m"button"[39m
          [36m>[39m
            [36m<svg[39m
              [33maria-hidden[39m=[32m"true"[39m
              [33mclass[39m=[32m"lucide lucide-book-open-check"[39m
              [33mfill[39m=[32m"none"[39m
              [33mheight[39m=[32m"16"[39m
              [33mstroke[39m=[32m"currentColo...
 ❯ waitForWrapper node_modules/@testing-library/dom/dist/wait-for.js:163:27
 ❯ node_modules/@testing-library/dom/dist/query-helpers.js:86:33
 ❯ app/components/trade-review-workspace.test.tsx:718:25
    716|     await user.click(screen.getByRole("button", { name: "打开待处理事项" }));
    717|     await user.click(screen.getByRole("button", { name: /已平仓待复盘/ }));
    718|     expect(await screen.findByRole("button", { name: "返回分析" })).toBeIn…
       |                         ^
    719|     await user.click(screen.getByRole("button", { name: "返回分析" }));
    720|     expect(await screen.findByRole("heading", { name: "分析", level: 1 }…

⎯⎯⎯⎯⎯⎯⎯⎯⎯⎯⎯⎯⎯⎯⎯⎯⎯⎯⎯⎯⎯⎯⎯[2/39]⎯

 FAIL  app/components/trade-review-workspace.test.tsx > TradeReviewWorkspace > keeps Recall header actions wired to data management, repair, and return navigation
Error: Test timed out in 5000ms.
If this is a long-running test, pass a timeout value as the last argument or configure it globally with "testTimeout".
 ❯ app/components/trade-review-workspace.test.tsx:892:3
    890|   });
    891|
    892|   it("keeps Recall header actions wired to data management, repair, an…
       |   ^
    893|     const user = userEvent.setup();
    894|     await renderGoldReplay([], undefined, "2026-06-26T02:22:37Z", fals…

⎯⎯⎯⎯⎯⎯⎯⎯⎯⎯⎯⎯⎯⎯⎯⎯⎯⎯⎯⎯⎯⎯⎯[3/39]⎯

 FAIL  app/components/trade-review-workspace.test.tsx > TradeReviewWorkspace > keeps the parent review mounted until a failed navigation save is retried successfully
Error: Test timed out in 5000ms.
If this is a long-running test, pass a timeout value as the last argument or configure it globally with "testTimeout".
 ❯ app/components/trade-review-workspace.test.tsx:958:3
    956|   });
    957|
    958|   it("keeps the parent review mounted until a failed navigation save i…
       |   ^
    959|     const user = userEvent.setup();
    960|     mockRecallRepository.saveError = new Error("review save unavailabl…

⎯⎯⎯⎯⎯⎯⎯⎯⎯⎯⎯⎯⎯⎯⎯⎯⎯⎯⎯⎯⎯⎯⎯[4/39]⎯

 FAIL  app/components/trade-review-workspace.test.tsx > TradeReviewWorkspace > gold replay does not reveal the sale before the first bar is played
TestingLibraryElementError: Unable to find a label with the text of: 图表工具栏

Ignored nodes: comments, script, style
[36m<body>[39m
  [36m<div>[39m
    [36m<main[39m
      [33mclass[39m=[32m"trade-review-app is-review"[39m
    [36m>[39m
      [36m<input[39m
        [33maccept[39m=[32m".xlsx,.xls,.pdf"[39m
        [33maria-label[39m=[32m"导入交易记录"[39m
        [33mhidden[39m=[32m""[39m
        [33mmultiple[39m=[32m""[39m
        [33mtype[39m=[32m"file"[39m
      [36m/>[39m
      [36m<input[39m
        [33maccept[39m=[32m".csv,text/csv"[39m
        [33maria-label[39m=[32m"导入 TradingView 模拟交易"[39m
        [33mhidden[39m=[32m""[39m
        [33mtype[39m=[32m"file"[39m
      [36m/>[39m
      [36m<input[39m
        [33maccept[39m=[32m"image/jpeg,image/png,image/webp,.jpg,.jpeg,.png,.webp"[39m
        [33maria-label[39m=[32m"从截图恢复交易"[39m
        [33mhidden[39m=[32m""[39m
        [33mmultiple[39m=[32m""[39m
        [33mtype[39m=[32m"file"[39m
      [36m/>[39m
      [36m<aside[39m
        [33maria-label[39m=[32m"主导航"[39m
        [33mclass[39m=[32m"app-header app-sidebar "[39m
      [36m>[39m
        [36m<div[39m
          [33mclass[39m=[32m"brand"[39m
        [36m>[39m
          [36m<div[39m
            [33mclass[39m=[32m"brand-mark"[39m
          [36m>[39m
            [36m<svg[39m
              [33maria-hidden[39m=[32m"true"[39m
              [33mclass[39m=[32m"lucide lucide-book-open-check"[39m
              [33mfill[39m=[32m"none"[39m
              [33mheight[39m=[32m"19"[39m
              [33mstroke[39m=[32m"currentColor"[39m
              [33mstroke-linecap[39m=[32m"round"[39m
              [33mstroke-linejoin[39m=[32m"round"[39m
              [33mstroke-width[39m=[32m"2"[39m
              [33mviewBox[39m=[32m"0 0 24 24"[39m
              [33mwidth[39m=[32m"19"[39m
              [33mxmlns[39m=[32m"http://www.w3.org/2000/svg"[39m
            [36m>[39m
              [36m<path[39m
                [33md[39m=[32m"M12 5v16"[39m
              [36m/>[39m
              [36m<path[39m
                [33md[39m=[32m"m16 12 2 2 4-4"[39m
              [36m/>[39m
              [36m<path[39m
                [33md[39m=[32m"M22 6V5a2 2 0 00-1.999-2L16 3.002A5 5 0 0012 5a5 5 0 00-4-2H4a2 2 0 00-2 2v12a2 2 0 001.999 2H8a5 5 0 014 2 5 5 0 014-2h4.001A2 2 0 0022 17v-1.344"[39m
              [36m/>[39m
            [36m</svg>[39m
          [36m</div>[39m
          [36m<div>[39m
            [36m<strong>[39m
              [0mTradeReview[0m
            [36m</strong>[39m
            [36m<span>[39m
              [0m历史交易复盘[0m
            [36m</span>[39m
          [36m</div>[39m
        [36m</div>[39m
        [36m<button[39m
          [33maria-controls[39m=[32m"primary-navigation"[39m
          [33maria-expanded[39m=[32m"false"[39m
          [33maria-label[39m=[32m"导航"[39m
          [33mclass[39m=[32m"mobile-nav-trigger"[39m
          [33mtype[39m=[32m"button"[39m
        [36m>[39m
          [36m<svg[39m
            [33maria-hidden[39m=[32m"true"[39m
            [33mclass[39m=[32m"lucide lucide-menu"[39m
            [33mfill[39m=[32m"none"[39m
            [33mheight[39m=[32m"18"[39m
            [33mstroke[39m=[32m"currentColor"[39m
            [33mstroke-linecap[39m=[32m"round"[39m
            [33mstroke-linejoin[39m=[32m"round"[39m
            [33mstroke-width[39m=[32m"2"[39m
            [33mviewBox[39m=[32m"0 0 24 24"[39m
            [33mwidth[39m=[32m"18"[39m
            [33mxmlns[39m=[32m"http://www.w3.org/2000/svg"[39m
          [36m>[39m
            [36m<path[39m
              [33md[39m=[32m"M4 5h16"[39m
            [36m/>[39m
            [36m<path[39m
              [33md[39m=[32m"M4 12h16"[39m
            [36m/>[39m
            [36m<path[39m
              [33md[39m=[32m"M4 19h16"[39m
            [36m/>[39m
          [36m</svg>[39m
          [36m<span>[39m
            [0m导航[0m
          [36m</span>[39m
        [36m</button>[39m
        [36m<nav[39m
          [33maria-label[39m=[32m"主导航"[39m
          [33mclass[39m=[32m"app-nav"[39m
          [33mid[39m=[32m"primary-navigation"[39m
        [36m>[39m
          [36m<button[39m
            [33maria-label[39m=[32m"我的交易室"[39m
            [33mclass[39m=[32m""[39m
            [33mtitle[39m=[32m"我的交易室"[39m
            [33mtype[39m=[32m"button"[39m
          [36m>[39m
            [36m<svg[39m
              [33maria-hidden[39m=[32m"true"[39m
              [33mclass[39m=[32m"lucide lucide-layout-dashboard"[39m
              [33mfill[39m=[32m"none"[39m
              [33mheight[39m=[32m"16"[39m
              [33mstroke[39m=[32m"currentColor"[39m
              [33mstroke-linecap[39m=[32m"round"[39m
              [33mstroke-linejoin[39m=[32m"round"[39m
              [33mstroke-width[39m=[32m"2"[39m
              [33mviewBox[39m=[32m"0 0 24 24"[39m
              [33mwidth[39m=[32m"16"[39m
              [33mxmlns[39m=[32m"http://www.w3.org/2000/svg"[39m
            [36m>[39m
              [36m<rect[39m
                [33mheight[39m=[32m"9"[39m
                [33mrx[39m=[32m"1"[39m
                [33mwidth[39m=[32m"7"[39m
                [33mx[39m=[32m"3"[39m
                [33my[39m=[32m"3"[39m
              [36m/>[39m
              [36m<rect[39m
                [33mheight[39m=[32m"5"[39m
                [33mrx[39m=[32m"1"[39m
                [33mwidth[39m=[32m"7"[39m
                [33mx[39m=[32m"14"[39m
                [33my[39m=[32m"3"[39m
              [36m/>[39m
              [36m<rect[39m
                [33mheight[39m=[32m"9"[39m
                [33mrx[39m=[32m"1"[39m
                [33mwidth[39m=[32m"7"[39m
                [33mx[39m=[32m"14"[39m
                [33my[39m=[32m"12"[39m
              [36m/>[39m
              [36m<rect[39m
                [33mheight[39m=[32m"5"[39m
                [33mrx[39m=[32m"1"[39m
                [33mwidth[39m=[32m"7"[39m
                [33mx[39m=[32m"3"[39m
                [33my[39m=[32m"16"[39m
              [36m/>[39m
            [36m</svg>[39m
            [36m<span[39m
              [33mclass[39m=[32m"app-nav-label"[39m
            [36m>[39m
              [0m我的交易室[0m
            [36m</span>[39m
          [36m</button>[39m
          [36m<button[39m
            [33maria-label[39m=[32m"交易库"[39m
            [33mclass[39m=[32m""[39m
            [33mtitle[39m=[32m"交易库"[39m
            [33mtype[39m=[32m"button"[39m
          [36m>[39m
            [36m<svg[39m
              [33maria-hidden[39m=[32m"true"[39m
              [33mclass[39m=[32m"lucide lucide-book-open-check"[39m
              [33mfill[39m=[32m"none"[39m
              [33mheight[39m=[32m"16"[39m
              [33mstroke[39m=[32m"currentColo...

Ignored nodes: comments, script, style
[36m<body>[39m
  [36m<div>[39m
    [36m<main[39m
      [33mclass[39m=[32m"trade-review-app is-review"[39m
    [36m>[39m
      [36m<input[39m
        [33maccept[39m=[32m".xlsx,.xls,.pdf"[39m
        [33maria-label[39m=[32m"导入交易记录"[39m
        [33mhidden[39m=[32m""[39m
        [33mmultiple[39m=[32m""[39m
        [33mtype[39m=[32m"file"[39m
      [36m/>[39m
      [36m<input[39m
        [33maccept[39m=[32m".csv,text/csv"[39m
        [33maria-label[39m=[32m"导入 TradingView 模拟交易"[39m
        [33mhidden[39m=[32m""[39m
        [33mtype[39m=[32m"file"[39m
      [36m/>[39m
      [36m<input[39m
        [33maccept[39m=[32m"image/jpeg,image/png,image/webp,.jpg,.jpeg,.png,.webp"[39m
        [33maria-label[39m=[32m"从截图恢复交易"[39m
        [33mhidden[39m=[32m""[39m
        [33mmultiple[39m=[32m""[39m
        [33mtype[39m=[32m"file"[39m
      [36m/>[39m
      [36m<aside[39m
        [33maria-label[39m=[32m"主导航"[39m
        [33mclass[39m=[32m"app-header app-sidebar "[39m
      [36m>[39m
        [36m<div[39m
          [33mclass[39m=[32m"brand"[39m
        [36m>[39m
          [36m<div[39m
            [33mclass[39m=[32m"brand-mark"[39m
          [36m>[39m
            [36m<svg[39m
              [33maria-hidden[39m=[32m"true"[39m
              [33mclass[39m=[32m"lucide lucide-book-open-check"[39m
              [33mfill[39m=[32m"none"[39m
              [33mheight[39m=[32m"19"[39m
              [33mstroke[39m=[32m"currentColor"[39m
              [33mstroke-linecap[39m=[32m"round"[39m
              [33mstroke-linejoin[39m=[32m"round"[39m
              [33mstroke-width[39m=[32m"2"[39m
              [33mviewBox[39m=[32m"0 0 24 24"[39m
              [33mwidth[39m=[32m"19"[39m
              [33mxmlns[39m=[32m"http://www.w3.org/2000/svg"[39m
            [36m>[39m
              [36m<path[39m
                [33md[39m=[32m"M12 5v16"[39m
              [36m/>[39m
              [36m<path[39m
                [33md[39m=[32m"m16 12 2 2 4-4"[39m
              [36m/>[39m
              [36m<path[39m
                [33md[39m=[32m"M22 6V5a2 2 0 00-1.999-2L16 3.002A5 5 0 0012 5a5 5 0 00-4-2H4a2 2 0 00-2 2v12a2 2 0 001.999 2H8a5 5 0 014 2 5 5 0 014-2h4.001A2 2 0 0022 17v-1.344"[39m
              [36m/>[39m
            [36m</svg>[39m
          [36m</div>[39m
          [36m<div>[39m
            [36m<strong>[39m
              [0mTradeReview[0m
            [36m</strong>[39m
            [36m<span>[39m
              [0m历史交易复盘[0m
            [36m</span>[39m
          [36m</div>[39m
        [36m</div>[39m
        [36m<button[39m
          [33maria-controls[39m=[32m"primary-navigation"[39m
          [33maria-expanded[39m=[32m"false"[39m
          [33maria-label[39m=[32m"导航"[39m
          [33mclass[39m=[32m"mobile-nav-trigger"[39m
          [33mtype[39m=[32m"button"[39m
        [36m>[39m
          [36m<svg[39m
            [33maria-hidden[39m=[32m"true"[39m
            [33mclass[39m=[32m"lucide lucide-menu"[39m
            [33mfill[39m=[32m"none"[39m
            [33mheight[39m=[32m"18"[39m
            [33mstroke[39m=[32m"currentColor"[39m
            [33mstroke-linecap[39m=[32m"round"[39m
            [33mstroke-linejoin[39m=[32m"round"[39m
            [33mstroke-width[39m=[32m"2"[39m
            [33mviewBox[39m=[32m"0 0 24 24"[39m
            [33mwidth[39m=[32m"18"[39m
            [33mxmlns[39m=[32m"http://www.w3.org/2000/svg"[39m
          [36m>[39m
            [36m<path[39m
              [33md[39m=[32m"M4 5h16"[39m
            [36m/>[39m
            [36m<path[39m
              [33md[39m=[32m"M4 12h16"[39m
            [36m/>[39m
            [36m<path[39m
              [33md[39m=[32m"M4 19h16"[39m
            [36m/>[39m
          [36m</svg>[39m
          [36m<span>[39m
            [0m导航[0m
          [36m</span>[39m
        [36m</button>[39m
        [36m<nav[39m
          [33maria-label[39m=[32m"主导航"[39m
          [33mclass[39m=[32m"app-nav"[39m
          [33mid[39m=[32m"primary-navigation"[39m
        [36m>[39m
          [36m<button[39m
            [33maria-label[39m=[32m"我的交易室"[39m
            [33mclass[39m=[32m""[39m
            [33mtitle[39m=[32m"我的交易室"[39m
            [33mtype[39m=[32m"button"[39m
          [36m>[39m
            [36m<svg[39m
              [33maria-hidden[39m=[32m"true"[39m
              [33mclass[39m=[32m"lucide lucide-layout-dashboard"[39m
              [33mfill[39m=[32m"none"[39m
              [33mheight[39m=[32m"16"[39m
              [33mstroke[39m=[32m"currentColor"[39m
              [33mstroke-linecap[39m=[32m"round"[39m
              [33mstroke-linejoin[39m=[32m"round"[39m
              [33mstroke-width[39m=[32m"2"[39m
              [33mviewBox[39m=[32m"0 0 24 24"[39m
              [33mwidth[39m=[32m"16"[39m
              [33mxmlns[39m=[32m"http://www.w3.org/2000/svg"[39m
            [36m>[39m
              [36m<rect[39m
                [33mheight[39m=[32m"9"[39m
                [33mrx[39m=[32m"1"[39m
                [33mwidth[39m=[32m"7"[39m
                [33mx[39m=[32m"3"[39m
                [33my[39m=[32m"3"[39m
              [36m/>[39m
              [36m<rect[39m
                [33mheight[39m=[32m"5"[39m
                [33mrx[39m=[32m"1"[39m
                [33mwidth[39m=[32m"7"[39m
                [33mx[39m=[32m"14"[39m
                [33my[39m=[32m"3"[39m
              [36m/>[39m
              [36m<rect[39m
                [33mheight[39m=[32m"9"[39m
                [33mrx[39m=[32m"1"[39m
                [33mwidth[39m=[32m"7"[39m
                [33mx[39m=[32m"14"[39m
                [33my[39m=[32m"12"[39m
              [36m/>[39m
              [36m<rect[39m
                [33mheight[39m=[32m"5"[39m
                [33mrx[39m=[32m"1"[39m
                [33mwidth[39m=[32m"7"[39m
                [33mx[39m=[32m"3"[39m
                [33my[39m=[32m"16"[39m
              [36m/>[39m
            [36m</svg>[39m
            [36m<span[39m
              [33mclass[39m=[32m"app-nav-label"[39m
            [36m>[39m
              [0m我的交易室[0m
            [36m</span>[39m
          [36m</button>[39m
          [36m<button[39m
            [33maria-label[39m=[32m"交易库"[39m
            [33mclass[39m=[32m""[39m
            [33mtitle[39m=[32m"交易库"[39m
            [33mtype[39m=[32m"button"[39m
          [36m>[39m
            [36m<svg[39m
              [33maria-hidden[39m=[32m"true"[39m
              [33mclass[39m=[32m"lucide lucide-book-open-check"[39m
              [33mfill[39m=[32m"none"[39m
              [33mheight[39m=[32m"16"[39m
              [33mstroke[39m=[32m"currentColo...
 ❯ waitForWrapper node_modules/@testing-library/dom/dist/wait-for.js:163:27
 ❯ node_modules/@testing-library/dom/dist/query-helpers.js:86:33
 ❯ enterImportedReviewFromDashboard app/components/trade-review-workspace.test.tsx:1040:18
    1038|     if (!round) throw new Error("目标标的没有可打开的交易回合");
    1039|     await user.click(round);
    1040|     await screen.findByLabelText("图表工具栏");
       |                  ^
    1041|   }
    1042|
 ❯ renderGoldReplay app/components/trade-review-workspace.test.tsx:861:7
 ❯ app/components/trade-review-workspace.test.tsx:1505:5

⎯⎯⎯⎯⎯⎯⎯⎯⎯⎯⎯⎯⎯⎯⎯⎯⎯⎯⎯⎯⎯⎯⎯[5/39]⎯

 FAIL  app/components/trade-review-workspace.test.tsx > TradeReviewWorkspace > gold replay explains missing historical bars when stepping its first available day
TestingLibraryElementError: Unable to find a label with the text of: 图表工具栏

Ignored nodes: comments, script, style
[36m<body>[39m
  [36m<div>[39m
    [36m<main[39m
      [33mclass[39m=[32m"trade-review-app is-review"[39m
    [36m>[39m
      [36m<input[39m
        [33maccept[39m=[32m".xlsx,.xls,.pdf"[39m
        [33maria-label[39m=[32m"导入交易记录"[39m
        [33mhidden[39m=[32m""[39m
        [33mmultiple[39m=[32m""[39m
        [33mtype[39m=[32m"file"[39m
      [36m/>[39m
      [36m<input[39m
        [33maccept[39m=[32m".csv,text/csv"[39m
        [33maria-label[39m=[32m"导入 TradingView 模拟交易"[39m
        [33mhidden[39m=[32m""[39m
        [33mtype[39m=[32m"file"[39m
      [36m/>[39m
      [36m<input[39m
        [33maccept[39m=[32m"image/jpeg,image/png,image/webp,.jpg,.jpeg,.png,.webp"[39m
        [33maria-label[39m=[32m"从截图恢复交易"[39m
        [33mhidden[39m=[32m""[39m
        [33mmultiple[39m=[32m""[39m
        [33mtype[39m=[32m"file"[39m
      [36m/>[39m
      [36m<aside[39m
        [33maria-label[39m=[32m"主导航"[39m
        [33mclass[39m=[32m"app-header app-sidebar "[39m
      [36m>[39m
        [36m<div[39m
          [33mclass[39m=[32m"brand"[39m
        [36m>[39m
          [36m<div[39m
            [33mclass[39m=[32m"brand-mark"[39m
          [36m>[39m
            [36m<svg[39m
              [33maria-hidden[39m=[32m"true"[39m
              [33mclass[39m=[32m"lucide lucide-book-open-check"[39m
              [33mfill[39m=[32m"none"[39m
              [33mheight[39m=[32m"19"[39m
              [33mstroke[39m=[32m"currentColor"[39m
              [33mstroke-linecap[39m=[32m"round"[39m
              [33mstroke-linejoin[39m=[32m"round"[39m
              [33mstroke-width[39m=[32m"2"[39m
              [33mviewBox[39m=[32m"0 0 24 24"[39m
              [33mwidth[39m=[32m"19"[39m
              [33mxmlns[39m=[32m"http://www.w3.org/2000/svg"[39m
            [36m>[39m
              [36m<path[39m
                [33md[39m=[32m"M12 5v16"[39m
              [36m/>[39m
              [36m<path[39m
                [33md[39m=[32m"m16 12 2 2 4-4"[39m
              [36m/>[39m
              [36m<path[39m
                [33md[39m=[32m"M22 6V5a2 2 0 00-1.999-2L16 3.002A5 5 0 0012 5a5 5 0 00-4-2H4a2 2 0 00-2 2v12a2 2 0 001.999 2H8a5 5 0 014 2 5 5 0 014-2h4.001A2 2 0 0022 17v-1.344"[39m
              [36m/>[39m
            [36m</svg>[39m
          [36m</div>[39m
          [36m<div>[39m
            [36m<strong>[39m
              [0mTradeReview[0m
            [36m</strong>[39m
            [36m<span>[39m
              [0m历史交易复盘[0m
            [36m</span>[39m
          [36m</div>[39m
        [36m</div>[39m
        [36m<button[39m
          [33maria-controls[39m=[32m"primary-navigation"[39m
          [33maria-expanded[39m=[32m"false"[39m
          [33maria-label[39m=[32m"导航"[39m
          [33mclass[39m=[32m"mobile-nav-trigger"[39m
          [33mtype[39m=[32m"button"[39m
        [36m>[39m
          [36m<svg[39m
            [33maria-hidden[39m=[32m"true"[39m
            [33mclass[39m=[32m"lucide lucide-menu"[39m
            [33mfill[39m=[32m"none"[39m
            [33mheight[39m=[32m"18"[39m
            [33mstroke[39m=[32m"currentColor"[39m
            [33mstroke-linecap[39m=[32m"round"[39m
            [33mstroke-linejoin[39m=[32m"round"[39m
            [33mstroke-width[39m=[32m"2"[39m
            [33mviewBox[39m=[32m"0 0 24 24"[39m
            [33mwidth[39m=[32m"18"[39m
            [33mxmlns[39m=[32m"http://www.w3.org/2000/svg"[39m
          [36m>[39m
            [36m<path[39m
              [33md[39m=[32m"M4 5h16"[39m
            [36m/>[39m
            [36m<path[39m
              [33md[39m=[32m"M4 12h16"[39m
            [36m/>[39m
            [36m<path[39m
              [33md[39m=[32m"M4 19h16"[39m
            [36m/>[39m
          [36m</svg>[39m
          [36m<span>[39m
            [0m导航[0m
          [36m</span>[39m
        [36m</button>[39m
        [36m<nav[39m
          [33maria-label[39m=[32m"主导航"[39m
          [33mclass[39m=[32m"app-nav"[39m
          [33mid[39m=[32m"primary-navigation"[39m
        [36m>[39m
          [36m<button[39m
            [33maria-label[39m=[32m"我的交易室"[39m
            [33mclass[39m=[32m""[39m
            [33mtitle[39m=[32m"我的交易室"[39m
            [33mtype[39m=[32m"button"[39m
          [36m>[39m
            [36m<svg[39m
              [33maria-hidden[39m=[32m"true"[39m
              [33mclass[39m=[32m"lucide lucide-layout-dashboard"[39m
              [33mfill[39m=[32m"none"[39m
              [33mheight[39m=[32m"16"[39m
              [33mstroke[39m=[32m"currentColor"[39m
              [33mstroke-linecap[39m=[32m"round"[39m
              [33mstroke-linejoin[39m=[32m"round"[39m
              [33mstroke-width[39m=[32m"2"[39m
              [33mviewBox[39m=[32m"0 0 24 24"[39m
              [33mwidth[39m=[32m"16"[39m
              [33mxmlns[39m=[32m"http://www.w3.org/2000/svg"[39m
            [36m>[39m
              [36m<rect[39m
                [33mheight[39m=[32m"9"[39m
                [33mrx[39m=[32m"1"[39m
                [33mwidth[39m=[32m"7"[39m
                [33mx[39m=[32m"3"[39m
                [33my[39m=[32m"3"[39m
              [36m/>[39m
              [36m<rect[39m
                [33mheight[39m=[32m"5"[39m
                [33mrx[39m=[32m"1"[39m
                [33mwidth[39m=[32m"7"[39m
                [33mx[39m=[32m"14"[39m
                [33my[39m=[32m"3"[39m
              [36m/>[39m
              [36m<rect[39m
                [33mheight[39m=[32m"9"[39m
                [33mrx[39m=[32m"1"[39m
                [33mwidth[39m=[32m"7"[39m
                [33mx[39m=[32m"14"[39m
                [33my[39m=[32m"12"[39m
              [36m/>[39m
              [36m<rect[39m
                [33mheight[39m=[32m"5"[39m
                [33mrx[39m=[32m"1"[39m
                [33mwidth[39m=[32m"7"[39m
                [33mx[39m=[32m"3"[39m
                [33my[39m=[32m"16"[39m
              [36m/>[39m
            [36m</svg>[39m
            [36m<span[39m
              [33mclass[39m=[32m"app-nav-label"[39m
            [36m>[39m
              [0m我的交易室[0m
            [36m</span>[39m
          [36m</button>[39m
          [36m<button[39m
            [33maria-label[39m=[32m"交易库"[39m
            [33mclass[39m=[32m""[39m
            [33mtitle[39m=[32m"交易库"[39m
            [33mtype[39m=[32m"button"[39m
          [36m>[39m
            [36m<svg[39m
              [33maria-hidden[39m=[32m"true"[39m
              [33mclass[39m=[32m"lucide lucide-book-open-check"[39m
              [33mfill[39m=[32m"none"[39m
              [33mheight[39m=[32m"16"[39m
              [33mstroke[39m=[32m"currentColo...

Ignored nodes: comments, script, style
[36m<body>[39m
  [36m<div>[39m
    [36m<main[39m
      [33mclass[39m=[32m"trade-review-app is-review"[39m
    [36m>[39m
      [36m<input[39m
        [33maccept[39m=[32m".xlsx,.xls,.pdf"[39m
        [33maria-label[39m=[32m"导入交易记录"[39m
        [33mhidden[39m=[32m""[39m
        [33mmultiple[39m=[32m""[39m
        [33mtype[39m=[32m"file"[39m
      [36m/>[39m
      [36m<input[39m
        [33maccept[39m=[32m".csv,text/csv"[39m
        [33maria-label[39m=[32m"导入 TradingView 模拟交易"[39m
        [33mhidden[39m=[32m""[39m
        [33mtype[39m=[32m"file"[39m
      [36m/>[39m
      [36m<input[39m
        [33maccept[39m=[32m"image/jpeg,image/png,image/webp,.jpg,.jpeg,.png,.webp"[39m
        [33maria-label[39m=[32m"从截图恢复交易"[39m
        [33mhidden[39m=[32m""[39m
        [33mmultiple[39m=[32m""[39m
        [33mtype[39m=[32m"file"[39m
      [36m/>[39m
      [36m<aside[39m
        [33maria-label[39m=[32m"主导航"[39m
        [33mclass[39m=[32m"app-header app-sidebar "[39m
      [36m>[39m
        [36m<div[39m
          [33mclass[39m=[32m"brand"[39m
        [36m>[39m
          [36m<div[39m
            [33mclass[39m=[32m"brand-mark"[39m
          [36m>[39m
            [36m<svg[39m
              [33maria-hidden[39m=[32m"true"[39m
              [33mclass[39m=[32m"lucide lucide-book-open-check"[39m
              [33mfill[39m=[32m"none"[39m
              [33mheight[39m=[32m"19"[39m
              [33mstroke[39m=[32m"currentColor"[39m
              [33mstroke-linecap[39m=[32m"round"[39m
              [33mstroke-linejoin[39m=[32m"round"[39m
              [33mstroke-width[39m=[32m"2"[39m
              [33mviewBox[39m=[32m"0 0 24 24"[39m
              [33mwidth[39m=[32m"19"[39m
              [33mxmlns[39m=[32m"http://www.w3.org/2000/svg"[39m
            [36m>[39m
              [36m<path[39m
                [33md[39m=[32m"M12 5v16"[39m
              [36m/>[39m
              [36m<path[39m
                [33md[39m=[32m"m16 12 2 2 4-4"[39m
              [36m/>[39m
              [36m<path[39m
                [33md[39m=[32m"M22 6V5a2 2 0 00-1.999-2L16 3.002A5 5 0 0012 5a5 5 0 00-4-2H4a2 2 0 00-2 2v12a2 2 0 001.999 2H8a5 5 0 014 2 5 5 0 014-2h4.001A2 2 0 0022 17v-1.344"[39m
              [36m/>[39m
            [36m</svg>[39m
          [36m</div>[39m
          [36m<div>[39m
            [36m<strong>[39m
              [0mTradeReview[0m
            [36m</strong>[39m
            [36m<span>[39m
              [0m历史交易复盘[0m
            [36m</span>[39m
          [36m</div>[39m
        [36m</div>[39m
        [36m<button[39m
          [33maria-controls[39m=[32m"primary-navigation"[39m
          [33maria-expanded[39m=[32m"false"[39m
          [33maria-label[39m=[32m"导航"[39m
          [33mclass[39m=[32m"mobile-nav-trigger"[39m
          [33mtype[39m=[32m"button"[39m
        [36m>[39m
          [36m<svg[39m
            [33maria-hidden[39m=[32m"true"[39m
            [33mclass[39m=[32m"lucide lucide-menu"[39m
            [33mfill[39m=[32m"none"[39m
            [33mheight[39m=[32m"18"[39m
            [33mstroke[39m=[32m"currentColor"[39m
            [33mstroke-linecap[39m=[32m"round"[39m
            [33mstroke-linejoin[39m=[32m"round"[39m
            [33mstroke-width[39m=[32m"2"[39m
            [33mviewBox[39m=[32m"0 0 24 24"[39m
            [33mwidth[39m=[32m"18"[39m
            [33mxmlns[39m=[32m"http://www.w3.org/2000/svg"[39m
          [36m>[39m
            [36m<path[39m
              [33md[39m=[32m"M4 5h16"[39m
            [36m/>[39m
            [36m<path[39m
              [33md[39m=[32m"M4 12h16"[39m
            [36m/>[39m
            [36m<path[39m
              [33md[39m=[32m"M4 19h16"[39m
            [36m/>[39m
          [36m</svg>[39m
          [36m<span>[39m
            [0m导航[0m
          [36m</span>[39m
        [36m</button>[39m
        [36m<nav[39m
          [33maria-label[39m=[32m"主导航"[39m
          [33mclass[39m=[32m"app-nav"[39m
          [33mid[39m=[32m"primary-navigation"[39m
        [36m>[39m
          [36m<button[39m
            [33maria-label[39m=[32m"我的交易室"[39m
            [33mclass[39m=[32m""[39m
            [33mtitle[39m=[32m"我的交易室"[39m
            [33mtype[39m=[32m"button"[39m
          [36m>[39m
            [36m<svg[39m
              [33maria-hidden[39m=[32m"true"[39m
              [33mclass[39m=[32m"lucide lucide-layout-dashboard"[39m
              [33mfill[39m=[32m"none"[39m
              [33mheight[39m=[32m"16"[39m
              [33mstroke[39m=[32m"currentColor"[39m
              [33mstroke-linecap[39m=[32m"round"[39m
              [33mstroke-linejoin[39m=[32m"round"[39m
              [33mstroke-width[39m=[32m"2"[39m
              [33mviewBox[39m=[32m"0 0 24 24"[39m
              [33mwidth[39m=[32m"16"[39m
              [33mxmlns[39m=[32m"http://www.w3.org/2000/svg"[39m
            [36m>[39m
              [36m<rect[39m
                [33mheight[39m=[32m"9"[39m
                [33mrx[39m=[32m"1"[39m
                [33mwidth[39m=[32m"7"[39m
                [33mx[39m=[32m"3"[39m
                [33my[39m=[32m"3"[39m
              [36m/>[39m
              [36m<rect[39m
                [33mheight[39m=[32m"5"[39m
                [33mrx[39m=[32m"1"[39m
                [33mwidth[39m=[32m"7"[39m
                [33mx[39m=[32m"14"[39m
                [33my[39m=[32m"3"[39m
              [36m/>[39m
              [36m<rect[39m
                [33mheight[39m=[32m"9"[39m
                [33mrx[39m=[32m"1"[39m
                [33mwidth[39m=[32m"7"[39m
                [33mx[39m=[32m"14"[39m
                [33my[39m=[32m"12"[39m
              [36m/>[39m
              [36m<rect[39m
                [33mheight[39m=[32m"5"[39m
                [33mrx[39m=[32m"1"[39m
                [33mwidth[39m=[32m"7"[39m
                [33mx[39m=[32m"3"[39m
                [33my[39m=[32m"16"[39m
              [36m/>[39m
            [36m</svg>[39m
            [36m<span[39m
              [33mclass[39m=[32m"app-nav-label"[39m
            [36m>[39m
              [0m我的交易室[0m
            [36m</span>[39m
          [36m</button>[39m
          [36m<button[39m
            [33maria-label[39m=[32m"交易库"[39m
            [33mclass[39m=[32m""[39m
            [33mtitle[39m=[32m"交易库"[39m
            [33mtype[39m=[32m"button"[39m
          [36m>[39m
            [36m<svg[39m
              [33maria-hidden[39m=[32m"true"[39m
              [33mclass[39m=[32m"lucide lucide-book-open-check"[39m
              [33mfill[39m=[32m"none"[39m
              [33mheight[39m=[32m"16"[39m
              [33mstroke[39m=[32m"currentColo...
 ❯ waitForWrapper node_modules/@testing-library/dom/dist/wait-for.js:163:27
 ❯ node_modules/@testing-library/dom/dist/query-helpers.js:86:33
 ❯ enterImportedReviewFromDashboard app/components/trade-review-workspace.test.tsx:1040:18
    1038|     if (!round) throw new Error("目标标的没有可打开的交易回合");
    1039|     await user.click(round);
    1040|     await screen.findByLabelText("图表工具栏");
       |                  ^
    1041|   }
    1042|
 ❯ renderGoldReplay app/components/trade-review-workspace.test.tsx:861:7
 ❯ app/components/trade-review-workspace.test.tsx:1512:5

⎯⎯⎯⎯⎯⎯⎯⎯⎯⎯⎯⎯⎯⎯⎯⎯⎯⎯⎯⎯⎯⎯⎯[6/39]⎯

 FAIL  app/components/trade-review-workspace.test.tsx > TradeReviewWorkspace > gold replay keeps cached historical bars before and after its first step
TestingLibraryElementError: Unable to find a label with the text of: 图表工具栏

Ignored nodes: comments, script, style
[36m<body>[39m
  [36m<div>[39m
    [36m<main[39m
      [33mclass[39m=[32m"trade-review-app is-review"[39m
    [36m>[39m
      [36m<input[39m
        [33maccept[39m=[32m".xlsx,.xls,.pdf"[39m
        [33maria-label[39m=[32m"导入交易记录"[39m
        [33mhidden[39m=[32m""[39m
        [33mmultiple[39m=[32m""[39m
        [33mtype[39m=[32m"file"[39m
      [36m/>[39m
      [36m<input[39m
        [33maccept[39m=[32m".csv,text/csv"[39m
        [33maria-label[39m=[32m"导入 TradingView 模拟交易"[39m
        [33mhidden[39m=[32m""[39m
        [33mtype[39m=[32m"file"[39m
      [36m/>[39m
      [36m<input[39m
        [33maccept[39m=[32m"image/jpeg,image/png,image/webp,.jpg,.jpeg,.png,.webp"[39m
        [33maria-label[39m=[32m"从截图恢复交易"[39m
        [33mhidden[39m=[32m""[39m
        [33mmultiple[39m=[32m""[39m
        [33mtype[39m=[32m"file"[39m
      [36m/>[39m
      [36m<aside[39m
        [33maria-label[39m=[32m"主导航"[39m
        [33mclass[39m=[32m"app-header app-sidebar "[39m
      [36m>[39m
        [36m<div[39m
          [33mclass[39m=[32m"brand"[39m
        [36m>[39m
          [36m<div[39m
            [33mclass[39m=[32m"brand-mark"[39m
          [36m>[39m
            [36m<svg[39m
              [33maria-hidden[39m=[32m"true"[39m
              [33mclass[39m=[32m"lucide lucide-book-open-check"[39m
              [33mfill[39m=[32m"none"[39m
              [33mheight[39m=[32m"19"[39m
              [33mstroke[39m=[32m"currentColor"[39m
              [33mstroke-linecap[39m=[32m"round"[39m
              [33mstroke-linejoin[39m=[32m"round"[39m
              [33mstroke-width[39m=[32m"2"[39m
              [33mviewBox[39m=[32m"0 0 24 24"[39m
              [33mwidth[39m=[32m"19"[39m
              [33mxmlns[39m=[32m"http://www.w3.org/2000/svg"[39m
            [36m>[39m
              [36m<path[39m
                [33md[39m=[32m"M12 5v16"[39m
              [36m/>[39m
              [36m<path[39m
                [33md[39m=[32m"m16 12 2 2 4-4"[39m
              [36m/>[39m
              [36m<path[39m
                [33md[39m=[32m"M22 6V5a2 2 0 00-1.999-2L16 3.002A5 5 0 0012 5a5 5 0 00-4-2H4a2 2 0 00-2 2v12a2 2 0 001.999 2H8a5 5 0 014 2 5 5 0 014-2h4.001A2 2 0 0022 17v-1.344"[39m
              [36m/>[39m
            [36m</svg>[39m
          [36m</div>[39m
          [36m<div>[39m
            [36m<strong>[39m
              [0mTradeReview[0m
            [36m</strong>[39m
            [36m<span>[39m
              [0m历史交易复盘[0m
            [36m</span>[39m
          [36m</div>[39m
        [36m</div>[39m
        [36m<button[39m
          [33maria-controls[39m=[32m"primary-navigation"[39m
          [33maria-expanded[39m=[32m"false"[39m
          [33maria-label[39m=[32m"导航"[39m
          [33mclass[39m=[32m"mobile-nav-trigger"[39m
          [33mtype[39m=[32m"button"[39m
        [36m>[39m
          [36m<svg[39m
            [33maria-hidden[39m=[32m"true"[39m
            [33mclass[39m=[32m"lucide lucide-menu"[39m
            [33mfill[39m=[32m"none"[39m
            [33mheight[39m=[32m"18"[39m
            [33mstroke[39m=[32m"currentColor"[39m
            [33mstroke-linecap[39m=[32m"round"[39m
            [33mstroke-linejoin[39m=[32m"round"[39m
            [33mstroke-width[39m=[32m"2"[39m
            [33mviewBox[39m=[32m"0 0 24 24"[39m
            [33mwidth[39m=[32m"18"[39m
            [33mxmlns[39m=[32m"http://www.w3.org/2000/svg"[39m
          [36m>[39m
            [36m<path[39m
              [33md[39m=[32m"M4 5h16"[39m
            [36m/>[39m
            [36m<path[39m
              [33md[39m=[32m"M4 12h16"[39m
            [36m/>[39m
            [36m<path[39m
              [33md[39m=[32m"M4 19h16"[39m
            [36m/>[39m
          [36m</svg>[39m
          [36m<span>[39m
            [0m导航[0m
          [36m</span>[39m
        [36m</button>[39m
        [36m<nav[39m
          [33maria-label[39m=[32m"主导航"[39m
          [33mclass[39m=[32m"app-nav"[39m
          [33mid[39m=[32m"primary-navigation"[39m
        [36m>[39m
          [36m<button[39m
            [33maria-label[39m=[32m"我的交易室"[39m
            [33mclass[39m=[32m""[39m
            [33mtitle[39m=[32m"我的交易室"[39m
            [33mtype[39m=[32m"button"[39m
          [36m>[39m
            [36m<svg[39m
              [33maria-hidden[39m=[32m"true"[39m
              [33mclass[39m=[32m"lucide lucide-layout-dashboard"[39m
              [33mfill[39m=[32m"none"[39m
              [33mheight[39m=[32m"16"[39m
              [33mstroke[39m=[32m"currentColor"[39m
              [33mstroke-linecap[39m=[32m"round"[39m
              [33mstroke-linejoin[39m=[32m"round"[39m
              [33mstroke-width[39m=[32m"2"[39m
              [33mviewBox[39m=[32m"0 0 24 24"[39m
              [33mwidth[39m=[32m"16"[39m
              [33mxmlns[39m=[32m"http://www.w3.org/2000/svg"[39m
            [36m>[39m
              [36m<rect[39m
                [33mheight[39m=[32m"9"[39m
                [33mrx[39m=[32m"1"[39m
                [33mwidth[39m=[32m"7"[39m
                [33mx[39m=[32m"3"[39m
                [33my[39m=[32m"3"[39m
              [36m/>[39m
              [36m<rect[39m
                [33mheight[39m=[32m"5"[39m
                [33mrx[39m=[32m"1"[39m
                [33mwidth[39m=[32m"7"[39m
                [33mx[39m=[32m"14"[39m
                [33my[39m=[32m"3"[39m
              [36m/>[39m
              [36m<rect[39m
                [33mheight[39m=[32m"9"[39m
                [33mrx[39m=[32m"1"[39m
                [33mwidth[39m=[32m"7"[39m
                [33mx[39m=[32m"14"[39m
                [33my[39m=[32m"12"[39m
              [36m/>[39m
              [36m<rect[39m
                [33mheight[39m=[32m"5"[39m
                [33mrx[39m=[32m"1"[39m
                [33mwidth[39m=[32m"7"[39m
                [33mx[39m=[32m"3"[39m
                [33my[39m=[32m"16"[39m
              [36m/>[39m
            [36m</svg>[39m
            [36m<span[39m
              [33mclass[39m=[32m"app-nav-label"[39m
            [36m>[39m
              [0m我的交易室[0m
            [36m</span>[39m
          [36m</button>[39m
          [36m<button[39m
            [33maria-label[39m=[32m"交易库"[39m
            [33mclass[39m=[32m""[39m
            [33mtitle[39m=[32m"交易库"[39m
            [33mtype[39m=[32m"button"[39m
          [36m>[39m
            [36m<svg[39m
              [33maria-hidden[39m=[32m"true"[39m
              [33mclass[39m=[32m"lucide lucide-book-open-check"[39m
              [33mfill[39m=[32m"none"[39m
              [33mheight[39m=[32m"16"[39m
              [33mstroke[39m=[32m"currentColo...

Ignored nodes: comments, script, style
[36m<body>[39m
  [36m<div>[39m
    [36m<main[39m
      [33mclass[39m=[32m"trade-review-app is-review"[39m
    [36m>[39m
      [36m<input[39m
        [33maccept[39m=[32m".xlsx,.xls,.pdf"[39m
        [33maria-label[39m=[32m"导入交易记录"[39m
        [33mhidden[39m=[32m""[39m
        [33mmultiple[39m=[32m""[39m
        [33mtype[39m=[32m"file"[39m
      [36m/>[39m
      [36m<input[39m
        [33maccept[39m=[32m".csv,text/csv"[39m
        [33maria-label[39m=[32m"导入 TradingView 模拟交易"[39m
        [33mhidden[39m=[32m""[39m
        [33mtype[39m=[32m"file"[39m
      [36m/>[39m
      [36m<input[39m
        [33maccept[39m=[32m"image/jpeg,image/png,image/webp,.jpg,.jpeg,.png,.webp"[39m
        [33maria-label[39m=[32m"从截图恢复交易"[39m
        [33mhidden[39m=[32m""[39m
        [33mmultiple[39m=[32m""[39m
        [33mtype[39m=[32m"file"[39m
      [36m/>[39m
      [36m<aside[39m
        [33maria-label[39m=[32m"主导航"[39m
        [33mclass[39m=[32m"app-header app-sidebar "[39m
      [36m>[39m
        [36m<div[39m
          [33mclass[39m=[32m"brand"[39m
        [36m>[39m
          [36m<div[39m
            [33mclass[39m=[32m"brand-mark"[39m
          [36m>[39m
            [36m<svg[39m
              [33maria-hidden[39m=[32m"true"[39m
              [33mclass[39m=[32m"lucide lucide-book-open-check"[39m
              [33mfill[39m=[32m"none"[39m
              [33mheight[39m=[32m"19"[39m
              [33mstroke[39m=[32m"currentColor"[39m
              [33mstroke-linecap[39m=[32m"round"[39m
              [33mstroke-linejoin[39m=[32m"round"[39m
              [33mstroke-width[39m=[32m"2"[39m
              [33mviewBox[39m=[32m"0 0 24 24"[39m
              [33mwidth[39m=[32m"19"[39m
              [33mxmlns[39m=[32m"http://www.w3.org/2000/svg"[39m
            [36m>[39m
              [36m<path[39m
                [33md[39m=[32m"M12 5v16"[39m
              [36m/>[39m
              [36m<path[39m
                [33md[39m=[32m"m16 12 2 2 4-4"[39m
              [36m/>[39m
              [36m<path[39m
                [33md[39m=[32m"M22 6V5a2 2 0 00-1.999-2L16 3.002A5 5 0 0012 5a5 5 0 00-4-2H4a2 2 0 00-2 2v12a2 2 0 001.999 2H8a5 5 0 014 2 5 5 0 014-2h4.001A2 2 0 0022 17v-1.344"[39m
              [36m/>[39m
            [36m</svg>[39m
          [36m</div>[39m
          [36m<div>[39m
            [36m<strong>[39m
              [0mTradeReview[0m
            [36m</strong>[39m
            [36m<span>[39m
              [0m历史交易复盘[0m
            [36m</span>[39m
          [36m</div>[39m
        [36m</div>[39m
        [36m<button[39m
          [33maria-controls[39m=[32m"primary-navigation"[39m
          [33maria-expanded[39m=[32m"false"[39m
          [33maria-label[39m=[32m"导航"[39m
          [33mclass[39m=[32m"mobile-nav-trigger"[39m
          [33mtype[39m=[32m"button"[39m
        [36m>[39m
          [36m<svg[39m
            [33maria-hidden[39m=[32m"true"[39m
            [33mclass[39m=[32m"lucide lucide-menu"[39m
            [33mfill[39m=[32m"none"[39m
            [33mheight[39m=[32m"18"[39m
            [33mstroke[39m=[32m"currentColor"[39m
            [33mstroke-linecap[39m=[32m"round"[39m
            [33mstroke-linejoin[39m=[32m"round"[39m
            [33mstroke-width[39m=[32m"2"[39m
            [33mviewBox[39m=[32m"0 0 24 24"[39m
            [33mwidth[39m=[32m"18"[39m
            [33mxmlns[39m=[32m"http://www.w3.org/2000/svg"[39m
          [36m>[39m
            [36m<path[39m
              [33md[39m=[32m"M4 5h16"[39m
            [36m/>[39m
            [36m<path[39m
              [33md[39m=[32m"M4 12h16"[39m
            [36m/>[39m
            [36m<path[39m
              [33md[39m=[32m"M4 19h16"[39m
            [36m/>[39m
          [36m</svg>[39m
          [36m<span>[39m
            [0m导航[0m
          [36m</span>[39m
        [36m</button>[39m
        [36m<nav[39m
          [33maria-label[39m=[32m"主导航"[39m
          [33mclass[39m=[32m"app-nav"[39m
          [33mid[39m=[32m"primary-navigation"[39m
        [36m>[39m
          [36m<button[39m
            [33maria-label[39m=[32m"我的交易室"[39m
            [33mclass[39m=[32m""[39m
            [33mtitle[39m=[32m"我的交易室"[39m
            [33mtype[39m=[32m"button"[39m
          [36m>[39m
            [36m<svg[39m
              [33maria-hidden[39m=[32m"true"[39m
              [33mclass[39m=[32m"lucide lucide-layout-dashboard"[39m
              [33mfill[39m=[32m"none"[39m
              [33mheight[39m=[32m"16"[39m
              [33mstroke[39m=[32m"currentColor"[39m
              [33mstroke-linecap[39m=[32m"round"[39m
              [33mstroke-linejoin[39m=[32m"round"[39m
              [33mstroke-width[39m=[32m"2"[39m
              [33mviewBox[39m=[32m"0 0 24 24"[39m
              [33mwidth[39m=[32m"16"[39m
              [33mxmlns[39m=[32m"http://www.w3.org/2000/svg"[39m
            [36m>[39m
              [36m<rect[39m
                [33mheight[39m=[32m"9"[39m
                [33mrx[39m=[32m"1"[39m
                [33mwidth[39m=[32m"7"[39m
                [33mx[39m=[32m"3"[39m
                [33my[39m=[32m"3"[39m
              [36m/>[39m
              [36m<rect[39m
                [33mheight[39m=[32m"5"[39m
                [33mrx[39m=[32m"1"[39m
                [33mwidth[39m=[32m"7"[39m
                [33mx[39m=[32m"14"[39m
                [33my[39m=[32m"3"[39m
              [36m/>[39m
              [36m<rect[39m
                [33mheight[39m=[32m"9"[39m
                [33mrx[39m=[32m"1"[39m
                [33mwidth[39m=[32m"7"[39m
                [33mx[39m=[32m"14"[39m
                [33my[39m=[32m"12"[39m
              [36m/>[39m
              [36m<rect[39m
                [33mheight[39m=[32m"5"[39m
                [33mrx[39m=[32m"1"[39m
                [33mwidth[39m=[32m"7"[39m
                [33mx[39m=[32m"3"[39m
                [33my[39m=[32m"16"[39m
              [36m/>[39m
            [36m</svg>[39m
            [36m<span[39m
              [33mclass[39m=[32m"app-nav-label"[39m
            [36m>[39m
              [0m我的交易室[0m
            [36m</span>[39m
          [36m</button>[39m
          [36m<button[39m
            [33maria-label[39m=[32m"交易库"[39m
            [33mclass[39m=[32m""[39m
            [33mtitle[39m=[32m"交易库"[39m
            [33mtype[39m=[32m"button"[39m
          [36m>[39m
            [36m<svg[39m
              [33maria-hidden[39m=[32m"true"[39m
              [33mclass[39m=[32m"lucide lucide-book-open-check"[39m
              [33mfill[39m=[32m"none"[39m
              [33mheight[39m=[32m"16"[39m
              [33mstroke[39m=[32m"currentColo...
 ❯ waitForWrapper node_modules/@testing-library/dom/dist/wait-for.js:163:27
 ❯ node_modules/@testing-library/dom/dist/query-helpers.js:86:33
 ❯ enterImportedReviewFromDashboard app/components/trade-review-workspace.test.tsx:1040:18
    1038|     if (!round) throw new Error("目标标的没有可打开的交易回合");
    1039|     await user.click(round);
    1040|     await screen.findByLabelText("图表工具栏");
       |                  ^
    1041|   }
    1042|
 ❯ renderGoldReplay app/components/trade-review-workspace.test.tsx:861:7
 ❯ app/components/trade-review-workspace.test.tsx:1521:5

⎯⎯⎯⎯⎯⎯⎯⎯⎯⎯⎯⎯⎯⎯⎯⎯⎯⎯⎯⎯⎯⎯⎯[7/39]⎯

 FAIL  app/components/trade-review-workspace.test.tsx > TradeReviewWorkspace > gold replay repairs the previously saved empty-chart entry cursor
Error: Test timed out in 5000ms.
If this is a long-running test, pass a timeout value as the last argument or configure it globally with "testTimeout".
 ❯ app/components/trade-review-workspace.test.tsx:1527:3
    1525|   });
    1526|
    1527|   it("gold replay repairs the previously saved empty-chart entry curso…
       |   ^
    1528|     await renderGoldReplay([], "2026-06-26T02:22:37Z");
    1529|     expect(screen.getByRole("combobox", { name: "交易回合" })).toBeInTheDo…

⎯⎯⎯⎯⎯⎯⎯⎯⎯⎯⎯⎯⎯⎯⎯⎯⎯⎯⎯⎯⎯⎯⎯[8/39]⎯

 FAIL  app/components/trade-review-workspace.test.tsx > TradeReviewWorkspace > gold replay preserves saved progress after its first completed bar
TestingLibraryElementError: Unable to find a label with the text of: 图表工具栏

Ignored nodes: comments, script, style
[36m<body>[39m
  [36m<div>[39m
    [36m<main[39m
      [33mclass[39m=[32m"trade-review-app is-review"[39m
    [36m>[39m
      [36m<input[39m
        [33maccept[39m=[32m".xlsx,.xls,.pdf"[39m
        [33maria-label[39m=[32m"导入交易记录"[39m
        [33mhidden[39m=[32m""[39m
        [33mmultiple[39m=[32m""[39m
        [33mtype[39m=[32m"file"[39m
      [36m/>[39m
      [36m<input[39m
        [33maccept[39m=[32m".csv,text/csv"[39m
        [33maria-label[39m=[32m"导入 TradingView 模拟交易"[39m
        [33mhidden[39m=[32m""[39m
        [33mtype[39m=[32m"file"[39m
      [36m/>[39m
      [36m<input[39m
        [33maccept[39m=[32m"image/jpeg,image/png,image/webp,.jpg,.jpeg,.png,.webp"[39m
        [33maria-label[39m=[32m"从截图恢复交易"[39m
        [33mhidden[39m=[32m""[39m
        [33mmultiple[39m=[32m""[39m
        [33mtype[39m=[32m"file"[39m
      [36m/>[39m
      [36m<aside[39m
        [33maria-label[39m=[32m"主导航"[39m
        [33mclass[39m=[32m"app-header app-sidebar "[39m
      [36m>[39m
        [36m<div[39m
          [33mclass[39m=[32m"brand"[39m
        [36m>[39m
          [36m<div[39m
            [33mclass[39m=[32m"brand-mark"[39m
          [36m>[39m
            [36m<svg[39m
              [33maria-hidden[39m=[32m"true"[39m
              [33mclass[39m=[32m"lucide lucide-book-open-check"[39m
              [33mfill[39m=[32m"none"[39m
              [33mheight[39m=[32m"19"[39m
              [33mstroke[39m=[32m"currentColor"[39m
              [33mstroke-linecap[39m=[32m"round"[39m
              [33mstroke-linejoin[39m=[32m"round"[39m
              [33mstroke-width[39m=[32m"2"[39m
              [33mviewBox[39m=[32m"0 0 24 24"[39m
              [33mwidth[39m=[32m"19"[39m
              [33mxmlns[39m=[32m"http://www.w3.org/2000/svg"[39m
            [36m>[39m
              [36m<path[39m
                [33md[39m=[32m"M12 5v16"[39m
              [36m/>[39m
              [36m<path[39m
                [33md[39m=[32m"m16 12 2 2 4-4"[39m
              [36m/>[39m
              [36m<path[39m
                [33md[39m=[32m"M22 6V5a2 2 0 00-1.999-2L16 3.002A5 5 0 0012 5a5 5 0 00-4-2H4a2 2 0 00-2 2v12a2 2 0 001.999 2H8a5 5 0 014 2 5 5 0 014-2h4.001A2 2 0 0022 17v-1.344"[39m
              [36m/>[39m
            [36m</svg>[39m
          [36m</div>[39m
          [36m<div>[39m
            [36m<strong>[39m
              [0mTradeReview[0m
            [36m</strong>[39m
            [36m<span>[39m
              [0m历史交易复盘[0m
            [36m</span>[39m
          [36m</div>[39m
        [36m</div>[39m
        [36m<button[39m
          [33maria-controls[39m=[32m"primary-navigation"[39m
          [33maria-expanded[39m=[32m"false"[39m
          [33maria-label[39m=[32m"导航"[39m
          [33mclass[39m=[32m"mobile-nav-trigger"[39m
          [33mtype[39m=[32m"button"[39m
        [36m>[39m
          [36m<svg[39m
            [33maria-hidden[39m=[32m"true"[39m
            [33mclass[39m=[32m"lucide lucide-menu"[39m
            [33mfill[39m=[32m"none"[39m
            [33mheight[39m=[32m"18"[39m
            [33mstroke[39m=[32m"currentColor"[39m
            [33mstroke-linecap[39m=[32m"round"[39m
            [33mstroke-linejoin[39m=[32m"round"[39m
            [33mstroke-width[39m=[32m"2"[39m
            [33mviewBox[39m=[32m"0 0 24 24"[39m
            [33mwidth[39m=[32m"18"[39m
            [33mxmlns[39m=[32m"http://www.w3.org/2000/svg"[39m
          [36m>[39m
            [36m<path[39m
              [33md[39m=[32m"M4 5h16"[39m
            [36m/>[39m
            [36m<path[39m
              [33md[39m=[32m"M4 12h16"[39m
            [36m/>[39m
            [36m<path[39m
              [33md[39m=[32m"M4 19h16"[39m
            [36m/>[39m
          [36m</svg>[39m
          [36m<span>[39m
            [0m导航[0m
          [36m</span>[39m
        [36m</button>[39m
        [36m<nav[39m
          [33maria-label[39m=[32m"主导航"[39m
          [33mclass[39m=[32m"app-nav"[39m
          [33mid[39m=[32m"primary-navigation"[39m
        [36m>[39m
          [36m<button[39m
            [33maria-label[39m=[32m"我的交易室"[39m
            [33mclass[39m=[32m""[39m
            [33mtitle[39m=[32m"我的交易室"[39m
            [33mtype[39m=[32m"button"[39m
          [36m>[39m
            [36m<svg[39m
              [33maria-hidden[39m=[32m"true"[39m
              [33mclass[39m=[32m"lucide lucide-layout-dashboard"[39m
              [33mfill[39m=[32m"none"[39m
              [33mheight[39m=[32m"16"[39m
              [33mstroke[39m=[32m"currentColor"[39m
              [33mstroke-linecap[39m=[32m"round"[39m
              [33mstroke-linejoin[39m=[32m"round"[39m
              [33mstroke-width[39m=[32m"2"[39m
              [33mviewBox[39m=[32m"0 0 24 24"[39m
              [33mwidth[39m=[32m"16"[39m
              [33mxmlns[39m=[32m"http://www.w3.org/2000/svg"[39m
            [36m>[39m
              [36m<rect[39m
                [33mheight[39m=[32m"9"[39m
                [33mrx[39m=[32m"1"[39m
                [33mwidth[39m=[32m"7"[39m
                [33mx[39m=[32m"3"[39m
                [33my[39m=[32m"3"[39m
              [36m/>[39m
              [36m<rect[39m
                [33mheight[39m=[32m"5"[39m
                [33mrx[39m=[32m"1"[39m
                [33mwidth[39m=[32m"7"[39m
                [33mx[39m=[32m"14"[39m
                [33my[39m=[32m"3"[39m
              [36m/>[39m
              [36m<rect[39m
                [33mheight[39m=[32m"9"[39m
                [33mrx[39m=[32m"1"[39m
                [33mwidth[39m=[32m"7"[39m
                [33mx[39m=[32m"14"[39m
                [33my[39m=[32m"12"[39m
              [36m/>[39m
              [36m<rect[39m
                [33mheight[39m=[32m"5"[39m
                [33mrx[39m=[32m"1"[39m
                [33mwidth[39m=[32m"7"[39m
                [33mx[39m=[32m"3"[39m
                [33my[39m=[32m"16"[39m
              [36m/>[39m
            [36m</svg>[39m
            [36m<span[39m
              [33mclass[39m=[32m"app-nav-label"[39m
            [36m>[39m
              [0m我的交易室[0m
            [36m</span>[39m
          [36m</button>[39m
          [36m<button[39m
            [33maria-label[39m=[32m"交易库"[39m
            [33mclass[39m=[32m""[39m
            [33mtitle[39m=[32m"交易库"[39m
            [33mtype[39m=[32m"button"[39m
          [36m>[39m
            [36m<svg[39m
              [33maria-hidden[39m=[32m"true"[39m
              [33mclass[39m=[32m"lucide lucide-book-open-check"[39m
              [33mfill[39m=[32m"none"[39m
              [33mheight[39m=[32m"16"[39m
              [33mstroke[39m=[32m"currentColo...

Ignored nodes: comments, script, style
[36m<body>[39m
  [36m<div>[39m
    [36m<main[39m
      [33mclass[39m=[32m"trade-review-app is-review"[39m
    [36m>[39m
      [36m<input[39m
        [33maccept[39m=[32m".xlsx,.xls,.pdf"[39m
        [33maria-label[39m=[32m"导入交易记录"[39m
        [33mhidden[39m=[32m""[39m
        [33mmultiple[39m=[32m""[39m
        [33mtype[39m=[32m"file"[39m
      [36m/>[39m
      [36m<input[39m
        [33maccept[39m=[32m".csv,text/csv"[39m
        [33maria-label[39m=[32m"导入 TradingView 模拟交易"[39m
        [33mhidden[39m=[32m""[39m
        [33mtype[39m=[32m"file"[39m
      [36m/>[39m
      [36m<input[39m
        [33maccept[39m=[32m"image/jpeg,image/png,image/webp,.jpg,.jpeg,.png,.webp"[39m
        [33maria-label[39m=[32m"从截图恢复交易"[39m
        [33mhidden[39m=[32m""[39m
        [33mmultiple[39m=[32m""[39m
        [33mtype[39m=[32m"file"[39m
      [36m/>[39m
      [36m<aside[39m
        [33maria-label[39m=[32m"主导航"[39m
        [33mclass[39m=[32m"app-header app-sidebar "[39m
      [36m>[39m
        [36m<div[39m
          [33mclass[39m=[32m"brand"[39m
        [36m>[39m
          [36m<div[39m
            [33mclass[39m=[32m"brand-mark"[39m
          [36m>[39m
            [36m<svg[39m
              [33maria-hidden[39m=[32m"true"[39m
              [33mclass[39m=[32m"lucide lucide-book-open-check"[39m
              [33mfill[39m=[32m"none"[39m
              [33mheight[39m=[32m"19"[39m
              [33mstroke[39m=[32m"currentColor"[39m
              [33mstroke-linecap[39m=[32m"round"[39m
              [33mstroke-linejoin[39m=[32m"round"[39m
              [33mstroke-width[39m=[32m"2"[39m
              [33mviewBox[39m=[32m"0 0 24 24"[39m
              [33mwidth[39m=[32m"19"[39m
              [33mxmlns[39m=[32m"http://www.w3.org/2000/svg"[39m
            [36m>[39m
              [36m<path[39m
                [33md[39m=[32m"M12 5v16"[39m
              [36m/>[39m
              [36m<path[39m
                [33md[39m=[32m"m16 12 2 2 4-4"[39m
              [36m/>[39m
              [36m<path[39m
                [33md[39m=[32m"M22 6V5a2 2 0 00-1.999-2L16 3.002A5 5 0 0012 5a5 5 0 00-4-2H4a2 2 0 00-2 2v12a2 2 0 001.999 2H8a5 5 0 014 2 5 5 0 014-2h4.001A2 2 0 0022 17v-1.344"[39m
              [36m/>[39m
            [36m</svg>[39m
          [36m</div>[39m
          [36m<div>[39m
            [36m<strong>[39m
              [0mTradeReview[0m
            [36m</strong>[39m
            [36m<span>[39m
              [0m历史交易复盘[0m
            [36m</span>[39m
          [36m</div>[39m
        [36m</div>[39m
        [36m<button[39m
          [33maria-controls[39m=[32m"primary-navigation"[39m
          [33maria-expanded[39m=[32m"false"[39m
          [33maria-label[39m=[32m"导航"[39m
          [33mclass[39m=[32m"mobile-nav-trigger"[39m
          [33mtype[39m=[32m"button"[39m
        [36m>[39m
          [36m<svg[39m
            [33maria-hidden[39m=[32m"true"[39m
            [33mclass[39m=[32m"lucide lucide-menu"[39m
            [33mfill[39m=[32m"none"[39m
            [33mheight[39m=[32m"18"[39m
            [33mstroke[39m=[32m"currentColor"[39m
            [33mstroke-linecap[39m=[32m"round"[39m
            [33mstroke-linejoin[39m=[32m"round"[39m
            [33mstroke-width[39m=[32m"2"[39m
            [33mviewBox[39m=[32m"0 0 24 24"[39m
            [33mwidth[39m=[32m"18"[39m
            [33mxmlns[39m=[32m"http://www.w3.org/2000/svg"[39m
          [36m>[39m
            [36m<path[39m
              [33md[39m=[32m"M4 5h16"[39m
            [36m/>[39m
            [36m<path[39m
              [33md[39m=[32m"M4 12h16"[39m
            [36m/>[39m
            [36m<path[39m
              [33md[39m=[32m"M4 19h16"[39m
            [36m/>[39m
          [36m</svg>[39m
          [36m<span>[39m
            [0m导航[0m
          [36m</span>[39m
        [36m</button>[39m
        [36m<nav[39m
          [33maria-label[39m=[32m"主导航"[39m
          [33mclass[39m=[32m"app-nav"[39m
          [33mid[39m=[32m"primary-navigation"[39m
        [36m>[39m
          [36m<button[39m
            [33maria-label[39m=[32m"我的交易室"[39m
            [33mclass[39m=[32m""[39m
            [33mtitle[39m=[32m"我的交易室"[39m
            [33mtype[39m=[32m"button"[39m
          [36m>[39m
            [36m<svg[39m
              [33maria-hidden[39m=[32m"true"[39m
              [33mclass[39m=[32m"lucide lucide-layout-dashboard"[39m
              [33mfill[39m=[32m"none"[39m
              [33mheight[39m=[32m"16"[39m
              [33mstroke[39m=[32m"currentColor"[39m
              [33mstroke-linecap[39m=[32m"round"[39m
              [33mstroke-linejoin[39m=[32m"round"[39m
              [33mstroke-width[39m=[32m"2"[39m
              [33mviewBox[39m=[32m"0 0 24 24"[39m
              [33mwidth[39m=[32m"16"[39m
              [33mxmlns[39m=[32m"http://www.w3.org/2000/svg"[39m
            [36m>[39m
              [36m<rect[39m
                [33mheight[39m=[32m"9"[39m
                [33mrx[39m=[32m"1"[39m
                [33mwidth[39m=[32m"7"[39m
                [33mx[39m=[32m"3"[39m
                [33my[39m=[32m"3"[39m
              [36m/>[39m
              [36m<rect[39m
                [33mheight[39m=[32m"5"[39m
                [33mrx[39m=[32m"1"[39m
                [33mwidth[39m=[32m"7"[39m
                [33mx[39m=[32m"14"[39m
                [33my[39m=[32m"3"[39m
              [36m/>[39m
              [36m<rect[39m
                [33mheight[39m=[32m"9"[39m
                [33mrx[39m=[32m"1"[39m
                [33mwidth[39m=[32m"7"[39m
                [33mx[39m=[32m"14"[39m
                [33my[39m=[32m"12"[39m
              [36m/>[39m
              [36m<rect[39m
                [33mheight[39m=[32m"5"[39m
                [33mrx[39m=[32m"1"[39m
                [33mwidth[39m=[32m"7"[39m
                [33mx[39m=[32m"3"[39m
                [33my[39m=[32m"16"[39m
              [36m/>[39m
            [36m</svg>[39m
            [36m<span[39m
              [33mclass[39m=[32m"app-nav-label"[39m
            [36m>[39m
              [0m我的交易室[0m
            [36m</span>[39m
          [36m</button>[39m
          [36m<button[39m
            [33maria-label[39m=[32m"交易库"[39m
            [33mclass[39m=[32m""[39m
            [33mtitle[39m=[32m"交易库"[39m
            [33mtype[39m=[32m"button"[39m
          [36m>[39m
            [36m<svg[39m
              [33maria-hidden[39m=[32m"true"[39m
              [33mclass[39m=[32m"lucide lucide-book-open-check"[39m
              [33mfill[39m=[32m"none"[39m
              [33mheight[39m=[32m"16"[39m
              [33mstroke[39m=[32m"currentColo...
 ❯ waitForWrapper node_modules/@testing-library/dom/dist/wait-for.js:163:27
 ❯ node_modules/@testing-library/dom/dist/query-helpers.js:86:33
 ❯ enterImportedReviewFromDashboard app/components/trade-review-workspace.test.tsx:1040:18
    1038|     if (!round) throw new Error("目标标的没有可打开的交易回合");
    1039|     await user.click(round);
    1040|     await screen.findByLabelText("图表工具栏");
       |                  ^
    1041|   }
    1042|
 ❯ renderGoldReplay app/components/trade-review-workspace.test.tsx:861:7
 ❯ app/components/trade-review-workspace.test.tsx:1534:5

⎯⎯⎯⎯⎯⎯⎯⎯⎯⎯⎯⎯⎯⎯⎯⎯⎯⎯⎯⎯⎯⎯⎯[9/39]⎯

 FAIL  app/components/trade-review-workspace.test.tsx > TradeReviewWorkspace > does not advance the training cursor when the target timeframe has no known candle yet
Error: Test timed out in 5000ms.
If this is a long-running test, pass a timeout value as the last argument or configure it globally with "testTimeout".
 ❯ app/components/trade-review-workspace.test.tsx:1540:3
    1538|   });
    1539|
    1540|   it("does not advance the training cursor when the target timeframe h…
       |   ^
    1541|     const user = userEvent.setup();
    1542|     await renderGoldReplay([], "2026-06-26T02:30:00.000Z", "2026-06-26…

⎯⎯⎯⎯⎯⎯⎯⎯⎯⎯⎯⎯⎯⎯⎯⎯⎯⎯⎯⎯⎯⎯[10/39]⎯

 FAIL  app/components/trade-review-workspace.test.tsx > TradeReviewWorkspace > keeps an actual parent timeframe change in Recall's saved working graph
TestingLibraryElementError: Unable to find a label with the text of: 图表工具栏

Ignored nodes: comments, script, style
[36m<body>[39m
  [36m<div>[39m
    [36m<main[39m
      [33mclass[39m=[32m"trade-review-app is-review"[39m
    [36m>[39m
      [36m<input[39m
        [33maccept[39m=[32m".xlsx,.xls,.pdf"[39m
        [33maria-label[39m=[32m"导入交易记录"[39m
        [33mhidden[39m=[32m""[39m
        [33mmultiple[39m=[32m""[39m
        [33mtype[39m=[32m"file"[39m
      [36m/>[39m
      [36m<input[39m
        [33maccept[39m=[32m".csv,text/csv"[39m
        [33maria-label[39m=[32m"导入 TradingView 模拟交易"[39m
        [33mhidden[39m=[32m""[39m
        [33mtype[39m=[32m"file"[39m
      [36m/>[39m
      [36m<input[39m
        [33maccept[39m=[32m"image/jpeg,image/png,image/webp,.jpg,.jpeg,.png,.webp"[39m
        [33maria-label[39m=[32m"从截图恢复交易"[39m
        [33mhidden[39m=[32m""[39m
        [33mmultiple[39m=[32m""[39m
        [33mtype[39m=[32m"file"[39m
      [36m/>[39m
      [36m<aside[39m
        [33maria-label[39m=[32m"主导航"[39m
        [33mclass[39m=[32m"app-header app-sidebar "[39m
      [36m>[39m
        [36m<div[39m
          [33mclass[39m=[32m"brand"[39m
        [36m>[39m
          [36m<div[39m
            [33mclass[39m=[32m"brand-mark"[39m
          [36m>[39m
            [36m<svg[39m
              [33maria-hidden[39m=[32m"true"[39m
              [33mclass[39m=[32m"lucide lucide-book-open-check"[39m
              [33mfill[39m=[32m"none"[39m
              [33mheight[39m=[32m"19"[39m
              [33mstroke[39m=[32m"currentColor"[39m
              [33mstroke-linecap[39m=[32m"round"[39m
              [33mstroke-linejoin[39m=[32m"round"[39m
              [33mstroke-width[39m=[32m"2"[39m
              [33mviewBox[39m=[32m"0 0 24 24"[39m
              [33mwidth[39m=[32m"19"[39m
              [33mxmlns[39m=[32m"http://www.w3.org/2000/svg"[39m
            [36m>[39m
              [36m<path[39m
                [33md[39m=[32m"M12 5v16"[39m
              [36m/>[39m
              [36m<path[39m
                [33md[39m=[32m"m16 12 2 2 4-4"[39m
              [36m/>[39m
              [36m<path[39m
                [33md[39m=[32m"M22 6V5a2 2 0 00-1.999-2L16 3.002A5 5 0 0012 5a5 5 0 00-4-2H4a2 2 0 00-2 2v12a2 2 0 001.999 2H8a5 5 0 014 2 5 5 0 014-2h4.001A2 2 0 0022 17v-1.344"[39m
              [36m/>[39m
            [36m</svg>[39m
          [36m</div>[39m
          [36m<div>[39m
            [36m<strong>[39m
              [0mTradeReview[0m
            [36m</strong>[39m
            [36m<span>[39m
              [0m历史交易复盘[0m
            [36m</span>[39m
          [36m</div>[39m
        [36m</div>[39m
        [36m<button[39m
          [33maria-controls[39m=[32m"primary-navigation"[39m
          [33maria-expanded[39m=[32m"false"[39m
          [33maria-label[39m=[32m"导航"[39m
          [33mclass[39m=[32m"mobile-nav-trigger"[39m
          [33mtype[39m=[32m"button"[39m
        [36m>[39m
          [36m<svg[39m
            [33maria-hidden[39m=[32m"true"[39m
            [33mclass[39m=[32m"lucide lucide-menu"[39m
            [33mfill[39m=[32m"none"[39m
            [33mheight[39m=[32m"18"[39m
            [33mstroke[39m=[32m"currentColor"[39m
            [33mstroke-linecap[39m=[32m"round"[39m
            [33mstroke-linejoin[39m=[32m"round"[39m
            [33mstroke-width[39m=[32m"2"[39m
            [33mviewBox[39m=[32m"0 0 24 24"[39m
            [33mwidth[39m=[32m"18"[39m
            [33mxmlns[39m=[32m"http://www.w3.org/2000/svg"[39m
          [36m>[39m
            [36m<path[39m
              [33md[39m=[32m"M4 5h16"[39m
            [36m/>[39m
            [36m<path[39m
              [33md[39m=[32m"M4 12h16"[39m
            [36m/>[39m
            [36m<path[39m
              [33md[39m=[32m"M4 19h16"[39m
            [36m/>[39m
          [36m</svg>[39m
          [36m<span>[39m
            [0m导航[0m
          [36m</span>[39m
        [36m</button>[39m
        [36m<nav[39m
          [33maria-label[39m=[32m"主导航"[39m
          [33mclass[39m=[32m"app-nav"[39m
          [33mid[39m=[32m"primary-navigation"[39m
        [36m>[39m
          [36m<button[39m
            [33maria-label[39m=[32m"我的交易室"[39m
            [33mclass[39m=[32m""[39m
            [33mtitle[39m=[32m"我的交易室"[39m
            [33mtype[39m=[32m"button"[39m
          [36m>[39m
            [36m<svg[39m
              [33maria-hidden[39m=[32m"true"[39m
              [33mclass[39m=[32m"lucide lucide-layout-dashboard"[39m
              [33mfill[39m=[32m"none"[39m
              [33mheight[39m=[32m"16"[39m
              [33mstroke[39m=[32m"currentColor"[39m
              [33mstroke-linecap[39m=[32m"round"[39m
              [33mstroke-linejoin[39m=[32m"round"[39m
              [33mstroke-width[39m=[32m"2"[39m
              [33mviewBox[39m=[32m"0 0 24 24"[39m
              [33mwidth[39m=[32m"16"[39m
              [33mxmlns[39m=[32m"http://www.w3.org/2000/svg"[39m
            [36m>[39m
              [36m<rect[39m
                [33mheight[39m=[32m"9"[39m
                [33mrx[39m=[32m"1"[39m
                [33mwidth[39m=[32m"7"[39m
                [33mx[39m=[32m"3"[39m
                [33my[39m=[32m"3"[39m
              [36m/>[39m
              [36m<rect[39m
                [33mheight[39m=[32m"5"[39m
                [33mrx[39m=[32m"1"[39m
                [33mwidth[39m=[32m"7"[39m
                [33mx[39m=[32m"14"[39m
                [33my[39m=[32m"3"[39m
              [36m/>[39m
              [36m<rect[39m
                [33mheight[39m=[32m"9"[39m
                [33mrx[39m=[32m"1"[39m
                [33mwidth[39m=[32m"7"[39m
                [33mx[39m=[32m"14"[39m
                [33my[39m=[32m"12"[39m
              [36m/>[39m
              [36m<rect[39m
                [33mheight[39m=[32m"5"[39m
                [33mrx[39m=[32m"1"[39m
                [33mwidth[39m=[32m"7"[39m
                [33mx[39m=[32m"3"[39m
                [33my[39m=[32m"16"[39m
              [36m/>[39m
            [36m</svg>[39m
            [36m<span[39m
              [33mclass[39m=[32m"app-nav-label"[39m
            [36m>[39m
              [0m我的交易室[0m
            [36m</span>[39m
          [36m</button>[39m
          [36m<button[39m
            [33maria-label[39m=[32m"交易库"[39m
            [33mclass[39m=[32m""[39m
            [33mtitle[39m=[32m"交易库"[39m
            [33mtype[39m=[32m"button"[39m
          [36m>[39m
            [36m<svg[39m
              [33maria-hidden[39m=[32m"true"[39m
              [33mclass[39m=[32m"lucide lucide-book-open-check"[39m
              [33mfill[39m=[32m"none"[39m
              [33mheight[39m=[32m"16"[39m
              [33mstroke[39m=[32m"currentColo...

Ignored nodes: comments, script, style
[36m<body>[39m
  [36m<div>[39m
    [36m<main[39m
      [33mclass[39m=[32m"trade-review-app is-review"[39m
    [36m>[39m
      [36m<input[39m
        [33maccept[39m=[32m".xlsx,.xls,.pdf"[39m
        [33maria-label[39m=[32m"导入交易记录"[39m
        [33mhidden[39m=[32m""[39m
        [33mmultiple[39m=[32m""[39m
        [33mtype[39m=[32m"file"[39m
      [36m/>[39m
      [36m<input[39m
        [33maccept[39m=[32m".csv,text/csv"[39m
        [33maria-label[39m=[32m"导入 TradingView 模拟交易"[39m
        [33mhidden[39m=[32m""[39m
        [33mtype[39m=[32m"file"[39m
      [36m/>[39m
      [36m<input[39m
        [33maccept[39m=[32m"image/jpeg,image/png,image/webp,.jpg,.jpeg,.png,.webp"[39m
        [33maria-label[39m=[32m"从截图恢复交易"[39m
        [33mhidden[39m=[32m""[39m
        [33mmultiple[39m=[32m""[39m
        [33mtype[39m=[32m"file"[39m
      [36m/>[39m
      [36m<aside[39m
        [33maria-label[39m=[32m"主导航"[39m
        [33mclass[39m=[32m"app-header app-sidebar "[39m
      [36m>[39m
        [36m<div[39m
          [33mclass[39m=[32m"brand"[39m
        [36m>[39m
          [36m<div[39m
            [33mclass[39m=[32m"brand-mark"[39m
          [36m>[39m
            [36m<svg[39m
              [33maria-hidden[39m=[32m"true"[39m
              [33mclass[39m=[32m"lucide lucide-book-open-check"[39m
              [33mfill[39m=[32m"none"[39m
              [33mheight[39m=[32m"19"[39m
              [33mstroke[39m=[32m"currentColor"[39m
              [33mstroke-linecap[39m=[32m"round"[39m
              [33mstroke-linejoin[39m=[32m"round"[39m
              [33mstroke-width[39m=[32m"2"[39m
              [33mviewBox[39m=[32m"0 0 24 24"[39m
              [33mwidth[39m=[32m"19"[39m
              [33mxmlns[39m=[32m"http://www.w3.org/2000/svg"[39m
            [36m>[39m
              [36m<path[39m
                [33md[39m=[32m"M12 5v16"[39m
              [36m/>[39m
              [36m<path[39m
                [33md[39m=[32m"m16 12 2 2 4-4"[39m
              [36m/>[39m
              [36m<path[39m
                [33md[39m=[32m"M22 6V5a2 2 0 00-1.999-2L16 3.002A5 5 0 0012 5a5 5 0 00-4-2H4a2 2 0 00-2 2v12a2 2 0 001.999 2H8a5 5 0 014 2 5 5 0 014-2h4.001A2 2 0 0022 17v-1.344"[39m
              [36m/>[39m
            [36m</svg>[39m
          [36m</div>[39m
          [36m<div>[39m
            [36m<strong>[39m
              [0mTradeReview[0m
            [36m</strong>[39m
            [36m<span>[39m
              [0m历史交易复盘[0m
            [36m</span>[39m
          [36m</div>[39m
        [36m</div>[39m
        [36m<button[39m
          [33maria-controls[39m=[32m"primary-navigation"[39m
          [33maria-expanded[39m=[32m"false"[39m
          [33maria-label[39m=[32m"导航"[39m
          [33mclass[39m=[32m"mobile-nav-trigger"[39m
          [33mtype[39m=[32m"button"[39m
        [36m>[39m
          [36m<svg[39m
            [33maria-hidden[39m=[32m"true"[39m
            [33mclass[39m=[32m"lucide lucide-menu"[39m
            [33mfill[39m=[32m"none"[39m
            [33mheight[39m=[32m"18"[39m
            [33mstroke[39m=[32m"currentColor"[39m
            [33mstroke-linecap[39m=[32m"round"[39m
            [33mstroke-linejoin[39m=[32m"round"[39m
            [33mstroke-width[39m=[32m"2"[39m
            [33mviewBox[39m=[32m"0 0 24 24"[39m
            [33mwidth[39m=[32m"18"[39m
            [33mxmlns[39m=[32m"http://www.w3.org/2000/svg"[39m
          [36m>[39m
            [36m<path[39m
              [33md[39m=[32m"M4 5h16"[39m
            [36m/>[39m
            [36m<path[39m
              [33md[39m=[32m"M4 12h16"[39m
            [36m/>[39m
            [36m<path[39m
              [33md[39m=[32m"M4 19h16"[39m
            [36m/>[39m
          [36m</svg>[39m
          [36m<span>[39m
            [0m导航[0m
          [36m</span>[39m
        [36m</button>[39m
        [36m<nav[39m
          [33maria-label[39m=[32m"主导航"[39m
          [33mclass[39m=[32m"app-nav"[39m
          [33mid[39m=[32m"primary-navigation"[39m
        [36m>[39m
          [36m<button[39m
            [33maria-label[39m=[32m"我的交易室"[39m
            [33mclass[39m=[32m""[39m
            [33mtitle[39m=[32m"我的交易室"[39m
            [33mtype[39m=[32m"button"[39m
          [36m>[39m
            [36m<svg[39m
              [33maria-hidden[39m=[32m"true"[39m
              [33mclass[39m=[32m"lucide lucide-layout-dashboard"[39m
              [33mfill[39m=[32m"none"[39m
              [33mheight[39m=[32m"16"[39m
              [33mstroke[39m=[32m"currentColor"[39m
              [33mstroke-linecap[39m=[32m"round"[39m
              [33mstroke-linejoin[39m=[32m"round"[39m
              [33mstroke-width[39m=[32m"2"[39m
              [33mviewBox[39m=[32m"0 0 24 24"[39m
              [33mwidth[39m=[32m"16"[39m
              [33mxmlns[39m=[32m"http://www.w3.org/2000/svg"[39m
            [36m>[39m
              [36m<rect[39m
                [33mheight[39m=[32m"9"[39m
                [33mrx[39m=[32m"1"[39m
                [33mwidth[39m=[32m"7"[39m
                [33mx[39m=[32m"3"[39m
                [33my[39m=[32m"3"[39m
              [36m/>[39m
              [36m<rect[39m
                [33mheight[39m=[32m"5"[39m
                [33mrx[39m=[32m"1"[39m
                [33mwidth[39m=[32m"7"[39m
                [33mx[39m=[32m"14"[39m
                [33my[39m=[32m"3"[39m
              [36m/>[39m
              [36m<rect[39m
                [33mheight[39m=[32m"9"[39m
                [33mrx[39m=[32m"1"[39m
                [33mwidth[39m=[32m"7"[39m
                [33mx[39m=[32m"14"[39m
                [33my[39m=[32m"12"[39m
              [36m/>[39m
              [36m<rect[39m
                [33mheight[39m=[32m"5"[39m
                [33mrx[39m=[32m"1"[39m
                [33mwidth[39m=[32m"7"[39m
                [33mx[39m=[32m"3"[39m
                [33my[39m=[32m"16"[39m
              [36m/>[39m
            [36m</svg>[39m
            [36m<span[39m
              [33mclass[39m=[32m"app-nav-label"[39m
            [36m>[39m
              [0m我的交易室[0m
            [36m</span>[39m
          [36m</button>[39m
          [36m<button[39m
            [33maria-label[39m=[32m"交易库"[39m
            [33mclass[39m=[32m""[39m
            [33mtitle[39m=[32m"交易库"[39m
            [33mtype[39m=[32m"button"[39m
          [36m>[39m
            [36m<svg[39m
              [33maria-hidden[39m=[32m"true"[39m
              [33mclass[39m=[32m"lucide lucide-book-open-check"[39m
              [33mfill[39m=[32m"none"[39m
              [33mheight[39m=[32m"16"[39m
              [33mstroke[39m=[32m"currentColo...
 ❯ waitForWrapper node_modules/@testing-library/dom/dist/wait-for.js:163:27
 ❯ node_modules/@testing-library/dom/dist/query-helpers.js:86:33
 ❯ enterImportedReviewFromDashboard app/components/trade-review-workspace.test.tsx:1040:18
    1038|     if (!round) throw new Error("目标标的没有可打开的交易回合");
    1039|     await user.click(round);
    1040|     await screen.findByLabelText("图表工具栏");
       |                  ^
    1041|   }
    1042|
 ❯ renderGoldReplay app/components/trade-review-workspace.test.tsx:861:7
 ❯ app/components/trade-review-workspace.test.tsx:1554:5

⎯⎯⎯⎯⎯⎯⎯⎯⎯⎯⎯⎯⎯⎯⎯⎯⎯⎯⎯⎯⎯⎯[11/39]⎯

 FAIL  app/components/trade-review-workspace.test.tsx > TradeReviewWorkspace > supplements only the selected stock account and retries the same audited request
TestingLibraryElementError: Unable to find a label with the text of: 图表工具栏

Ignored nodes: comments, script, style
[36m<body>[39m
  [36m<div>[39m
    [36m<main[39m
      [33mclass[39m=[32m"trade-review-app is-review"[39m
    [36m>[39m
      [36m<input[39m
        [33maccept[39m=[32m".xlsx,.xls,.pdf"[39m
        [33maria-label[39m=[32m"导入交易记录"[39m
        [33mhidden[39m=[32m""[39m
        [33mmultiple[39m=[32m""[39m
        [33mtype[39m=[32m"file"[39m
      [36m/>[39m
      [36m<input[39m
        [33maccept[39m=[32m".csv,text/csv"[39m
        [33maria-label[39m=[32m"导入 TradingView 模拟交易"[39m
        [33mhidden[39m=[32m""[39m
        [33mtype[39m=[32m"file"[39m
      [36m/>[39m
      [36m<input[39m
        [33maccept[39m=[32m"image/jpeg,image/png,image/webp,.jpg,.jpeg,.png,.webp"[39m
        [33maria-label[39m=[32m"从截图恢复交易"[39m
        [33mhidden[39m=[32m""[39m
        [33mmultiple[39m=[32m""[39m
        [33mtype[39m=[32m"file"[39m
      [36m/>[39m
      [36m<aside[39m
        [33maria-label[39m=[32m"主导航"[39m
        [33mclass[39m=[32m"app-header app-sidebar "[39m
      [36m>[39m
        [36m<div[39m
          [33mclass[39m=[32m"brand"[39m
        [36m>[39m
          [36m<div[39m
            [33mclass[39m=[32m"brand-mark"[39m
          [36m>[39m
            [36m<svg[39m
              [33maria-hidden[39m=[32m"true"[39m
              [33mclass[39m=[32m"lucide lucide-book-open-check"[39m
              [33mfill[39m=[32m"none"[39m
              [33mheight[39m=[32m"19"[39m
              [33mstroke[39m=[32m"currentColor"[39m
              [33mstroke-linecap[39m=[32m"round"[39m
              [33mstroke-linejoin[39m=[32m"round"[39m
              [33mstroke-width[39m=[32m"2"[39m
              [33mviewBox[39m=[32m"0 0 24 24"[39m
              [33mwidth[39m=[32m"19"[39m
              [33mxmlns[39m=[32m"http://www.w3.org/2000/svg"[39m
            [36m>[39m
              [36m<path[39m
                [33md[39m=[32m"M12 5v16"[39m
              [36m/>[39m
              [36m<path[39m
                [33md[39m=[32m"m16 12 2 2 4-4"[39m
              [36m/>[39m
              [36m<path[39m
                [33md[39m=[32m"M22 6V5a2 2 0 00-1.999-2L16 3.002A5 5 0 0012 5a5 5 0 00-4-2H4a2 2 0 00-2 2v12a2 2 0 001.999 2H8a5 5 0 014 2 5 5 0 014-2h4.001A2 2 0 0022 17v-1.344"[39m
              [36m/>[39m
            [36m</svg>[39m
          [36m</div>[39m
          [36m<div>[39m
            [36m<strong>[39m
              [0mTradeReview[0m
            [36m</strong>[39m
            [36m<span>[39m
              [0m历史交易复盘[0m
            [36m</span>[39m
          [36m</div>[39m
        [36m</div>[39m
        [36m<button[39m
          [33maria-controls[39m=[32m"primary-navigation"[39m
          [33maria-expanded[39m=[32m"false"[39m
          [33maria-label[39m=[32m"导航"[39m
          [33mclass[39m=[32m"mobile-nav-trigger"[39m
          [33mtype[39m=[32m"button"[39m
        [36m>[39m
          [36m<svg[39m
            [33maria-hidden[39m=[32m"true"[39m
            [33mclass[39m=[32m"lucide lucide-menu"[39m
            [33mfill[39m=[32m"none"[39m
            [33mheight[39m=[32m"18"[39m
            [33mstroke[39m=[32m"currentColor"[39m
            [33mstroke-linecap[39m=[32m"round"[39m
            [33mstroke-linejoin[39m=[32m"round"[39m
            [33mstroke-width[39m=[32m"2"[39m
            [33mviewBox[39m=[32m"0 0 24 24"[39m
            [33mwidth[39m=[32m"18"[39m
            [33mxmlns[39m=[32m"http://www.w3.org/2000/svg"[39m
          [36m>[39m
            [36m<path[39m
              [33md[39m=[32m"M4 5h16"[39m
            [36m/>[39m
            [36m<path[39m
              [33md[39m=[32m"M4 12h16"[39m
            [36m/>[39m
            [36m<path[39m
              [33md[39m=[32m"M4 19h16"[39m
            [36m/>[39m
          [36m</svg>[39m
          [36m<span>[39m
            [0m导航[0m
          [36m</span>[39m
        [36m</button>[39m
        [36m<nav[39m
          [33maria-label[39m=[32m"主导航"[39m
          [33mclass[39m=[32m"app-nav"[39m
          [33mid[39m=[32m"primary-navigation"[39m
        [36m>[39m
          [36m<button[39m
            [33maria-label[39m=[32m"我的交易室"[39m
            [33mclass[39m=[32m""[39m
            [33mtitle[39m=[32m"我的交易室"[39m
            [33mtype[39m=[32m"button"[39m
          [36m>[39m
            [36m<svg[39m
              [33maria-hidden[39m=[32m"true"[39m
              [33mclass[39m=[32m"lucide lucide-layout-dashboard"[39m
              [33mfill[39m=[32m"none"[39m
              [33mheight[39m=[32m"16"[39m
              [33mstroke[39m=[32m"currentColor"[39m
              [33mstroke-linecap[39m=[32m"round"[39m
              [33mstroke-linejoin[39m=[32m"round"[39m
              [33mstroke-width[39m=[32m"2"[39m
              [33mviewBox[39m=[32m"0 0 24 24"[39m
              [33mwidth[39m=[32m"16"[39m
              [33mxmlns[39m=[32m"http://www.w3.org/2000/svg"[39m
            [36m>[39m
              [36m<rect[39m
                [33mheight[39m=[32m"9"[39m
                [33mrx[39m=[32m"1"[39m
                [33mwidth[39m=[32m"7"[39m
                [33mx[39m=[32m"3"[39m
                [33my[39m=[32m"3"[39m
              [36m/>[39m
              [36m<rect[39m
                [33mheight[39m=[32m"5"[39m
                [33mrx[39m=[32m"1"[39m
                [33mwidth[39m=[32m"7"[39m
                [33mx[39m=[32m"14"[39m
                [33my[39m=[32m"3"[39m
              [36m/>[39m
              [36m<rect[39m
                [33mheight[39m=[32m"9"[39m
                [33mrx[39m=[32m"1"[39m
                [33mwidth[39m=[32m"7"[39m
                [33mx[39m=[32m"14"[39m
                [33my[39m=[32m"12"[39m
              [36m/>[39m
              [36m<rect[39m
                [33mheight[39m=[32m"5"[39m
                [33mrx[39m=[32m"1"[39m
                [33mwidth[39m=[32m"7"[39m
                [33mx[39m=[32m"3"[39m
                [33my[39m=[32m"16"[39m
              [36m/>[39m
            [36m</svg>[39m
            [36m<span[39m
              [33mclass[39m=[32m"app-nav-label"[39m
            [36m>[39m
              [0m我的交易室[0m
            [36m</span>[39m
          [36m</button>[39m
          [36m<button[39m
            [33maria-label[39m=[32m"交易库"[39m
            [33mclass[39m=[32m""[39m
            [33mtitle[39m=[32m"交易库"[39m
            [33mtype[39m=[32m"button"[39m
          [36m>[39m
            [36m<svg[39m
              [33maria-hidden[39m=[32m"true"[39m
              [33mclass[39m=[32m"lucide lucide-book-open-check"[39m
              [33mfill[39m=[32m"none"[39m
              [33mheight[39m=[32m"16"[39m
              [33mstroke[39m=[32m"currentColo...

Ignored nodes: comments, script, style
[36m<body>[39m
  [36m<div>[39m
    [36m<main[39m
      [33mclass[39m=[32m"trade-review-app is-review"[39m
    [36m>[39m
      [36m<input[39m
        [33maccept[39m=[32m".xlsx,.xls,.pdf"[39m
        [33maria-label[39m=[32m"导入交易记录"[39m
        [33mhidden[39m=[32m""[39m
        [33mmultiple[39m=[32m""[39m
        [33mtype[39m=[32m"file"[39m
      [36m/>[39m
      [36m<input[39m
        [33maccept[39m=[32m".csv,text/csv"[39m
        [33maria-label[39m=[32m"导入 TradingView 模拟交易"[39m
        [33mhidden[39m=[32m""[39m
        [33mtype[39m=[32m"file"[39m
      [36m/>[39m
      [36m<input[39m
        [33maccept[39m=[32m"image/jpeg,image/png,image/webp,.jpg,.jpeg,.png,.webp"[39m
        [33maria-label[39m=[32m"从截图恢复交易"[39m
        [33mhidden[39m=[32m""[39m
        [33mmultiple[39m=[32m""[39m
        [33mtype[39m=[32m"file"[39m
      [36m/>[39m
      [36m<aside[39m
        [33maria-label[39m=[32m"主导航"[39m
        [33mclass[39m=[32m"app-header app-sidebar "[39m
      [36m>[39m
        [36m<div[39m
          [33mclass[39m=[32m"brand"[39m
        [36m>[39m
          [36m<div[39m
            [33mclass[39m=[32m"brand-mark"[39m
          [36m>[39m
            [36m<svg[39m
              [33maria-hidden[39m=[32m"true"[39m
              [33mclass[39m=[32m"lucide lucide-book-open-check"[39m
              [33mfill[39m=[32m"none"[39m
              [33mheight[39m=[32m"19"[39m
              [33mstroke[39m=[32m"currentColor"[39m
              [33mstroke-linecap[39m=[32m"round"[39m
              [33mstroke-linejoin[39m=[32m"round"[39m
              [33mstroke-width[39m=[32m"2"[39m
              [33mviewBox[39m=[32m"0 0 24 24"[39m
              [33mwidth[39m=[32m"19"[39m
              [33mxmlns[39m=[32m"http://www.w3.org/2000/svg"[39m
            [36m>[39m
              [36m<path[39m
                [33md[39m=[32m"M12 5v16"[39m
              [36m/>[39m
              [36m<path[39m
                [33md[39m=[32m"m16 12 2 2 4-4"[39m
              [36m/>[39m
              [36m<path[39m
                [33md[39m=[32m"M22 6V5a2 2 0 00-1.999-2L16 3.002A5 5 0 0012 5a5 5 0 00-4-2H4a2 2 0 00-2 2v12a2 2 0 001.999 2H8a5 5 0 014 2 5 5 0 014-2h4.001A2 2 0 0022 17v-1.344"[39m
              [36m/>[39m
            [36m</svg>[39m
          [36m</div>[39m
          [36m<div>[39m
            [36m<strong>[39m
              [0mTradeReview[0m
            [36m</strong>[39m
            [36m<span>[39m
              [0m历史交易复盘[0m
            [36m</span>[39m
          [36m</div>[39m
        [36m</div>[39m
        [36m<button[39m
          [33maria-controls[39m=[32m"primary-navigation"[39m
          [33maria-expanded[39m=[32m"false"[39m
          [33maria-label[39m=[32m"导航"[39m
          [33mclass[39m=[32m"mobile-nav-trigger"[39m
          [33mtype[39m=[32m"button"[39m
        [36m>[39m
          [36m<svg[39m
            [33maria-hidden[39m=[32m"true"[39m
            [33mclass[39m=[32m"lucide lucide-menu"[39m
            [33mfill[39m=[32m"none"[39m
            [33mheight[39m=[32m"18"[39m
            [33mstroke[39m=[32m"currentColor"[39m
            [33mstroke-linecap[39m=[32m"round"[39m
            [33mstroke-linejoin[39m=[32m"round"[39m
            [33mstroke-width[39m=[32m"2"[39m
            [33mviewBox[39m=[32m"0 0 24 24"[39m
            [33mwidth[39m=[32m"18"[39m
            [33mxmlns[39m=[32m"http://www.w3.org/2000/svg"[39m
          [36m>[39m
            [36m<path[39m
              [33md[39m=[32m"M4 5h16"[39m
            [36m/>[39m
            [36m<path[39m
              [33md[39m=[32m"M4 12h16"[39m
            [36m/>[39m
            [36m<path[39m
              [33md[39m=[32m"M4 19h16"[39m
            [36m/>[39m
          [36m</svg>[39m
          [36m<span>[39m
            [0m导航[0m
          [36m</span>[39m
        [36m</button>[39m
        [36m<nav[39m
          [33maria-label[39m=[32m"主导航"[39m
          [33mclass[39m=[32m"app-nav"[39m
          [33mid[39m=[32m"primary-navigation"[39m
        [36m>[39m
          [36m<button[39m
            [33maria-label[39m=[32m"我的交易室"[39m
            [33mclass[39m=[32m""[39m
            [33mtitle[39m=[32m"我的交易室"[39m
            [33mtype[39m=[32m"button"[39m
          [36m>[39m
            [36m<svg[39m
              [33maria-hidden[39m=[32m"true"[39m
              [33mclass[39m=[32m"lucide lucide-layout-dashboard"[39m
              [33mfill[39m=[32m"none"[39m
              [33mheight[39m=[32m"16"[39m
              [33mstroke[39m=[32m"currentColor"[39m
              [33mstroke-linecap[39m=[32m"round"[39m
              [33mstroke-linejoin[39m=[32m"round"[39m
              [33mstroke-width[39m=[32m"2"[39m
              [33mviewBox[39m=[32m"0 0 24 24"[39m
              [33mwidth[39m=[32m"16"[39m
              [33mxmlns[39m=[32m"http://www.w3.org/2000/svg"[39m
            [36m>[39m
              [36m<rect[39m
                [33mheight[39m=[32m"9"[39m
                [33mrx[39m=[32m"1"[39m
                [33mwidth[39m=[32m"7"[39m
                [33mx[39m=[32m"3"[39m
                [33my[39m=[32m"3"[39m
              [36m/>[39m
              [36m<rect[39m
                [33mheight[39m=[32m"5"[39m
                [33mrx[39m=[32m"1"[39m
                [33mwidth[39m=[32m"7"[39m
                [33mx[39m=[32m"14"[39m
                [33my[39m=[32m"3"[39m
              [36m/>[39m
              [36m<rect[39m
                [33mheight[39m=[32m"9"[39m
                [33mrx[39m=[32m"1"[39m
                [33mwidth[39m=[32m"7"[39m
                [33mx[39m=[32m"14"[39m
                [33my[39m=[32m"12"[39m
              [36m/>[39m
              [36m<rect[39m
                [33mheight[39m=[32m"5"[39m
                [33mrx[39m=[32m"1"[39m
                [33mwidth[39m=[32m"7"[39m
                [33mx[39m=[32m"3"[39m
                [33my[39m=[32m"16"[39m
              [36m/>[39m
            [36m</svg>[39m
            [36m<span[39m
              [33mclass[39m=[32m"app-nav-label"[39m
            [36m>[39m
              [0m我的交易室[0m
            [36m</span>[39m
          [36m</button>[39m
          [36m<button[39m
            [33maria-label[39m=[32m"交易库"[39m
            [33mclass[39m=[32m""[39m
            [33mtitle[39m=[32m"交易库"[39m
            [33mtype[39m=[32m"button"[39m
          [36m>[39m
            [36m<svg[39m
              [33maria-hidden[39m=[32m"true"[39m
              [33mclass[39m=[32m"lucide lucide-book-open-check"[39m
              [33mfill[39m=[32m"none"[39m
              [33mheight[39m=[32m"16"[39m
              [33mstroke[39m=[32m"currentColo...
 ❯ waitForWrapper node_modules/@testing-library/dom/dist/wait-for.js:163:27
 ❯ node_modules/@testing-library/dom/dist/query-helpers.js:86:33
 ❯ enterImportedReviewFromDashboard app/components/trade-review-workspace.test.tsx:1040:18
    1038|     if (!round) throw new Error("目标标的没有可打开的交易回合");
    1039|     await user.click(round);
    1040|     await screen.findByLabelText("图表工具栏");
       |                  ^
    1041|   }
    1042|
 ❯ app/components/trade-review-workspace.test.tsx:1602:5

⎯⎯⎯⎯⎯⎯⎯⎯⎯⎯⎯⎯⎯⎯⎯⎯⎯⎯⎯⎯⎯⎯[12/39]⎯

 FAIL  app/components/trade-review-workspace.test.tsx > TradeReviewWorkspace > does not re-read every instrument market cache when metadata hydration updates presentation
Error: Test timed out in 5000ms.
If this is a long-running test, pass a timeout value as the last argument or configure it globally with "testTimeout".
 ❯ app/components/trade-review-workspace.test.tsx:1664:3
    1662|   });
    1663|
    1664|   it("does not re-read every instrument market cache when metadata hyd…
       |   ^
    1665|     const otherInstrument = {
    1666|       id: "US:OTHER",

⎯⎯⎯⎯⎯⎯⎯⎯⎯⎯⎯⎯⎯⎯⎯⎯⎯⎯⎯⎯⎯⎯[13/39]⎯

 FAIL  app/components/trade-review-workspace.test.tsx > TradeReviewWorkspace > keeps saved intraday replay state pending until lazy data settles
Error: Test timed out in 5000ms.
If this is a long-running test, pass a timeout value as the last argument or configure it globally with "testTimeout".
 ❯ app/components/trade-review-workspace.test.tsx:1798:3
    1796|   });
    1797|
    1798|   it("keeps saved intraday replay state pending until lazy data settle…
       |   ^
    1799|     const user = userEvent.setup();
    1800|     const execution = availabilityExecution({

⎯⎯⎯⎯⎯⎯⎯⎯⎯⎯⎯⎯⎯⎯⎯⎯⎯⎯⎯⎯⎯⎯[14/39]⎯

 FAIL  app/components/trade-review-workspace.test.tsx > TradeReviewWorkspace > does not label daily-only partial coverage as overall market data availability
TestingLibraryElementError: Unable to find a label with the text of: 图表工具栏

Ignored nodes: comments, script, style
[36m<body>[39m
  [36m<div>[39m
    [36m<main[39m
      [33mclass[39m=[32m"trade-review-app is-review"[39m
    [36m>[39m
      [36m<input[39m
        [33maccept[39m=[32m".xlsx,.xls,.pdf"[39m
        [33maria-label[39m=[32m"导入交易记录"[39m
        [33mhidden[39m=[32m""[39m
        [33mmultiple[39m=[32m""[39m
        [33mtype[39m=[32m"file"[39m
      [36m/>[39m
      [36m<input[39m
        [33maccept[39m=[32m".csv,text/csv"[39m
        [33maria-label[39m=[32m"导入 TradingView 模拟交易"[39m
        [33mhidden[39m=[32m""[39m
        [33mtype[39m=[32m"file"[39m
      [36m/>[39m
      [36m<input[39m
        [33maccept[39m=[32m"image/jpeg,image/png,image/webp,.jpg,.jpeg,.png,.webp"[39m
        [33maria-label[39m=[32m"从截图恢复交易"[39m
        [33mhidden[39m=[32m""[39m
        [33mmultiple[39m=[32m""[39m
        [33mtype[39m=[32m"file"[39m
      [36m/>[39m
      [36m<aside[39m
        [33maria-label[39m=[32m"主导航"[39m
        [33mclass[39m=[32m"app-header app-sidebar "[39m
      [36m>[39m
        [36m<div[39m
          [33mclass[39m=[32m"brand"[39m
        [36m>[39m
          [36m<div[39m
            [33mclass[39m=[32m"brand-mark"[39m
          [36m>[39m
            [36m<svg[39m
              [33maria-hidden[39m=[32m"true"[39m
              [33mclass[39m=[32m"lucide lucide-book-open-check"[39m
              [33mfill[39m=[32m"none"[39m
              [33mheight[39m=[32m"19"[39m
              [33mstroke[39m=[32m"currentColor"[39m
              [33mstroke-linecap[39m=[32m"round"[39m
              [33mstroke-linejoin[39m=[32m"round"[39m
              [33mstroke-width[39m=[32m"2"[39m
              [33mviewBox[39m=[32m"0 0 24 24"[39m
              [33mwidth[39m=[32m"19"[39m
              [33mxmlns[39m=[32m"http://www.w3.org/2000/svg"[39m
            [36m>[39m
              [36m<path[39m
                [33md[39m=[32m"M12 5v16"[39m
              [36m/>[39m
              [36m<path[39m
                [33md[39m=[32m"m16 12 2 2 4-4"[39m
              [36m/>[39m
              [36m<path[39m
                [33md[39m=[32m"M22 6V5a2 2 0 00-1.999-2L16 3.002A5 5 0 0012 5a5 5 0 00-4-2H4a2 2 0 00-2 2v12a2 2 0 001.999 2H8a5 5 0 014 2 5 5 0 014-2h4.001A2 2 0 0022 17v-1.344"[39m
              [36m/>[39m
            [36m</svg>[39m
          [36m</div>[39m
          [36m<div>[39m
            [36m<strong>[39m
              [0mTradeReview[0m
            [36m</strong>[39m
            [36m<span>[39m
              [0m历史交易复盘[0m
            [36m</span>[39m
          [36m</div>[39m
        [36m</div>[39m
        [36m<button[39m
          [33maria-controls[39m=[32m"primary-navigation"[39m
          [33maria-expanded[39m=[32m"false"[39m
          [33maria-label[39m=[32m"导航"[39m
          [33mclass[39m=[32m"mobile-nav-trigger"[39m
          [33mtype[39m=[32m"button"[39m
        [36m>[39m
          [36m<svg[39m
            [33maria-hidden[39m=[32m"true"[39m
            [33mclass[39m=[32m"lucide lucide-menu"[39m
            [33mfill[39m=[32m"none"[39m
            [33mheight[39m=[32m"18"[39m
            [33mstroke[39m=[32m"currentColor"[39m
            [33mstroke-linecap[39m=[32m"round"[39m
            [33mstroke-linejoin[39m=[32m"round"[39m
            [33mstroke-width[39m=[32m"2"[39m
            [33mviewBox[39m=[32m"0 0 24 24"[39m
            [33mwidth[39m=[32m"18"[39m
            [33mxmlns[39m=[32m"http://www.w3.org/2000/svg"[39m
          [36m>[39m
            [36m<path[39m
              [33md[39m=[32m"M4 5h16"[39m
            [36m/>[39m
            [36m<path[39m
              [33md[39m=[32m"M4 12h16"[39m
            [36m/>[39m
            [36m<path[39m
              [33md[39m=[32m"M4 19h16"[39m
            [36m/>[39m
          [36m</svg>[39m
          [36m<span>[39m
            [0m导航[0m
          [36m</span>[39m
        [36m</button>[39m
        [36m<nav[39m
          [33maria-label[39m=[32m"主导航"[39m
          [33mclass[39m=[32m"app-nav"[39m
          [33mid[39m=[32m"primary-navigation"[39m
        [36m>[39m
          [36m<button[39m
            [33maria-label[39m=[32m"我的交易室"[39m
            [33mclass[39m=[32m""[39m
            [33mtitle[39m=[32m"我的交易室"[39m
            [33mtype[39m=[32m"button"[39m
          [36m>[39m
            [36m<svg[39m
              [33maria-hidden[39m=[32m"true"[39m
              [33mclass[39m=[32m"lucide lucide-layout-dashboard"[39m
              [33mfill[39m=[32m"none"[39m
              [33mheight[39m=[32m"16"[39m
              [33mstroke[39m=[32m"currentColor"[39m
              [33mstroke-linecap[39m=[32m"round"[39m
              [33mstroke-linejoin[39m=[32m"round"[39m
              [33mstroke-width[39m=[32m"2"[39m
              [33mviewBox[39m=[32m"0 0 24 24"[39m
              [33mwidth[39m=[32m"16"[39m
              [33mxmlns[39m=[32m"http://www.w3.org/2000/svg"[39m
            [36m>[39m
              [36m<rect[39m
                [33mheight[39m=[32m"9"[39m
                [33mrx[39m=[32m"1"[39m
                [33mwidth[39m=[32m"7"[39m
                [33mx[39m=[32m"3"[39m
                [33my[39m=[32m"3"[39m
              [36m/>[39m
              [36m<rect[39m
                [33mheight[39m=[32m"5"[39m
                [33mrx[39m=[32m"1"[39m
                [33mwidth[39m=[32m"7"[39m
                [33mx[39m=[32m"14"[39m
                [33my[39m=[32m"3"[39m
              [36m/>[39m
              [36m<rect[39m
                [33mheight[39m=[32m"9"[39m
                [33mrx[39m=[32m"1"[39m
                [33mwidth[39m=[32m"7"[39m
                [33mx[39m=[32m"14"[39m
                [33my[39m=[32m"12"[39m
              [36m/>[39m
              [36m<rect[39m
                [33mheight[39m=[32m"5"[39m
                [33mrx[39m=[32m"1"[39m
                [33mwidth[39m=[32m"7"[39m
                [33mx[39m=[32m"3"[39m
                [33my[39m=[32m"16"[39m
              [36m/>[39m
            [36m</svg>[39m
            [36m<span[39m
              [33mclass[39m=[32m"app-nav-label"[39m
            [36m>[39m
              [0m我的交易室[0m
            [36m</span>[39m
          [36m</button>[39m
          [36m<button[39m
            [33maria-label[39m=[32m"交易库"[39m
            [33mclass[39m=[32m""[39m
            [33mtitle[39m=[32m"交易库"[39m
            [33mtype[39m=[32m"button"[39m
          [36m>[39m
            [36m<svg[39m
              [33maria-hidden[39m=[32m"true"[39m
              [33mclass[39m=[32m"lucide lucide-book-open-check"[39m
              [33mfill[39m=[32m"none"[39m
              [33mheight[39m=[32m"16"[39m
              [33mstroke[39m=[32m"currentColo...

Ignored nodes: comments, script, style
[36m<body>[39m
  [36m<div>[39m
    [36m<main[39m
      [33mclass[39m=[32m"trade-review-app is-review"[39m
    [36m>[39m
      [36m<input[39m
        [33maccept[39m=[32m".xlsx,.xls,.pdf"[39m
        [33maria-label[39m=[32m"导入交易记录"[39m
        [33mhidden[39m=[32m""[39m
        [33mmultiple[39m=[32m""[39m
        [33mtype[39m=[32m"file"[39m
      [36m/>[39m
      [36m<input[39m
        [33maccept[39m=[32m".csv,text/csv"[39m
        [33maria-label[39m=[32m"导入 TradingView 模拟交易"[39m
        [33mhidden[39m=[32m""[39m
        [33mtype[39m=[32m"file"[39m
      [36m/>[39m
      [36m<input[39m
        [33maccept[39m=[32m"image/jpeg,image/png,image/webp,.jpg,.jpeg,.png,.webp"[39m
        [33maria-label[39m=[32m"从截图恢复交易"[39m
        [33mhidden[39m=[32m""[39m
        [33mmultiple[39m=[32m""[39m
        [33mtype[39m=[32m"file"[39m
      [36m/>[39m
      [36m<aside[39m
        [33maria-label[39m=[32m"主导航"[39m
        [33mclass[39m=[32m"app-header app-sidebar "[39m
      [36m>[39m
        [36m<div[39m
          [33mclass[39m=[32m"brand"[39m
        [36m>[39m
          [36m<div[39m
            [33mclass[39m=[32m"brand-mark"[39m
          [36m>[39m
            [36m<svg[39m
              [33maria-hidden[39m=[32m"true"[39m
              [33mclass[39m=[32m"lucide lucide-book-open-check"[39m
              [33mfill[39m=[32m"none"[39m
              [33mheight[39m=[32m"19"[39m
              [33mstroke[39m=[32m"currentColor"[39m
              [33mstroke-linecap[39m=[32m"round"[39m
              [33mstroke-linejoin[39m=[32m"round"[39m
              [33mstroke-width[39m=[32m"2"[39m
              [33mviewBox[39m=[32m"0 0 24 24"[39m
              [33mwidth[39m=[32m"19"[39m
              [33mxmlns[39m=[32m"http://www.w3.org/2000/svg"[39m
            [36m>[39m
              [36m<path[39m
                [33md[39m=[32m"M12 5v16"[39m
              [36m/>[39m
              [36m<path[39m
                [33md[39m=[32m"m16 12 2 2 4-4"[39m
              [36m/>[39m
              [36m<path[39m
                [33md[39m=[32m"M22 6V5a2 2 0 00-1.999-2L16 3.002A5 5 0 0012 5a5 5 0 00-4-2H4a2 2 0 00-2 2v12a2 2 0 001.999 2H8a5 5 0 014 2 5 5 0 014-2h4.001A2 2 0 0022 17v-1.344"[39m
              [36m/>[39m
            [36m</svg>[39m
          [36m</div>[39m
          [36m<div>[39m
            [36m<strong>[39m
              [0mTradeReview[0m
            [36m</strong>[39m
            [36m<span>[39m
              [0m历史交易复盘[0m
            [36m</span>[39m
          [36m</div>[39m
        [36m</div>[39m
        [36m<button[39m
          [33maria-controls[39m=[32m"primary-navigation"[39m
          [33maria-expanded[39m=[32m"false"[39m
          [33maria-label[39m=[32m"导航"[39m
          [33mclass[39m=[32m"mobile-nav-trigger"[39m
          [33mtype[39m=[32m"button"[39m
        [36m>[39m
          [36m<svg[39m
            [33maria-hidden[39m=[32m"true"[39m
            [33mclass[39m=[32m"lucide lucide-menu"[39m
            [33mfill[39m=[32m"none"[39m
            [33mheight[39m=[32m"18"[39m
            [33mstroke[39m=[32m"currentColor"[39m
            [33mstroke-linecap[39m=[32m"round"[39m
            [33mstroke-linejoin[39m=[32m"round"[39m
            [33mstroke-width[39m=[32m"2"[39m
            [33mviewBox[39m=[32m"0 0 24 24"[39m
            [33mwidth[39m=[32m"18"[39m
            [33mxmlns[39m=[32m"http://www.w3.org/2000/svg"[39m
          [36m>[39m
            [36m<path[39m
              [33md[39m=[32m"M4 5h16"[39m
            [36m/>[39m
            [36m<path[39m
              [33md[39m=[32m"M4 12h16"[39m
            [36m/>[39m
            [36m<path[39m
              [33md[39m=[32m"M4 19h16"[39m
            [36m/>[39m
          [36m</svg>[39m
          [36m<span>[39m
            [0m导航[0m
          [36m</span>[39m
        [36m</button>[39m
        [36m<nav[39m
          [33maria-label[39m=[32m"主导航"[39m
          [33mclass[39m=[32m"app-nav"[39m
          [33mid[39m=[32m"primary-navigation"[39m
        [36m>[39m
          [36m<button[39m
            [33maria-label[39m=[32m"我的交易室"[39m
            [33mclass[39m=[32m""[39m
            [33mtitle[39m=[32m"我的交易室"[39m
            [33mtype[39m=[32m"button"[39m
          [36m>[39m
            [36m<svg[39m
              [33maria-hidden[39m=[32m"true"[39m
              [33mclass[39m=[32m"lucide lucide-layout-dashboard"[39m
              [33mfill[39m=[32m"none"[39m
              [33mheight[39m=[32m"16"[39m
              [33mstroke[39m=[32m"currentColor"[39m
              [33mstroke-linecap[39m=[32m"round"[39m
              [33mstroke-linejoin[39m=[32m"round"[39m
              [33mstroke-width[39m=[32m"2"[39m
              [33mviewBox[39m=[32m"0 0 24 24"[39m
              [33mwidth[39m=[32m"16"[39m
              [33mxmlns[39m=[32m"http://www.w3.org/2000/svg"[39m
            [36m>[39m
              [36m<rect[39m
                [33mheight[39m=[32m"9"[39m
                [33mrx[39m=[32m"1"[39m
                [33mwidth[39m=[32m"7"[39m
                [33mx[39m=[32m"3"[39m
                [33my[39m=[32m"3"[39m
              [36m/>[39m
              [36m<rect[39m
                [33mheight[39m=[32m"5"[39m
                [33mrx[39m=[32m"1"[39m
                [33mwidth[39m=[32m"7"[39m
                [33mx[39m=[32m"14"[39m
                [33my[39m=[32m"3"[39m
              [36m/>[39m
              [36m<rect[39m
                [33mheight[39m=[32m"9"[39m
                [33mrx[39m=[32m"1"[39m
                [33mwidth[39m=[32m"7"[39m
                [33mx[39m=[32m"14"[39m
                [33my[39m=[32m"12"[39m
              [36m/>[39m
              [36m<rect[39m
                [33mheight[39m=[32m"5"[39m
                [33mrx[39m=[32m"1"[39m
                [33mwidth[39m=[32m"7"[39m
                [33mx[39m=[32m"3"[39m
                [33my[39m=[32m"16"[39m
              [36m/>[39m
            [36m</svg>[39m
            [36m<span[39m
              [33mclass[39m=[32m"app-nav-label"[39m
            [36m>[39m
              [0m我的交易室[0m
            [36m</span>[39m
          [36m</button>[39m
          [36m<button[39m
            [33maria-label[39m=[32m"交易库"[39m
            [33mclass[39m=[32m""[39m
            [33mtitle[39m=[32m"交易库"[39m
            [33mtype[39m=[32m"button"[39m
          [36m>[39m
            [36m<svg[39m
              [33maria-hidden[39m=[32m"true"[39m
              [33mclass[39m=[32m"lucide lucide-book-open-check"[39m
              [33mfill[39m=[32m"none"[39m
              [33mheight[39m=[32m"16"[39m
              [33mstroke[39m=[32m"currentColo...
 ❯ waitForWrapper node_modules/@testing-library/dom/dist/wait-for.js:163:27
 ❯ node_modules/@testing-library/dom/dist/query-helpers.js:86:33
 ❯ enterImportedReviewFromDashboard app/components/trade-review-workspace.test.tsx:1040:18
    1038|     if (!round) throw new Error("目标标的没有可打开的交易回合");
    1039|     await user.click(round);
    1040|     await screen.findByLabelText("图表工具栏");
       |                  ^
    1041|   }
    1042|
 ❯ app/components/trade-review-workspace.test.tsx:2031:5

⎯⎯⎯⎯⎯⎯⎯⎯⎯⎯⎯⎯⎯⎯⎯⎯⎯⎯⎯⎯⎯⎯[15/39]⎯

 FAIL  app/components/trade-review-workspace.test.tsx > TradeReviewWorkspace > marks a short hourly cache as updatable even when daily data is absent
TestingLibraryElementError: Unable to find a label with the text of: 图表工具栏

Ignored nodes: comments, script, style
[36m<body>[39m
  [36m<div>[39m
    [36m<main[39m
      [33mclass[39m=[32m"trade-review-app is-review"[39m
    [36m>[39m
      [36m<input[39m
        [33maccept[39m=[32m".xlsx,.xls,.pdf"[39m
        [33maria-label[39m=[32m"导入交易记录"[39m
        [33mhidden[39m=[32m""[39m
        [33mmultiple[39m=[32m""[39m
        [33mtype[39m=[32m"file"[39m
      [36m/>[39m
      [36m<input[39m
        [33maccept[39m=[32m".csv,text/csv"[39m
        [33maria-label[39m=[32m"导入 TradingView 模拟交易"[39m
        [33mhidden[39m=[32m""[39m
        [33mtype[39m=[32m"file"[39m
      [36m/>[39m
      [36m<input[39m
        [33maccept[39m=[32m"image/jpeg,image/png,image/webp,.jpg,.jpeg,.png,.webp"[39m
        [33maria-label[39m=[32m"从截图恢复交易"[39m
        [33mhidden[39m=[32m""[39m
        [33mmultiple[39m=[32m""[39m
        [33mtype[39m=[32m"file"[39m
      [36m/>[39m
      [36m<aside[39m
        [33maria-label[39m=[32m"主导航"[39m
        [33mclass[39m=[32m"app-header app-sidebar "[39m
      [36m>[39m
        [36m<div[39m
          [33mclass[39m=[32m"brand"[39m
        [36m>[39m
          [36m<div[39m
            [33mclass[39m=[32m"brand-mark"[39m
          [36m>[39m
            [36m<svg[39m
              [33maria-hidden[39m=[32m"true"[39m
              [33mclass[39m=[32m"lucide lucide-book-open-check"[39m
              [33mfill[39m=[32m"none"[39m
              [33mheight[39m=[32m"19"[39m
              [33mstroke[39m=[32m"currentColor"[39m
              [33mstroke-linecap[39m=[32m"round"[39m
              [33mstroke-linejoin[39m=[32m"round"[39m
              [33mstroke-width[39m=[32m"2"[39m
              [33mviewBox[39m=[32m"0 0 24 24"[39m
              [33mwidth[39m=[32m"19"[39m
              [33mxmlns[39m=[32m"http://www.w3.org/2000/svg"[39m
            [36m>[39m
              [36m<path[39m
                [33md[39m=[32m"M12 5v16"[39m
              [36m/>[39m
              [36m<path[39m
                [33md[39m=[32m"m16 12 2 2 4-4"[39m
              [36m/>[39m
              [36m<path[39m
                [33md[39m=[32m"M22 6V5a2 2 0 00-1.999-2L16 3.002A5 5 0 0012 5a5 5 0 00-4-2H4a2 2 0 00-2 2v12a2 2 0 001.999 2H8a5 5 0 014 2 5 5 0 014-2h4.001A2 2 0 0022 17v-1.344"[39m
              [36m/>[39m
            [36m</svg>[39m
          [36m</div>[39m
          [36m<div>[39m
            [36m<strong>[39m
              [0mTradeReview[0m
            [36m</strong>[39m
            [36m<span>[39m
              [0m历史交易复盘[0m
            [36m</span>[39m
          [36m</div>[39m
        [36m</div>[39m
        [36m<button[39m
          [33maria-controls[39m=[32m"primary-navigation"[39m
          [33maria-expanded[39m=[32m"false"[39m
          [33maria-label[39m=[32m"导航"[39m
          [33mclass[39m=[32m"mobile-nav-trigger"[39m
          [33mtype[39m=[32m"button"[39m
        [36m>[39m
          [36m<svg[39m
            [33maria-hidden[39m=[32m"true"[39m
            [33mclass[39m=[32m"lucide lucide-menu"[39m
            [33mfill[39m=[32m"none"[39m
            [33mheight[39m=[32m"18"[39m
            [33mstroke[39m=[32m"currentColor"[39m
            [33mstroke-linecap[39m=[32m"round"[39m
            [33mstroke-linejoin[39m=[32m"round"[39m
            [33mstroke-width[39m=[32m"2"[39m
            [33mviewBox[39m=[32m"0 0 24 24"[39m
            [33mwidth[39m=[32m"18"[39m
            [33mxmlns[39m=[32m"http://www.w3.org/2000/svg"[39m
          [36m>[39m
            [36m<path[39m
              [33md[39m=[32m"M4 5h16"[39m
            [36m/>[39m
            [36m<path[39m
              [33md[39m=[32m"M4 12h16"[39m
            [36m/>[39m
            [36m<path[39m
              [33md[39m=[32m"M4 19h16"[39m
            [36m/>[39m
          [36m</svg>[39m
          [36m<span>[39m
            [0m导航[0m
          [36m</span>[39m
        [36m</button>[39m
        [36m<nav[39m
          [33maria-label[39m=[32m"主导航"[39m
          [33mclass[39m=[32m"app-nav"[39m
          [33mid[39m=[32m"primary-navigation"[39m
        [36m>[39m
          [36m<button[39m
            [33maria-label[39m=[32m"我的交易室"[39m
            [33mclass[39m=[32m""[39m
            [33mtitle[39m=[32m"我的交易室"[39m
            [33mtype[39m=[32m"button"[39m
          [36m>[39m
            [36m<svg[39m
              [33maria-hidden[39m=[32m"true"[39m
              [33mclass[39m=[32m"lucide lucide-layout-dashboard"[39m
              [33mfill[39m=[32m"none"[39m
              [33mheight[39m=[32m"16"[39m
              [33mstroke[39m=[32m"currentColor"[39m
              [33mstroke-linecap[39m=[32m"round"[39m
              [33mstroke-linejoin[39m=[32m"round"[39m
              [33mstroke-width[39m=[32m"2"[39m
              [33mviewBox[39m=[32m"0 0 24 24"[39m
              [33mwidth[39m=[32m"16"[39m
              [33mxmlns[39m=[32m"http://www.w3.org/2000/svg"[39m
            [36m>[39m
              [36m<rect[39m
                [33mheight[39m=[32m"9"[39m
                [33mrx[39m=[32m"1"[39m
                [33mwidth[39m=[32m"7"[39m
                [33mx[39m=[32m"3"[39m
                [33my[39m=[32m"3"[39m
              [36m/>[39m
              [36m<rect[39m
                [33mheight[39m=[32m"5"[39m
                [33mrx[39m=[32m"1"[39m
                [33mwidth[39m=[32m"7"[39m
                [33mx[39m=[32m"14"[39m
                [33my[39m=[32m"3"[39m
              [36m/>[39m
              [36m<rect[39m
                [33mheight[39m=[32m"9"[39m
                [33mrx[39m=[32m"1"[39m
                [33mwidth[39m=[32m"7"[39m
                [33mx[39m=[32m"14"[39m
                [33my[39m=[32m"12"[39m
              [36m/>[39m
              [36m<rect[39m
                [33mheight[39m=[32m"5"[39m
                [33mrx[39m=[32m"1"[39m
                [33mwidth[39m=[32m"7"[39m
                [33mx[39m=[32m"3"[39m
                [33my[39m=[32m"16"[39m
              [36m/>[39m
            [36m</svg>[39m
            [36m<span[39m
              [33mclass[39m=[32m"app-nav-label"[39m
            [36m>[39m
              [0m我的交易室[0m
            [36m</span>[39m
          [36m</button>[39m
          [36m<button[39m
            [33maria-label[39m=[32m"交易库"[39m
            [33mclass[39m=[32m""[39m
            [33mtitle[39m=[32m"交易库"[39m
            [33mtype[39m=[32m"button"[39m
          [36m>[39m
            [36m<svg[39m
              [33maria-hidden[39m=[32m"true"[39m
              [33mclass[39m=[32m"lucide lucide-book-open-check"[39m
              [33mfill[39m=[32m"none"[39m
              [33mheight[39m=[32m"16"[39m
              [33mstroke[39m=[32m"currentColo...

Ignored nodes: comments, script, style
[36m<body>[39m
  [36m<div>[39m
    [36m<main[39m
      [33mclass[39m=[32m"trade-review-app is-review"[39m
    [36m>[39m
      [36m<input[39m
        [33maccept[39m=[32m".xlsx,.xls,.pdf"[39m
        [33maria-label[39m=[32m"导入交易记录"[39m
        [33mhidden[39m=[32m""[39m
        [33mmultiple[39m=[32m""[39m
        [33mtype[39m=[32m"file"[39m
      [36m/>[39m
      [36m<input[39m
        [33maccept[39m=[32m".csv,text/csv"[39m
        [33maria-label[39m=[32m"导入 TradingView 模拟交易"[39m
        [33mhidden[39m=[32m""[39m
        [33mtype[39m=[32m"file"[39m
      [36m/>[39m
      [36m<input[39m
        [33maccept[39m=[32m"image/jpeg,image/png,image/webp,.jpg,.jpeg,.png,.webp"[39m
        [33maria-label[39m=[32m"从截图恢复交易"[39m
        [33mhidden[39m=[32m""[39m
        [33mmultiple[39m=[32m""[39m
        [33mtype[39m=[32m"file"[39m
      [36m/>[39m
      [36m<aside[39m
        [33maria-label[39m=[32m"主导航"[39m
        [33mclass[39m=[32m"app-header app-sidebar "[39m
      [36m>[39m
        [36m<div[39m
          [33mclass[39m=[32m"brand"[39m
        [36m>[39m
          [36m<div[39m
            [33mclass[39m=[32m"brand-mark"[39m
          [36m>[39m
            [36m<svg[39m
              [33maria-hidden[39m=[32m"true"[39m
              [33mclass[39m=[32m"lucide lucide-book-open-check"[39m
              [33mfill[39m=[32m"none"[39m
              [33mheight[39m=[32m"19"[39m
              [33mstroke[39m=[32m"currentColor"[39m
              [33mstroke-linecap[39m=[32m"round"[39m
              [33mstroke-linejoin[39m=[32m"round"[39m
              [33mstroke-width[39m=[32m"2"[39m
              [33mviewBox[39m=[32m"0 0 24 24"[39m
              [33mwidth[39m=[32m"19"[39m
              [33mxmlns[39m=[32m"http://www.w3.org/2000/svg"[39m
            [36m>[39m
              [36m<path[39m
                [33md[39m=[32m"M12 5v16"[39m
              [36m/>[39m
              [36m<path[39m
                [33md[39m=[32m"m16 12 2 2 4-4"[39m
              [36m/>[39m
              [36m<path[39m
                [33md[39m=[32m"M22 6V5a2 2 0 00-1.999-2L16 3.002A5 5 0 0012 5a5 5 0 00-4-2H4a2 2 0 00-2 2v12a2 2 0 001.999 2H8a5 5 0 014 2 5 5 0 014-2h4.001A2 2 0 0022 17v-1.344"[39m
              [36m/>[39m
            [36m</svg>[39m
          [36m</div>[39m
          [36m<div>[39m
            [36m<strong>[39m
              [0mTradeReview[0m
            [36m</strong>[39m
            [36m<span>[39m
              [0m历史交易复盘[0m
            [36m</span>[39m
          [36m</div>[39m
        [36m</div>[39m
        [36m<button[39m
          [33maria-controls[39m=[32m"primary-navigation"[39m
          [33maria-expanded[39m=[32m"false"[39m
          [33maria-label[39m=[32m"导航"[39m
          [33mclass[39m=[32m"mobile-nav-trigger"[39m
          [33mtype[39m=[32m"button"[39m
        [36m>[39m
          [36m<svg[39m
            [33maria-hidden[39m=[32m"true"[39m
            [33mclass[39m=[32m"lucide lucide-menu"[39m
            [33mfill[39m=[32m"none"[39m
            [33mheight[39m=[32m"18"[39m
            [33mstroke[39m=[32m"currentColor"[39m
            [33mstroke-linecap[39m=[32m"round"[39m
            [33mstroke-linejoin[39m=[32m"round"[39m
            [33mstroke-width[39m=[32m"2"[39m
            [33mviewBox[39m=[32m"0 0 24 24"[39m
            [33mwidth[39m=[32m"18"[39m
            [33mxmlns[39m=[32m"http://www.w3.org/2000/svg"[39m
          [36m>[39m
            [36m<path[39m
              [33md[39m=[32m"M4 5h16"[39m
            [36m/>[39m
            [36m<path[39m
              [33md[39m=[32m"M4 12h16"[39m
            [36m/>[39m
            [36m<path[39m
              [33md[39m=[32m"M4 19h16"[39m
            [36m/>[39m
          [36m</svg>[39m
          [36m<span>[39m
            [0m导航[0m
          [36m</span>[39m
        [36m</button>[39m
        [36m<nav[39m
          [33maria-label[39m=[32m"主导航"[39m
          [33mclass[39m=[32m"app-nav"[39m
          [33mid[39m=[32m"primary-navigation"[39m
        [36m>[39m
          [36m<button[39m
            [33maria-label[39m=[32m"我的交易室"[39m
            [33mclass[39m=[32m""[39m
            [33mtitle[39m=[32m"我的交易室"[39m
            [33mtype[39m=[32m"button"[39m
          [36m>[39m
            [36m<svg[39m
              [33maria-hidden[39m=[32m"true"[39m
              [33mclass[39m=[32m"lucide lucide-layout-dashboard"[39m
              [33mfill[39m=[32m"none"[39m
              [33mheight[39m=[32m"16"[39m
              [33mstroke[39m=[32m"currentColor"[39m
              [33mstroke-linecap[39m=[32m"round"[39m
              [33mstroke-linejoin[39m=[32m"round"[39m
              [33mstroke-width[39m=[32m"2"[39m
              [33mviewBox[39m=[32m"0 0 24 24"[39m
              [33mwidth[39m=[32m"16"[39m
              [33mxmlns[39m=[32m"http://www.w3.org/2000/svg"[39m
            [36m>[39m
              [36m<rect[39m
                [33mheight[39m=[32m"9"[39m
                [33mrx[39m=[32m"1"[39m
                [33mwidth[39m=[32m"7"[39m
                [33mx[39m=[32m"3"[39m
                [33my[39m=[32m"3"[39m
              [36m/>[39m
              [36m<rect[39m
                [33mheight[39m=[32m"5"[39m
                [33mrx[39m=[32m"1"[39m
                [33mwidth[39m=[32m"7"[39m
                [33mx[39m=[32m"14"[39m
                [33my[39m=[32m"3"[39m
              [36m/>[39m
              [36m<rect[39m
                [33mheight[39m=[32m"9"[39m
                [33mrx[39m=[32m"1"[39m
                [33mwidth[39m=[32m"7"[39m
                [33mx[39m=[32m"14"[39m
                [33my[39m=[32m"12"[39m
              [36m/>[39m
              [36m<rect[39m
                [33mheight[39m=[32m"5"[39m
                [33mrx[39m=[32m"1"[39m
                [33mwidth[39m=[32m"7"[39m
                [33mx[39m=[32m"3"[39m
                [33my[39m=[32m"16"[39m
              [36m/>[39m
            [36m</svg>[39m
            [36m<span[39m
              [33mclass[39m=[32m"app-nav-label"[39m
            [36m>[39m
              [0m我的交易室[0m
            [36m</span>[39m
          [36m</button>[39m
          [36m<button[39m
            [33maria-label[39m=[32m"交易库"[39m
            [33mclass[39m=[32m""[39m
            [33mtitle[39m=[32m"交易库"[39m
            [33mtype[39m=[32m"button"[39m
          [36m>[39m
            [36m<svg[39m
              [33maria-hidden[39m=[32m"true"[39m
              [33mclass[39m=[32m"lucide lucide-book-open-check"[39m
              [33mfill[39m=[32m"none"[39m
              [33mheight[39m=[32m"16"[39m
              [33mstroke[39m=[32m"currentColo...
 ❯ waitForWrapper node_modules/@testing-library/dom/dist/wait-for.js:163:27
 ❯ node_modules/@testing-library/dom/dist/query-helpers.js:86:33
 ❯ enterImportedReviewFromDashboard app/components/trade-review-workspace.test.tsx:1040:18
    1038|     if (!round) throw new Error("目标标的没有可打开的交易回合");
    1039|     await user.click(round);
    1040|     await screen.findByLabelText("图表工具栏");
       |                  ^
    1041|   }
    1042|
 ❯ app/components/trade-review-workspace.test.tsx:2053:5

⎯⎯⎯⎯⎯⎯⎯⎯⎯⎯⎯⎯⎯⎯⎯⎯⎯⎯⎯⎯⎯⎯[16/39]⎯

 FAIL  app/components/trade-review-workspace.test.tsx > TradeReviewWorkspace > does not block the selected replay on another stock's market data
Error: Test timed out in 5000ms.
If this is a long-running test, pass a timeout value as the last argument or configure it globally with "testTimeout".
 ❯ app/components/trade-review-workspace.test.tsx:2064:3
    2062|   });
    2063|
    2064|   it("does not block the selected replay on another stock's market dat…
       |   ^
    2065|     const otherInstrument = {
    2066|       id: "US:ZZZ",

⎯⎯⎯⎯⎯⎯⎯⎯⎯⎯⎯⎯⎯⎯⎯⎯⎯⎯⎯⎯⎯⎯[17/39]⎯

 FAIL  app/components/trade-review-workspace.test.tsx > TradeReviewWorkspace > keeps a persisted hourly provider failure visible when no cache exists
TestingLibraryElementError: Unable to find a label with the text of: 图表工具栏

Ignored nodes: comments, script, style
[36m<body>[39m
  [36m<div>[39m
    [36m<main[39m
      [33mclass[39m=[32m"trade-review-app is-review"[39m
    [36m>[39m
      [36m<input[39m
        [33maccept[39m=[32m".xlsx,.xls,.pdf"[39m
        [33maria-label[39m=[32m"导入交易记录"[39m
        [33mhidden[39m=[32m""[39m
        [33mmultiple[39m=[32m""[39m
        [33mtype[39m=[32m"file"[39m
      [36m/>[39m
      [36m<input[39m
        [33maccept[39m=[32m".csv,text/csv"[39m
        [33maria-label[39m=[32m"导入 TradingView 模拟交易"[39m
        [33mhidden[39m=[32m""[39m
        [33mtype[39m=[32m"file"[39m
      [36m/>[39m
      [36m<input[39m
        [33maccept[39m=[32m"image/jpeg,image/png,image/webp,.jpg,.jpeg,.png,.webp"[39m
        [33maria-label[39m=[32m"从截图恢复交易"[39m
        [33mhidden[39m=[32m""[39m
        [33mmultiple[39m=[32m""[39m
        [33mtype[39m=[32m"file"[39m
      [36m/>[39m
      [36m<aside[39m
        [33maria-label[39m=[32m"主导航"[39m
        [33mclass[39m=[32m"app-header app-sidebar "[39m
      [36m>[39m
        [36m<div[39m
          [33mclass[39m=[32m"brand"[39m
        [36m>[39m
          [36m<div[39m
            [33mclass[39m=[32m"brand-mark"[39m
          [36m>[39m
            [36m<svg[39m
              [33maria-hidden[39m=[32m"true"[39m
              [33mclass[39m=[32m"lucide lucide-book-open-check"[39m
              [33mfill[39m=[32m"none"[39m
              [33mheight[39m=[32m"19"[39m
              [33mstroke[39m=[32m"currentColor"[39m
              [33mstroke-linecap[39m=[32m"round"[39m
              [33mstroke-linejoin[39m=[32m"round"[39m
              [33mstroke-width[39m=[32m"2"[39m
              [33mviewBox[39m=[32m"0 0 24 24"[39m
              [33mwidth[39m=[32m"19"[39m
              [33mxmlns[39m=[32m"http://www.w3.org/2000/svg"[39m
            [36m>[39m
              [36m<path[39m
                [33md[39m=[32m"M12 5v16"[39m
              [36m/>[39m
              [36m<path[39m
                [33md[39m=[32m"m16 12 2 2 4-4"[39m
              [36m/>[39m
              [36m<path[39m
                [33md[39m=[32m"M22 6V5a2 2 0 00-1.999-2L16 3.002A5 5 0 0012 5a5 5 0 00-4-2H4a2 2 0 00-2 2v12a2 2 0 001.999 2H8a5 5 0 014 2 5 5 0 014-2h4.001A2 2 0 0022 17v-1.344"[39m
              [36m/>[39m
            [36m</svg>[39m
          [36m</div>[39m
          [36m<div>[39m
            [36m<strong>[39m
              [0mTradeReview[0m
            [36m</strong>[39m
            [36m<span>[39m
              [0m历史交易复盘[0m
            [36m</span>[39m
          [36m</div>[39m
        [36m</div>[39m
        [36m<button[39m
          [33maria-controls[39m=[32m"primary-navigation"[39m
          [33maria-expanded[39m=[32m"false"[39m
          [33maria-label[39m=[32m"导航"[39m
          [33mclass[39m=[32m"mobile-nav-trigger"[39m
          [33mtype[39m=[32m"button"[39m
        [36m>[39m
          [36m<svg[39m
            [33maria-hidden[39m=[32m"true"[39m
            [33mclass[39m=[32m"lucide lucide-menu"[39m
            [33mfill[39m=[32m"none"[39m
            [33mheight[39m=[32m"18"[39m
            [33mstroke[39m=[32m"currentColor"[39m
            [33mstroke-linecap[39m=[32m"round"[39m
            [33mstroke-linejoin[39m=[32m"round"[39m
            [33mstroke-width[39m=[32m"2"[39m
            [33mviewBox[39m=[32m"0 0 24 24"[39m
            [33mwidth[39m=[32m"18"[39m
            [33mxmlns[39m=[32m"http://www.w3.org/2000/svg"[39m
          [36m>[39m
            [36m<path[39m
              [33md[39m=[32m"M4 5h16"[39m
            [36m/>[39m
            [36m<path[39m
              [33md[39m=[32m"M4 12h16"[39m
            [36m/>[39m
            [36m<path[39m
              [33md[39m=[32m"M4 19h16"[39m
            [36m/>[39m
          [36m</svg>[39m
          [36m<span>[39m
            [0m导航[0m
          [36m</span>[39m
        [36m</button>[39m
        [36m<nav[39m
          [33maria-label[39m=[32m"主导航"[39m
          [33mclass[39m=[32m"app-nav"[39m
          [33mid[39m=[32m"primary-navigation"[39m
        [36m>[39m
          [36m<button[39m
            [33maria-label[39m=[32m"我的交易室"[39m
            [33mclass[39m=[32m""[39m
            [33mtitle[39m=[32m"我的交易室"[39m
            [33mtype[39m=[32m"button"[39m
          [36m>[39m
            [36m<svg[39m
              [33maria-hidden[39m=[32m"true"[39m
              [33mclass[39m=[32m"lucide lucide-layout-dashboard"[39m
              [33mfill[39m=[32m"none"[39m
              [33mheight[39m=[32m"16"[39m
              [33mstroke[39m=[32m"currentColor"[39m
              [33mstroke-linecap[39m=[32m"round"[39m
              [33mstroke-linejoin[39m=[32m"round"[39m
              [33mstroke-width[39m=[32m"2"[39m
              [33mviewBox[39m=[32m"0 0 24 24"[39m
              [33mwidth[39m=[32m"16"[39m
              [33mxmlns[39m=[32m"http://www.w3.org/2000/svg"[39m
            [36m>[39m
              [36m<rect[39m
                [33mheight[39m=[32m"9"[39m
                [33mrx[39m=[32m"1"[39m
                [33mwidth[39m=[32m"7"[39m
                [33mx[39m=[32m"3"[39m
                [33my[39m=[32m"3"[39m
              [36m/>[39m
              [36m<rect[39m
                [33mheight[39m=[32m"5"[39m
                [33mrx[39m=[32m"1"[39m
                [33mwidth[39m=[32m"7"[39m
                [33mx[39m=[32m"14"[39m
                [33my[39m=[32m"3"[39m
              [36m/>[39m
              [36m<rect[39m
                [33mheight[39m=[32m"9"[39m
                [33mrx[39m=[32m"1"[39m
                [33mwidth[39m=[32m"7"[39m
                [33mx[39m=[32m"14"[39m
                [33my[39m=[32m"12"[39m
              [36m/>[39m
              [36m<rect[39m
                [33mheight[39m=[32m"5"[39m
                [33mrx[39m=[32m"1"[39m
                [33mwidth[39m=[32m"7"[39m
                [33mx[39m=[32m"3"[39m
                [33my[39m=[32m"16"[39m
              [36m/>[39m
            [36m</svg>[39m
            [36m<span[39m
              [33mclass[39m=[32m"app-nav-label"[39m
            [36m>[39m
              [0m我的交易室[0m
            [36m</span>[39m
          [36m</button>[39m
          [36m<button[39m
            [33maria-label[39m=[32m"交易库"[39m
            [33mclass[39m=[32m""[39m
            [33mtitle[39m=[32m"交易库"[39m
            [33mtype[39m=[32m"button"[39m
          [36m>[39m
            [36m<svg[39m
              [33maria-hidden[39m=[32m"true"[39m
              [33mclass[39m=[32m"lucide lucide-book-open-check"[39m
              [33mfill[39m=[32m"none"[39m
              [33mheight[39m=[32m"16"[39m
              [33mstroke[39m=[32m"currentColo...

Ignored nodes: comments, script, style
[36m<body>[39m
  [36m<div>[39m
    [36m<main[39m
      [33mclass[39m=[32m"trade-review-app is-review"[39m
    [36m>[39m
      [36m<input[39m
        [33maccept[39m=[32m".xlsx,.xls,.pdf"[39m
        [33maria-label[39m=[32m"导入交易记录"[39m
        [33mhidden[39m=[32m""[39m
        [33mmultiple[39m=[32m""[39m
        [33mtype[39m=[32m"file"[39m
      [36m/>[39m
      [36m<input[39m
        [33maccept[39m=[32m".csv,text/csv"[39m
        [33maria-label[39m=[32m"导入 TradingView 模拟交易"[39m
        [33mhidden[39m=[32m""[39m
        [33mtype[39m=[32m"file"[39m
      [36m/>[39m
      [36m<input[39m
        [33maccept[39m=[32m"image/jpeg,image/png,image/webp,.jpg,.jpeg,.png,.webp"[39m
        [33maria-label[39m=[32m"从截图恢复交易"[39m
        [33mhidden[39m=[32m""[39m
        [33mmultiple[39m=[32m""[39m
        [33mtype[39m=[32m"file"[39m
      [36m/>[39m
      [36m<aside[39m
        [33maria-label[39m=[32m"主导航"[39m
        [33mclass[39m=[32m"app-header app-sidebar "[39m
      [36m>[39m
        [36m<div[39m
          [33mclass[39m=[32m"brand"[39m
        [36m>[39m
          [36m<div[39m
            [33mclass[39m=[32m"brand-mark"[39m
          [36m>[39m
            [36m<svg[39m
              [33maria-hidden[39m=[32m"true"[39m
              [33mclass[39m=[32m"lucide lucide-book-open-check"[39m
              [33mfill[39m=[32m"none"[39m
              [33mheight[39m=[32m"19"[39m
              [33mstroke[39m=[32m"currentColor"[39m
              [33mstroke-linecap[39m=[32m"round"[39m
              [33mstroke-linejoin[39m=[32m"round"[39m
              [33mstroke-width[39m=[32m"2"[39m
              [33mviewBox[39m=[32m"0 0 24 24"[39m
              [33mwidth[39m=[32m"19"[39m
              [33mxmlns[39m=[32m"http://www.w3.org/2000/svg"[39m
            [36m>[39m
              [36m<path[39m
                [33md[39m=[32m"M12 5v16"[39m
              [36m/>[39m
              [36m<path[39m
                [33md[39m=[32m"m16 12 2 2 4-4"[39m
              [36m/>[39m
              [36m<path[39m
                [33md[39m=[32m"M22 6V5a2 2 0 00-1.999-2L16 3.002A5 5 0 0012 5a5 5 0 00-4-2H4a2 2 0 00-2 2v12a2 2 0 001.999 2H8a5 5 0 014 2 5 5 0 014-2h4.001A2 2 0 0022 17v-1.344"[39m
              [36m/>[39m
            [36m</svg>[39m
          [36m</div>[39m
          [36m<div>[39m
            [36m<strong>[39m
              [0mTradeReview[0m
            [36m</strong>[39m
            [36m<span>[39m
              [0m历史交易复盘[0m
            [36m</span>[39m
          [36m</div>[39m
        [36m</div>[39m
        [36m<button[39m
          [33maria-controls[39m=[32m"primary-navigation"[39m
          [33maria-expanded[39m=[32m"false"[39m
          [33maria-label[39m=[32m"导航"[39m
          [33mclass[39m=[32m"mobile-nav-trigger"[39m
          [33mtype[39m=[32m"button"[39m
        [36m>[39m
          [36m<svg[39m
            [33maria-hidden[39m=[32m"true"[39m
            [33mclass[39m=[32m"lucide lucide-menu"[39m
            [33mfill[39m=[32m"none"[39m
            [33mheight[39m=[32m"18"[39m
            [33mstroke[39m=[32m"currentColor"[39m
            [33mstroke-linecap[39m=[32m"round"[39m
            [33mstroke-linejoin[39m=[32m"round"[39m
            [33mstroke-width[39m=[32m"2"[39m
            [33mviewBox[39m=[32m"0 0 24 24"[39m
            [33mwidth[39m=[32m"18"[39m
            [33mxmlns[39m=[32m"http://www.w3.org/2000/svg"[39m
          [36m>[39m
            [36m<path[39m
              [33md[39m=[32m"M4 5h16"[39m
            [36m/>[39m
            [36m<path[39m
              [33md[39m=[32m"M4 12h16"[39m
            [36m/>[39m
            [36m<path[39m
              [33md[39m=[32m"M4 19h16"[39m
            [36m/>[39m
          [36m</svg>[39m
          [36m<span>[39m
            [0m导航[0m
          [36m</span>[39m
        [36m</button>[39m
        [36m<nav[39m
          [33maria-label[39m=[32m"主导航"[39m
          [33mclass[39m=[32m"app-nav"[39m
          [33mid[39m=[32m"primary-navigation"[39m
        [36m>[39m
          [36m<button[39m
            [33maria-label[39m=[32m"我的交易室"[39m
            [33mclass[39m=[32m""[39m
            [33mtitle[39m=[32m"我的交易室"[39m
            [33mtype[39m=[32m"button"[39m
          [36m>[39m
            [36m<svg[39m
              [33maria-hidden[39m=[32m"true"[39m
              [33mclass[39m=[32m"lucide lucide-layout-dashboard"[39m
              [33mfill[39m=[32m"none"[39m
              [33mheight[39m=[32m"16"[39m
              [33mstroke[39m=[32m"currentColor"[39m
              [33mstroke-linecap[39m=[32m"round"[39m
              [33mstroke-linejoin[39m=[32m"round"[39m
              [33mstroke-width[39m=[32m"2"[39m
              [33mviewBox[39m=[32m"0 0 24 24"[39m
              [33mwidth[39m=[32m"16"[39m
              [33mxmlns[39m=[32m"http://www.w3.org/2000/svg"[39m
            [36m>[39m
              [36m<rect[39m
                [33mheight[39m=[32m"9"[39m
                [33mrx[39m=[32m"1"[39m
                [33mwidth[39m=[32m"7"[39m
                [33mx[39m=[32m"3"[39m
                [33my[39m=[32m"3"[39m
              [36m/>[39m
              [36m<rect[39m
                [33mheight[39m=[32m"5"[39m
                [33mrx[39m=[32m"1"[39m
                [33mwidth[39m=[32m"7"[39m
                [33mx[39m=[32m"14"[39m
                [33my[39m=[32m"3"[39m
              [36m/>[39m
              [36m<rect[39m
                [33mheight[39m=[32m"9"[39m
                [33mrx[39m=[32m"1"[39m
                [33mwidth[39m=[32m"7"[39m
                [33mx[39m=[32m"14"[39m
                [33my[39m=[32m"12"[39m
              [36m/>[39m
              [36m<rect[39m
                [33mheight[39m=[32m"5"[39m
                [33mrx[39m=[32m"1"[39m
                [33mwidth[39m=[32m"7"[39m
                [33mx[39m=[32m"3"[39m
                [33my[39m=[32m"16"[39m
              [36m/>[39m
            [36m</svg>[39m
            [36m<span[39m
              [33mclass[39m=[32m"app-nav-label"[39m
            [36m>[39m
              [0m我的交易室[0m
            [36m</span>[39m
          [36m</button>[39m
          [36m<button[39m
            [33maria-label[39m=[32m"交易库"[39m
            [33mclass[39m=[32m""[39m
            [33mtitle[39m=[32m"交易库"[39m
            [33mtype[39m=[32m"button"[39m
          [36m>[39m
            [36m<svg[39m
              [33maria-hidden[39m=[32m"true"[39m
              [33mclass[39m=[32m"lucide lucide-book-open-check"[39m
              [33mfill[39m=[32m"none"[39m
              [33mheight[39m=[32m"16"[39m
              [33mstroke[39m=[32m"currentColo...
 ❯ waitForWrapper node_modules/@testing-library/dom/dist/wait-for.js:163:27
 ❯ node_modules/@testing-library/dom/dist/query-helpers.js:86:33
 ❯ enterImportedReviewFromDashboard app/components/trade-review-workspace.test.tsx:1040:18
    1038|     if (!round) throw new Error("目标标的没有可打开的交易回合");
    1039|     await user.click(round);
    1040|     await screen.findByLabelText("图表工具栏");
       |                  ^
    1041|   }
    1042|
 ❯ app/components/trade-review-workspace.test.tsx:2194:5

⎯⎯⎯⎯⎯⎯⎯⎯⎯⎯⎯⎯⎯⎯⎯⎯⎯⎯⎯⎯⎯⎯[18/39]⎯

 FAIL  app/components/trade-review-workspace.test.tsx > TradeReviewWorkspace > preserves the review timeframe and cursor while top navigation re-enters training mode
Error: Test timed out in 5000ms.
If this is a long-running test, pass a timeout value as the last argument or configure it globally with "testTimeout".
 ❯ app/components/trade-review-workspace.test.tsx:2739:3
    2737|   });
    2738|
    2739|   it("preserves the review timeframe and cursor while top navigation r…
       |   ^
    2740|     const user = userEvent.setup();
    2741|     await renderGoldReplay([], "2026-06-26T08:30:00.000Z", "2026-06-26…

⎯⎯⎯⎯⎯⎯⎯⎯⎯⎯⎯⎯⎯⎯⎯⎯⎯⎯⎯⎯⎯⎯[19/39]⎯

 FAIL  app/components/trade-review-workspace.test.tsx > TradeReviewWorkspace > retains a Recall drawing draft per episode and gates completion until a snapshot exists
TestingLibraryElementError: Unable to find a label with the text of: 图表工具栏

Ignored nodes: comments, script, style
[36m<body>[39m
  [36m<div>[39m
    [36m<main[39m
      [33mclass[39m=[32m"trade-review-app is-review"[39m
    [36m>[39m
      [36m<input[39m
        [33maccept[39m=[32m".xlsx,.xls,.pdf"[39m
        [33maria-label[39m=[32m"导入交易记录"[39m
        [33mhidden[39m=[32m""[39m
        [33mmultiple[39m=[32m""[39m
        [33mtype[39m=[32m"file"[39m
      [36m/>[39m
      [36m<input[39m
        [33maccept[39m=[32m".csv,text/csv"[39m
        [33maria-label[39m=[32m"导入 TradingView 模拟交易"[39m
        [33mhidden[39m=[32m""[39m
        [33mtype[39m=[32m"file"[39m
      [36m/>[39m
      [36m<input[39m
        [33maccept[39m=[32m"image/jpeg,image/png,image/webp,.jpg,.jpeg,.png,.webp"[39m
        [33maria-label[39m=[32m"从截图恢复交易"[39m
        [33mhidden[39m=[32m""[39m
        [33mmultiple[39m=[32m""[39m
        [33mtype[39m=[32m"file"[39m
      [36m/>[39m
      [36m<aside[39m
        [33maria-label[39m=[32m"主导航"[39m
        [33mclass[39m=[32m"app-header app-sidebar "[39m
      [36m>[39m
        [36m<div[39m
          [33mclass[39m=[32m"brand"[39m
        [36m>[39m
          [36m<div[39m
            [33mclass[39m=[32m"brand-mark"[39m
          [36m>[39m
            [36m<svg[39m
              [33maria-hidden[39m=[32m"true"[39m
              [33mclass[39m=[32m"lucide lucide-book-open-check"[39m
              [33mfill[39m=[32m"none"[39m
              [33mheight[39m=[32m"19"[39m
              [33mstroke[39m=[32m"currentColor"[39m
              [33mstroke-linecap[39m=[32m"round"[39m
              [33mstroke-linejoin[39m=[32m"round"[39m
              [33mstroke-width[39m=[32m"2"[39m
              [33mviewBox[39m=[32m"0 0 24 24"[39m
              [33mwidth[39m=[32m"19"[39m
              [33mxmlns[39m=[32m"http://www.w3.org/2000/svg"[39m
            [36m>[39m
              [36m<path[39m
                [33md[39m=[32m"M12 5v16"[39m
              [36m/>[39m
              [36m<path[39m
                [33md[39m=[32m"m16 12 2 2 4-4"[39m
              [36m/>[39m
              [36m<path[39m
                [33md[39m=[32m"M22 6V5a2 2 0 00-1.999-2L16 3.002A5 5 0 0012 5a5 5 0 00-4-2H4a2 2 0 00-2 2v12a2 2 0 001.999 2H8a5 5 0 014 2 5 5 0 014-2h4.001A2 2 0 0022 17v-1.344"[39m
              [36m/>[39m
            [36m</svg>[39m
          [36m</div>[39m
          [36m<div>[39m
            [36m<strong>[39m
              [0mTradeReview[0m
            [36m</strong>[39m
            [36m<span>[39m
              [0m历史交易复盘[0m
            [36m</span>[39m
          [36m</div>[39m
        [36m</div>[39m
        [36m<button[39m
          [33maria-controls[39m=[32m"primary-navigation"[39m
          [33maria-expanded[39m=[32m"false"[39m
          [33maria-label[39m=[32m"导航"[39m
          [33mclass[39m=[32m"mobile-nav-trigger"[39m
          [33mtype[39m=[32m"button"[39m
        [36m>[39m
          [36m<svg[39m
            [33maria-hidden[39m=[32m"true"[39m
            [33mclass[39m=[32m"lucide lucide-menu"[39m
            [33mfill[39m=[32m"none"[39m
            [33mheight[39m=[32m"18"[39m
            [33mstroke[39m=[32m"currentColor"[39m
            [33mstroke-linecap[39m=[32m"round"[39m
            [33mstroke-linejoin[39m=[32m"round"[39m
            [33mstroke-width[39m=[32m"2"[39m
            [33mviewBox[39m=[32m"0 0 24 24"[39m
            [33mwidth[39m=[32m"18"[39m
            [33mxmlns[39m=[32m"http://www.w3.org/2000/svg"[39m
          [36m>[39m
            [36m<path[39m
              [33md[39m=[32m"M4 5h16"[39m
            [36m/>[39m
            [36m<path[39m
              [33md[39m=[32m"M4 12h16"[39m
            [36m/>[39m
            [36m<path[39m
              [33md[39m=[32m"M4 19h16"[39m
            [36m/>[39m
          [36m</svg>[39m
          [36m<span>[39m
            [0m导航[0m
          [36m</span>[39m
        [36m</button>[39m
        [36m<nav[39m
          [33maria-label[39m=[32m"主导航"[39m
          [33mclass[39m=[32m"app-nav"[39m
          [33mid[39m=[32m"primary-navigation"[39m
        [36m>[39m
          [36m<button[39m
            [33maria-label[39m=[32m"我的交易室"[39m
            [33mclass[39m=[32m""[39m
            [33mtitle[39m=[32m"我的交易室"[39m
            [33mtype[39m=[32m"button"[39m
          [36m>[39m
            [36m<svg[39m
              [33maria-hidden[39m=[32m"true"[39m
              [33mclass[39m=[32m"lucide lucide-layout-dashboard"[39m
              [33mfill[39m=[32m"none"[39m
              [33mheight[39m=[32m"16"[39m
              [33mstroke[39m=[32m"currentColor"[39m
              [33mstroke-linecap[39m=[32m"round"[39m
              [33mstroke-linejoin[39m=[32m"round"[39m
              [33mstroke-width[39m=[32m"2"[39m
              [33mviewBox[39m=[32m"0 0 24 24"[39m
              [33mwidth[39m=[32m"16"[39m
              [33mxmlns[39m=[32m"http://www.w3.org/2000/svg"[39m
            [36m>[39m
              [36m<rect[39m
                [33mheight[39m=[32m"9"[39m
                [33mrx[39m=[32m"1"[39m
                [33mwidth[39m=[32m"7"[39m
                [33mx[39m=[32m"3"[39m
                [33my[39m=[32m"3"[39m
              [36m/>[39m
              [36m<rect[39m
                [33mheight[39m=[32m"5"[39m
                [33mrx[39m=[32m"1"[39m
                [33mwidth[39m=[32m"7"[39m
                [33mx[39m=[32m"14"[39m
                [33my[39m=[32m"3"[39m
              [36m/>[39m
              [36m<rect[39m
                [33mheight[39m=[32m"9"[39m
                [33mrx[39m=[32m"1"[39m
                [33mwidth[39m=[32m"7"[39m
                [33mx[39m=[32m"14"[39m
                [33my[39m=[32m"12"[39m
              [36m/>[39m
              [36m<rect[39m
                [33mheight[39m=[32m"5"[39m
                [33mrx[39m=[32m"1"[39m
                [33mwidth[39m=[32m"7"[39m
                [33mx[39m=[32m"3"[39m
                [33my[39m=[32m"16"[39m
              [36m/>[39m
            [36m</svg>[39m
            [36m<span[39m
              [33mclass[39m=[32m"app-nav-label"[39m
            [36m>[39m
              [0m我的交易室[0m
            [36m</span>[39m
          [36m</button>[39m
          [36m<button[39m
            [33maria-label[39m=[32m"交易库"[39m
            [33mclass[39m=[32m""[39m
            [33mtitle[39m=[32m"交易库"[39m
            [33mtype[39m=[32m"button"[39m
          [36m>[39m
            [36m<svg[39m
              [33maria-hidden[39m=[32m"true"[39m
              [33mclass[39m=[32m"lucide lucide-book-open-check"[39m
              [33mfill[39m=[32m"none"[39m
              [33mheight[39m=[32m"16"[39m
              [33mstroke[39m=[32m"currentColo...

Ignored nodes: comments, script, style
[36m<body>[39m
  [36m<div>[39m
    [36m<main[39m
      [33mclass[39m=[32m"trade-review-app is-review"[39m
    [36m>[39m
      [36m<input[39m
        [33maccept[39m=[32m".xlsx,.xls,.pdf"[39m
        [33maria-label[39m=[32m"导入交易记录"[39m
        [33mhidden[39m=[32m""[39m
        [33mmultiple[39m=[32m""[39m
        [33mtype[39m=[32m"file"[39m
      [36m/>[39m
      [36m<input[39m
        [33maccept[39m=[32m".csv,text/csv"[39m
        [33maria-label[39m=[32m"导入 TradingView 模拟交易"[39m
        [33mhidden[39m=[32m""[39m
        [33mtype[39m=[32m"file"[39m
      [36m/>[39m
      [36m<input[39m
        [33maccept[39m=[32m"image/jpeg,image/png,image/webp,.jpg,.jpeg,.png,.webp"[39m
        [33maria-label[39m=[32m"从截图恢复交易"[39m
        [33mhidden[39m=[32m""[39m
        [33mmultiple[39m=[32m""[39m
        [33mtype[39m=[32m"file"[39m
      [36m/>[39m
      [36m<aside[39m
        [33maria-label[39m=[32m"主导航"[39m
        [33mclass[39m=[32m"app-header app-sidebar "[39m
      [36m>[39m
        [36m<div[39m
          [33mclass[39m=[32m"brand"[39m
        [36m>[39m
          [36m<div[39m
            [33mclass[39m=[32m"brand-mark"[39m
          [36m>[39m
            [36m<svg[39m
              [33maria-hidden[39m=[32m"true"[39m
              [33mclass[39m=[32m"lucide lucide-book-open-check"[39m
              [33mfill[39m=[32m"none"[39m
              [33mheight[39m=[32m"19"[39m
              [33mstroke[39m=[32m"currentColor"[39m
              [33mstroke-linecap[39m=[32m"round"[39m
              [33mstroke-linejoin[39m=[32m"round"[39m
              [33mstroke-width[39m=[32m"2"[39m
              [33mviewBox[39m=[32m"0 0 24 24"[39m
              [33mwidth[39m=[32m"19"[39m
              [33mxmlns[39m=[32m"http://www.w3.org/2000/svg"[39m
            [36m>[39m
              [36m<path[39m
                [33md[39m=[32m"M12 5v16"[39m
              [36m/>[39m
              [36m<path[39m
                [33md[39m=[32m"m16 12 2 2 4-4"[39m
              [36m/>[39m
              [36m<path[39m
                [33md[39m=[32m"M22 6V5a2 2 0 00-1.999-2L16 3.002A5 5 0 0012 5a5 5 0 00-4-2H4a2 2 0 00-2 2v12a2 2 0 001.999 2H8a5 5 0 014 2 5 5 0 014-2h4.001A2 2 0 0022 17v-1.344"[39m
              [36m/>[39m
            [36m</svg>[39m
          [36m</div>[39m
          [36m<div>[39m
            [36m<strong>[39m
              [0mTradeReview[0m
            [36m</strong>[39m
            [36m<span>[39m
              [0m历史交易复盘[0m
            [36m</span>[39m
          [36m</div>[39m
        [36m</div>[39m
        [36m<button[39m
          [33maria-controls[39m=[32m"primary-navigation"[39m
          [33maria-expanded[39m=[32m"false"[39m
          [33maria-label[39m=[32m"导航"[39m
          [33mclass[39m=[32m"mobile-nav-trigger"[39m
          [33mtype[39m=[32m"button"[39m
        [36m>[39m
          [36m<svg[39m
            [33maria-hidden[39m=[32m"true"[39m
            [33mclass[39m=[32m"lucide lucide-menu"[39m
            [33mfill[39m=[32m"none"[39m
            [33mheight[39m=[32m"18"[39m
            [33mstroke[39m=[32m"currentColor"[39m
            [33mstroke-linecap[39m=[32m"round"[39m
            [33mstroke-linejoin[39m=[32m"round"[39m
            [33mstroke-width[39m=[32m"2"[39m
            [33mviewBox[39m=[32m"0 0 24 24"[39m
            [33mwidth[39m=[32m"18"[39m
            [33mxmlns[39m=[32m"http://www.w3.org/2000/svg"[39m
          [36m>[39m
            [36m<path[39m
              [33md[39m=[32m"M4 5h16"[39m
            [36m/>[39m
            [36m<path[39m
              [33md[39m=[32m"M4 12h16"[39m
            [36m/>[39m
            [36m<path[39m
              [33md[39m=[32m"M4 19h16"[39m
            [36m/>[39m
          [36m</svg>[39m
          [36m<span>[39m
            [0m导航[0m
          [36m</span>[39m
        [36m</button>[39m
        [36m<nav[39m
          [33maria-label[39m=[32m"主导航"[39m
          [33mclass[39m=[32m"app-nav"[39m
          [33mid[39m=[32m"primary-navigation"[39m
        [36m>[39m
          [36m<button[39m
            [33maria-label[39m=[32m"我的交易室"[39m
            [33mclass[39m=[32m""[39m
            [33mtitle[39m=[32m"我的交易室"[39m
            [33mtype[39m=[32m"button"[39m
          [36m>[39m
            [36m<svg[39m
              [33maria-hidden[39m=[32m"true"[39m
              [33mclass[39m=[32m"lucide lucide-layout-dashboard"[39m
              [33mfill[39m=[32m"none"[39m
              [33mheight[39m=[32m"16"[39m
              [33mstroke[39m=[32m"currentColor"[39m
              [33mstroke-linecap[39m=[32m"round"[39m
              [33mstroke-linejoin[39m=[32m"round"[39m
              [33mstroke-width[39m=[32m"2"[39m
              [33mviewBox[39m=[32m"0 0 24 24"[39m
              [33mwidth[39m=[32m"16"[39m
              [33mxmlns[39m=[32m"http://www.w3.org/2000/svg"[39m
            [36m>[39m
              [36m<rect[39m
                [33mheight[39m=[32m"9"[39m
                [33mrx[39m=[32m"1"[39m
                [33mwidth[39m=[32m"7"[39m
                [33mx[39m=[32m"3"[39m
                [33my[39m=[32m"3"[39m
              [36m/>[39m
              [36m<rect[39m
                [33mheight[39m=[32m"5"[39m
                [33mrx[39m=[32m"1"[39m
                [33mwidth[39m=[32m"7"[39m
                [33mx[39m=[32m"14"[39m
                [33my[39m=[32m"3"[39m
              [36m/>[39m
              [36m<rect[39m
                [33mheight[39m=[32m"9"[39m
                [33mrx[39m=[32m"1"[39m
                [33mwidth[39m=[32m"7"[39m
                [33mx[39m=[32m"14"[39m
                [33my[39m=[32m"12"[39m
              [36m/>[39m
              [36m<rect[39m
                [33mheight[39m=[32m"5"[39m
                [33mrx[39m=[32m"1"[39m
                [33mwidth[39m=[32m"7"[39m
                [33mx[39m=[32m"3"[39m
                [33my[39m=[32m"16"[39m
              [36m/>[39m
            [36m</svg>[39m
            [36m<span[39m
              [33mclass[39m=[32m"app-nav-label"[39m
            [36m>[39m
              [0m我的交易室[0m
            [36m</span>[39m
          [36m</button>[39m
          [36m<button[39m
            [33maria-label[39m=[32m"交易库"[39m
            [33mclass[39m=[32m""[39m
            [33mtitle[39m=[32m"交易库"[39m
            [33mtype[39m=[32m"button"[39m
          [36m>[39m
            [36m<svg[39m
              [33maria-hidden[39m=[32m"true"[39m
              [33mclass[39m=[32m"lucide lucide-book-open-check"[39m
              [33mfill[39m=[32m"none"[39m
              [33mheight[39m=[32m"16"[39m
              [33mstroke[39m=[32m"currentColo...
 ❯ waitForWrapper node_modules/@testing-library/dom/dist/wait-for.js:163:27
 ❯ node_modules/@testing-library/dom/dist/query-helpers.js:86:33
 ❯ enterImportedReviewFromDashboard app/components/trade-review-workspace.test.tsx:1040:18
    1038|     if (!round) throw new Error("目标标的没有可打开的交易回合");
    1039|     await user.click(round);
    1040|     await screen.findByLabelText("图表工具栏");
       |                  ^
    1041|   }
    1042|
 ❯ renderGoldReplay app/components/trade-review-workspace.test.tsx:861:7
 ❯ app/components/trade-review-workspace.test.tsx:2794:5

⎯⎯⎯⎯⎯⎯⎯⎯⎯⎯⎯⎯⎯⎯⎯⎯⎯⎯⎯⎯⎯⎯[20/39]⎯

 FAIL  app/components/trade-review-workspace.test.tsx > TradeReviewWorkspace > keeps the latest Recall drawing draft while completion is gated
Error: Test timed out in 5000ms.
If this is a long-running test, pass a timeout value as the last argument or configure it globally with "testTimeout".
 ❯ app/components/trade-review-workspace.test.tsx:2835:3
    2833|   });
    2834|
    2835|   it("keeps the latest Recall drawing draft while completion is gated"…
       |   ^
    2836|     const user = userEvent.setup();
    2837|     await renderGoldReplay([], "2026-06-26T08:30:00.000Z", "2026-06-26…

⎯⎯⎯⎯⎯⎯⎯⎯⎯⎯⎯⎯⎯⎯⎯⎯⎯⎯⎯⎯⎯⎯[21/39]⎯

 FAIL  app/components/trade-review-workspace.test.tsx > TradeReviewWorkspace > does not describe confirmed grey-market trades as a regular-market history gap
TestingLibraryElementError: Unable to find a label with the text of: 图表工具栏

Ignored nodes: comments, script, style
[36m<body>[39m
  [36m<div>[39m
    [36m<main[39m
      [33mclass[39m=[32m"trade-review-app is-review"[39m
    [36m>[39m
      [36m<input[39m
        [33maccept[39m=[32m".xlsx,.xls,.pdf"[39m
        [33maria-label[39m=[32m"导入交易记录"[39m
        [33mhidden[39m=[32m""[39m
        [33mmultiple[39m=[32m""[39m
        [33mtype[39m=[32m"file"[39m
      [36m/>[39m
      [36m<input[39m
        [33maccept[39m=[32m".csv,text/csv"[39m
        [33maria-label[39m=[32m"导入 TradingView 模拟交易"[39m
        [33mhidden[39m=[32m""[39m
        [33mtype[39m=[32m"file"[39m
      [36m/>[39m
      [36m<input[39m
        [33maccept[39m=[32m"image/jpeg,image/png,image/webp,.jpg,.jpeg,.png,.webp"[39m
        [33maria-label[39m=[32m"从截图恢复交易"[39m
        [33mhidden[39m=[32m""[39m
        [33mmultiple[39m=[32m""[39m
        [33mtype[39m=[32m"file"[39m
      [36m/>[39m
      [36m<aside[39m
        [33maria-label[39m=[32m"主导航"[39m
        [33mclass[39m=[32m"app-header app-sidebar "[39m
      [36m>[39m
        [36m<div[39m
          [33mclass[39m=[32m"brand"[39m
        [36m>[39m
          [36m<div[39m
            [33mclass[39m=[32m"brand-mark"[39m
          [36m>[39m
            [36m<svg[39m
              [33maria-hidden[39m=[32m"true"[39m
              [33mclass[39m=[32m"lucide lucide-book-open-check"[39m
              [33mfill[39m=[32m"none"[39m
              [33mheight[39m=[32m"19"[39m
              [33mstroke[39m=[32m"currentColor"[39m
              [33mstroke-linecap[39m=[32m"round"[39m
              [33mstroke-linejoin[39m=[32m"round"[39m
              [33mstroke-width[39m=[32m"2"[39m
              [33mviewBox[39m=[32m"0 0 24 24"[39m
              [33mwidth[39m=[32m"19"[39m
              [33mxmlns[39m=[32m"http://www.w3.org/2000/svg"[39m
            [36m>[39m
              [36m<path[39m
                [33md[39m=[32m"M12 5v16"[39m
              [36m/>[39m
              [36m<path[39m
                [33md[39m=[32m"m16 12 2 2 4-4"[39m
              [36m/>[39m
              [36m<path[39m
                [33md[39m=[32m"M22 6V5a2 2 0 00-1.999-2L16 3.002A5 5 0 0012 5a5 5 0 00-4-2H4a2 2 0 00-2 2v12a2 2 0 001.999 2H8a5 5 0 014 2 5 5 0 014-2h4.001A2 2 0 0022 17v-1.344"[39m
              [36m/>[39m
            [36m</svg>[39m
          [36m</div>[39m
          [36m<div>[39m
            [36m<strong>[39m
              [0mTradeReview[0m
            [36m</strong>[39m
            [36m<span>[39m
              [0m历史交易复盘[0m
            [36m</span>[39m
          [36m</div>[39m
        [36m</div>[39m
        [36m<button[39m
          [33maria-controls[39m=[32m"primary-navigation"[39m
          [33maria-expanded[39m=[32m"false"[39m
          [33maria-label[39m=[32m"导航"[39m
          [33mclass[39m=[32m"mobile-nav-trigger"[39m
          [33mtype[39m=[32m"button"[39m
        [36m>[39m
          [36m<svg[39m
            [33maria-hidden[39m=[32m"true"[39m
            [33mclass[39m=[32m"lucide lucide-menu"[39m
            [33mfill[39m=[32m"none"[39m
            [33mheight[39m=[32m"18"[39m
            [33mstroke[39m=[32m"currentColor"[39m
            [33mstroke-linecap[39m=[32m"round"[39m
            [33mstroke-linejoin[39m=[32m"round"[39m
            [33mstroke-width[39m=[32m"2"[39m
            [33mviewBox[39m=[32m"0 0 24 24"[39m
            [33mwidth[39m=[32m"18"[39m
            [33mxmlns[39m=[32m"http://www.w3.org/2000/svg"[39m
          [36m>[39m
            [36m<path[39m
              [33md[39m=[32m"M4 5h16"[39m
            [36m/>[39m
            [36m<path[39m
              [33md[39m=[32m"M4 12h16"[39m
            [36m/>[39m
            [36m<path[39m
              [33md[39m=[32m"M4 19h16"[39m
            [36m/>[39m
          [36m</svg>[39m
          [36m<span>[39m
            [0m导航[0m
          [36m</span>[39m
        [36m</button>[39m
        [36m<nav[39m
          [33maria-label[39m=[32m"主导航"[39m
          [33mclass[39m=[32m"app-nav"[39m
          [33mid[39m=[32m"primary-navigation"[39m
        [36m>[39m
          [36m<button[39m
            [33maria-label[39m=[32m"我的交易室"[39m
            [33mclass[39m=[32m""[39m
            [33mtitle[39m=[32m"我的交易室"[39m
            [33mtype[39m=[32m"button"[39m
          [36m>[39m
            [36m<svg[39m
              [33maria-hidden[39m=[32m"true"[39m
              [33mclass[39m=[32m"lucide lucide-layout-dashboard"[39m
              [33mfill[39m=[32m"none"[39m
              [33mheight[39m=[32m"16"[39m
              [33mstroke[39m=[32m"currentColor"[39m
              [33mstroke-linecap[39m=[32m"round"[39m
              [33mstroke-linejoin[39m=[32m"round"[39m
              [33mstroke-width[39m=[32m"2"[39m
              [33mviewBox[39m=[32m"0 0 24 24"[39m
              [33mwidth[39m=[32m"16"[39m
              [33mxmlns[39m=[32m"http://www.w3.org/2000/svg"[39m
            [36m>[39m
              [36m<rect[39m
                [33mheight[39m=[32m"9"[39m
                [33mrx[39m=[32m"1"[39m
                [33mwidth[39m=[32m"7"[39m
                [33mx[39m=[32m"3"[39m
                [33my[39m=[32m"3"[39m
              [36m/>[39m
              [36m<rect[39m
                [33mheight[39m=[32m"5"[39m
                [33mrx[39m=[32m"1"[39m
                [33mwidth[39m=[32m"7"[39m
                [33mx[39m=[32m"14"[39m
                [33my[39m=[32m"3"[39m
              [36m/>[39m
              [36m<rect[39m
                [33mheight[39m=[32m"9"[39m
                [33mrx[39m=[32m"1"[39m
                [33mwidth[39m=[32m"7"[39m
                [33mx[39m=[32m"14"[39m
                [33my[39m=[32m"12"[39m
              [36m/>[39m
              [36m<rect[39m
                [33mheight[39m=[32m"5"[39m
                [33mrx[39m=[32m"1"[39m
                [33mwidth[39m=[32m"7"[39m
                [33mx[39m=[32m"3"[39m
                [33my[39m=[32m"16"[39m
              [36m/>[39m
            [36m</svg>[39m
            [36m<span[39m
              [33mclass[39m=[32m"app-nav-label"[39m
            [36m>[39m
              [0m我的交易室[0m
            [36m</span>[39m
          [36m</button>[39m
          [36m<button[39m
            [33maria-label[39m=[32m"交易库"[39m
            [33mclass[39m=[32m""[39m
            [33mtitle[39m=[32m"交易库"[39m
            [33mtype[39m=[32m"button"[39m
          [36m>[39m
            [36m<svg[39m
              [33maria-hidden[39m=[32m"true"[39m
              [33mclass[39m=[32m"lucide lucide-book-open-check"[39m
              [33mfill[39m=[32m"none"[39m
              [33mheight[39m=[32m"16"[39m
              [33mstroke[39m=[32m"currentColo...

Ignored nodes: comments, script, style
[36m<body>[39m
  [36m<div>[39m
    [36m<main[39m
      [33mclass[39m=[32m"trade-review-app is-review"[39m
    [36m>[39m
      [36m<input[39m
        [33maccept[39m=[32m".xlsx,.xls,.pdf"[39m
        [33maria-label[39m=[32m"导入交易记录"[39m
        [33mhidden[39m=[32m""[39m
        [33mmultiple[39m=[32m""[39m
        [33mtype[39m=[32m"file"[39m
      [36m/>[39m
      [36m<input[39m
        [33maccept[39m=[32m".csv,text/csv"[39m
        [33maria-label[39m=[32m"导入 TradingView 模拟交易"[39m
        [33mhidden[39m=[32m""[39m
        [33mtype[39m=[32m"file"[39m
      [36m/>[39m
      [36m<input[39m
        [33maccept[39m=[32m"image/jpeg,image/png,image/webp,.jpg,.jpeg,.png,.webp"[39m
        [33maria-label[39m=[32m"从截图恢复交易"[39m
        [33mhidden[39m=[32m""[39m
        [33mmultiple[39m=[32m""[39m
        [33mtype[39m=[32m"file"[39m
      [36m/>[39m
      [36m<aside[39m
        [33maria-label[39m=[32m"主导航"[39m
        [33mclass[39m=[32m"app-header app-sidebar "[39m
      [36m>[39m
        [36m<div[39m
          [33mclass[39m=[32m"brand"[39m
        [36m>[39m
          [36m<div[39m
            [33mclass[39m=[32m"brand-mark"[39m
          [36m>[39m
            [36m<svg[39m
              [33maria-hidden[39m=[32m"true"[39m
              [33mclass[39m=[32m"lucide lucide-book-open-check"[39m
              [33mfill[39m=[32m"none"[39m
              [33mheight[39m=[32m"19"[39m
              [33mstroke[39m=[32m"currentColor"[39m
              [33mstroke-linecap[39m=[32m"round"[39m
              [33mstroke-linejoin[39m=[32m"round"[39m
              [33mstroke-width[39m=[32m"2"[39m
              [33mviewBox[39m=[32m"0 0 24 24"[39m
              [33mwidth[39m=[32m"19"[39m
              [33mxmlns[39m=[32m"http://www.w3.org/2000/svg"[39m
            [36m>[39m
              [36m<path[39m
                [33md[39m=[32m"M12 5v16"[39m
              [36m/>[39m
              [36m<path[39m
                [33md[39m=[32m"m16 12 2 2 4-4"[39m
              [36m/>[39m
              [36m<path[39m
                [33md[39m=[32m"M22 6V5a2 2 0 00-1.999-2L16 3.002A5 5 0 0012 5a5 5 0 00-4-2H4a2 2 0 00-2 2v12a2 2 0 001.999 2H8a5 5 0 014 2 5 5 0 014-2h4.001A2 2 0 0022 17v-1.344"[39m
              [36m/>[39m
            [36m</svg>[39m
          [36m</div>[39m
          [36m<div>[39m
            [36m<strong>[39m
              [0mTradeReview[0m
            [36m</strong>[39m
            [36m<span>[39m
              [0m历史交易复盘[0m
            [36m</span>[39m
          [36m</div>[39m
        [36m</div>[39m
        [36m<button[39m
          [33maria-controls[39m=[32m"primary-navigation"[39m
          [33maria-expanded[39m=[32m"false"[39m
          [33maria-label[39m=[32m"导航"[39m
          [33mclass[39m=[32m"mobile-nav-trigger"[39m
          [33mtype[39m=[32m"button"[39m
        [36m>[39m
          [36m<svg[39m
            [33maria-hidden[39m=[32m"true"[39m
            [33mclass[39m=[32m"lucide lucide-menu"[39m
            [33mfill[39m=[32m"none"[39m
            [33mheight[39m=[32m"18"[39m
            [33mstroke[39m=[32m"currentColor"[39m
            [33mstroke-linecap[39m=[32m"round"[39m
            [33mstroke-linejoin[39m=[32m"round"[39m
            [33mstroke-width[39m=[32m"2"[39m
            [33mviewBox[39m=[32m"0 0 24 24"[39m
            [33mwidth[39m=[32m"18"[39m
            [33mxmlns[39m=[32m"http://www.w3.org/2000/svg"[39m
          [36m>[39m
            [36m<path[39m
              [33md[39m=[32m"M4 5h16"[39m
            [36m/>[39m
            [36m<path[39m
              [33md[39m=[32m"M4 12h16"[39m
            [36m/>[39m
            [36m<path[39m
              [33md[39m=[32m"M4 19h16"[39m
            [36m/>[39m
          [36m</svg>[39m
          [36m<span>[39m
            [0m导航[0m
          [36m</span>[39m
        [36m</button>[39m
        [36m<nav[39m
          [33maria-label[39m=[32m"主导航"[39m
          [33mclass[39m=[32m"app-nav"[39m
          [33mid[39m=[32m"primary-navigation"[39m
        [36m>[39m
          [36m<button[39m
            [33maria-label[39m=[32m"我的交易室"[39m
            [33mclass[39m=[32m""[39m
            [33mtitle[39m=[32m"我的交易室"[39m
            [33mtype[39m=[32m"button"[39m
          [36m>[39m
            [36m<svg[39m
              [33maria-hidden[39m=[32m"true"[39m
              [33mclass[39m=[32m"lucide lucide-layout-dashboard"[39m
              [33mfill[39m=[32m"none"[39m
              [33mheight[39m=[32m"16"[39m
              [33mstroke[39m=[32m"currentColor"[39m
              [33mstroke-linecap[39m=[32m"round"[39m
              [33mstroke-linejoin[39m=[32m"round"[39m
              [33mstroke-width[39m=[32m"2"[39m
              [33mviewBox[39m=[32m"0 0 24 24"[39m
              [33mwidth[39m=[32m"16"[39m
              [33mxmlns[39m=[32m"http://www.w3.org/2000/svg"[39m
            [36m>[39m
              [36m<rect[39m
                [33mheight[39m=[32m"9"[39m
                [33mrx[39m=[32m"1"[39m
                [33mwidth[39m=[32m"7"[39m
                [33mx[39m=[32m"3"[39m
                [33my[39m=[32m"3"[39m
              [36m/>[39m
              [36m<rect[39m
                [33mheight[39m=[32m"5"[39m
                [33mrx[39m=[32m"1"[39m
                [33mwidth[39m=[32m"7"[39m
                [33mx[39m=[32m"14"[39m
                [33my[39m=[32m"3"[39m
              [36m/>[39m
              [36m<rect[39m
                [33mheight[39m=[32m"9"[39m
                [33mrx[39m=[32m"1"[39m
                [33mwidth[39m=[32m"7"[39m
                [33mx[39m=[32m"14"[39m
                [33my[39m=[32m"12"[39m
              [36m/>[39m
              [36m<rect[39m
                [33mheight[39m=[32m"5"[39m
                [33mrx[39m=[32m"1"[39m
                [33mwidth[39m=[32m"7"[39m
                [33mx[39m=[32m"3"[39m
                [33my[39m=[32m"16"[39m
              [36m/>[39m
            [36m</svg>[39m
            [36m<span[39m
              [33mclass[39m=[32m"app-nav-label"[39m
            [36m>[39m
              [0m我的交易室[0m
            [36m</span>[39m
          [36m</button>[39m
          [36m<button[39m
            [33maria-label[39m=[32m"交易库"[39m
            [33mclass[39m=[32m""[39m
            [33mtitle[39m=[32m"交易库"[39m
            [33mtype[39m=[32m"button"[39m
          [36m>[39m
            [36m<svg[39m
              [33maria-hidden[39m=[32m"true"[39m
              [33mclass[39m=[32m"lucide lucide-book-open-check"[39m
              [33mfill[39m=[32m"none"[39m
              [33mheight[39m=[32m"16"[39m
              [33mstroke[39m=[32m"currentColo...
 ❯ waitForWrapper node_modules/@testing-library/dom/dist/wait-for.js:163:27
 ❯ node_modules/@testing-library/dom/dist/query-helpers.js:86:33
 ❯ enterImportedReviewFromDashboard app/components/trade-review-workspace.test.tsx:1040:18
    1038|     if (!round) throw new Error("目标标的没有可打开的交易回合");
    1039|     await user.click(round);
    1040|     await screen.findByLabelText("图表工具栏");
       |                  ^
    1041|   }
    1042|
 ❯ app/components/trade-review-workspace.test.tsx:3295:5

⎯⎯⎯⎯⎯⎯⎯⎯⎯⎯⎯⎯⎯⎯⎯⎯⎯⎯⎯⎯⎯⎯[22/39]⎯

 FAIL  app/components/trade-review-workspace.test.tsx > TradeReviewWorkspace > shows all daily history by default and explains trades before the first candle
TestingLibraryElementError: Unable to find a label with the text of: 图表工具栏

Ignored nodes: comments, script, style
[36m<body>[39m
  [36m<div>[39m
    [36m<main[39m
      [33mclass[39m=[32m"trade-review-app is-review"[39m
    [36m>[39m
      [36m<input[39m
        [33maccept[39m=[32m".xlsx,.xls,.pdf"[39m
        [33maria-label[39m=[32m"导入交易记录"[39m
        [33mhidden[39m=[32m""[39m
        [33mmultiple[39m=[32m""[39m
        [33mtype[39m=[32m"file"[39m
      [36m/>[39m
      [36m<input[39m
        [33maccept[39m=[32m".csv,text/csv"[39m
        [33maria-label[39m=[32m"导入 TradingView 模拟交易"[39m
        [33mhidden[39m=[32m""[39m
        [33mtype[39m=[32m"file"[39m
      [36m/>[39m
      [36m<input[39m
        [33maccept[39m=[32m"image/jpeg,image/png,image/webp,.jpg,.jpeg,.png,.webp"[39m
        [33maria-label[39m=[32m"从截图恢复交易"[39m
        [33mhidden[39m=[32m""[39m
        [33mmultiple[39m=[32m""[39m
        [33mtype[39m=[32m"file"[39m
      [36m/>[39m
      [36m<aside[39m
        [33maria-label[39m=[32m"主导航"[39m
        [33mclass[39m=[32m"app-header app-sidebar "[39m
      [36m>[39m
        [36m<div[39m
          [33mclass[39m=[32m"brand"[39m
        [36m>[39m
          [36m<div[39m
            [33mclass[39m=[32m"brand-mark"[39m
          [36m>[39m
            [36m<svg[39m
              [33maria-hidden[39m=[32m"true"[39m
              [33mclass[39m=[32m"lucide lucide-book-open-check"[39m
              [33mfill[39m=[32m"none"[39m
              [33mheight[39m=[32m"19"[39m
              [33mstroke[39m=[32m"currentColor"[39m
              [33mstroke-linecap[39m=[32m"round"[39m
              [33mstroke-linejoin[39m=[32m"round"[39m
              [33mstroke-width[39m=[32m"2"[39m
              [33mviewBox[39m=[32m"0 0 24 24"[39m
              [33mwidth[39m=[32m"19"[39m
              [33mxmlns[39m=[32m"http://www.w3.org/2000/svg"[39m
            [36m>[39m
              [36m<path[39m
                [33md[39m=[32m"M12 5v16"[39m
              [36m/>[39m
              [36m<path[39m
                [33md[39m=[32m"m16 12 2 2 4-4"[39m
              [36m/>[39m
              [36m<path[39m
                [33md[39m=[32m"M22 6V5a2 2 0 00-1.999-2L16 3.002A5 5 0 0012 5a5 5 0 00-4-2H4a2 2 0 00-2 2v12a2 2 0 001.999 2H8a5 5 0 014 2 5 5 0 014-2h4.001A2 2 0 0022 17v-1.344"[39m
              [36m/>[39m
            [36m</svg>[39m
          [36m</div>[39m
          [36m<div>[39m
            [36m<strong>[39m
              [0mTradeReview[0m
            [36m</strong>[39m
            [36m<span>[39m
              [0m历史交易复盘[0m
            [36m</span>[39m
          [36m</div>[39m
        [36m</div>[39m
        [36m<button[39m
          [33maria-controls[39m=[32m"primary-navigation"[39m
          [33maria-expanded[39m=[32m"false"[39m
          [33maria-label[39m=[32m"导航"[39m
          [33mclass[39m=[32m"mobile-nav-trigger"[39m
          [33mtype[39m=[32m"button"[39m
        [36m>[39m
          [36m<svg[39m
            [33maria-hidden[39m=[32m"true"[39m
            [33mclass[39m=[32m"lucide lucide-menu"[39m
            [33mfill[39m=[32m"none"[39m
            [33mheight[39m=[32m"18"[39m
            [33mstroke[39m=[32m"currentColor"[39m
            [33mstroke-linecap[39m=[32m"round"[39m
            [33mstroke-linejoin[39m=[32m"round"[39m
            [33mstroke-width[39m=[32m"2"[39m
            [33mviewBox[39m=[32m"0 0 24 24"[39m
            [33mwidth[39m=[32m"18"[39m
            [33mxmlns[39m=[32m"http://www.w3.org/2000/svg"[39m
          [36m>[39m
            [36m<path[39m
              [33md[39m=[32m"M4 5h16"[39m
            [36m/>[39m
            [36m<path[39m
              [33md[39m=[32m"M4 12h16"[39m
            [36m/>[39m
            [36m<path[39m
              [33md[39m=[32m"M4 19h16"[39m
            [36m/>[39m
          [36m</svg>[39m
          [36m<span>[39m
            [0m导航[0m
          [36m</span>[39m
        [36m</button>[39m
        [36m<nav[39m
          [33maria-label[39m=[32m"主导航"[39m
          [33mclass[39m=[32m"app-nav"[39m
          [33mid[39m=[32m"primary-navigation"[39m
        [36m>[39m
          [36m<button[39m
            [33maria-label[39m=[32m"我的交易室"[39m
            [33mclass[39m=[32m""[39m
            [33mtitle[39m=[32m"我的交易室"[39m
            [33mtype[39m=[32m"button"[39m
          [36m>[39m
            [36m<svg[39m
              [33maria-hidden[39m=[32m"true"[39m
              [33mclass[39m=[32m"lucide lucide-layout-dashboard"[39m
              [33mfill[39m=[32m"none"[39m
              [33mheight[39m=[32m"16"[39m
              [33mstroke[39m=[32m"currentColor"[39m
              [33mstroke-linecap[39m=[32m"round"[39m
              [33mstroke-linejoin[39m=[32m"round"[39m
              [33mstroke-width[39m=[32m"2"[39m
              [33mviewBox[39m=[32m"0 0 24 24"[39m
              [33mwidth[39m=[32m"16"[39m
              [33mxmlns[39m=[32m"http://www.w3.org/2000/svg"[39m
            [36m>[39m
              [36m<rect[39m
                [33mheight[39m=[32m"9"[39m
                [33mrx[39m=[32m"1"[39m
                [33mwidth[39m=[32m"7"[39m
                [33mx[39m=[32m"3"[39m
                [33my[39m=[32m"3"[39m
              [36m/>[39m
              [36m<rect[39m
                [33mheight[39m=[32m"5"[39m
                [33mrx[39m=[32m"1"[39m
                [33mwidth[39m=[32m"7"[39m
                [33mx[39m=[32m"14"[39m
                [33my[39m=[32m"3"[39m
              [36m/>[39m
              [36m<rect[39m
                [33mheight[39m=[32m"9"[39m
                [33mrx[39m=[32m"1"[39m
                [33mwidth[39m=[32m"7"[39m
                [33mx[39m=[32m"14"[39m
                [33my[39m=[32m"12"[39m
              [36m/>[39m
              [36m<rect[39m
                [33mheight[39m=[32m"5"[39m
                [33mrx[39m=[32m"1"[39m
                [33mwidth[39m=[32m"7"[39m
                [33mx[39m=[32m"3"[39m
                [33my[39m=[32m"16"[39m
              [36m/>[39m
            [36m</svg>[39m
            [36m<span[39m
              [33mclass[39m=[32m"app-nav-label"[39m
            [36m>[39m
              [0m我的交易室[0m
            [36m</span>[39m
          [36m</button>[39m
          [36m<button[39m
            [33maria-label[39m=[32m"交易库"[39m
            [33mclass[39m=[32m""[39m
            [33mtitle[39m=[32m"交易库"[39m
            [33mtype[39m=[32m"button"[39m
          [36m>[39m
            [36m<svg[39m
              [33maria-hidden[39m=[32m"true"[39m
              [33mclass[39m=[32m"lucide lucide-book-open-check"[39m
              [33mfill[39m=[32m"none"[39m
              [33mheight[39m=[32m"16"[39m
              [33mstroke[39m=[32m"currentColo...

Ignored nodes: comments, script, style
[36m<body>[39m
  [36m<div>[39m
    [36m<main[39m
      [33mclass[39m=[32m"trade-review-app is-review"[39m
    [36m>[39m
      [36m<input[39m
        [33maccept[39m=[32m".xlsx,.xls,.pdf"[39m
        [33maria-label[39m=[32m"导入交易记录"[39m
        [33mhidden[39m=[32m""[39m
        [33mmultiple[39m=[32m""[39m
        [33mtype[39m=[32m"file"[39m
      [36m/>[39m
      [36m<input[39m
        [33maccept[39m=[32m".csv,text/csv"[39m
        [33maria-label[39m=[32m"导入 TradingView 模拟交易"[39m
        [33mhidden[39m=[32m""[39m
        [33mtype[39m=[32m"file"[39m
      [36m/>[39m
      [36m<input[39m
        [33maccept[39m=[32m"image/jpeg,image/png,image/webp,.jpg,.jpeg,.png,.webp"[39m
        [33maria-label[39m=[32m"从截图恢复交易"[39m
        [33mhidden[39m=[32m""[39m
        [33mmultiple[39m=[32m""[39m
        [33mtype[39m=[32m"file"[39m
      [36m/>[39m
      [36m<aside[39m
        [33maria-label[39m=[32m"主导航"[39m
        [33mclass[39m=[32m"app-header app-sidebar "[39m
      [36m>[39m
        [36m<div[39m
          [33mclass[39m=[32m"brand"[39m
        [36m>[39m
          [36m<div[39m
            [33mclass[39m=[32m"brand-mark"[39m
          [36m>[39m
            [36m<svg[39m
              [33maria-hidden[39m=[32m"true"[39m
              [33mclass[39m=[32m"lucide lucide-book-open-check"[39m
              [33mfill[39m=[32m"none"[39m
              [33mheight[39m=[32m"19"[39m
              [33mstroke[39m=[32m"currentColor"[39m
              [33mstroke-linecap[39m=[32m"round"[39m
              [33mstroke-linejoin[39m=[32m"round"[39m
              [33mstroke-width[39m=[32m"2"[39m
              [33mviewBox[39m=[32m"0 0 24 24"[39m
              [33mwidth[39m=[32m"19"[39m
              [33mxmlns[39m=[32m"http://www.w3.org/2000/svg"[39m
            [36m>[39m
              [36m<path[39m
                [33md[39m=[32m"M12 5v16"[39m
              [36m/>[39m
              [36m<path[39m
                [33md[39m=[32m"m16 12 2 2 4-4"[39m
              [36m/>[39m
              [36m<path[39m
                [33md[39m=[32m"M22 6V5a2 2 0 00-1.999-2L16 3.002A5 5 0 0012 5a5 5 0 00-4-2H4a2 2 0 00-2 2v12a2 2 0 001.999 2H8a5 5 0 014 2 5 5 0 014-2h4.001A2 2 0 0022 17v-1.344"[39m
              [36m/>[39m
            [36m</svg>[39m
          [36m</div>[39m
          [36m<div>[39m
            [36m<strong>[39m
              [0mTradeReview[0m
            [36m</strong>[39m
            [36m<span>[39m
              [0m历史交易复盘[0m
            [36m</span>[39m
          [36m</div>[39m
        [36m</div>[39m
        [36m<button[39m
          [33maria-controls[39m=[32m"primary-navigation"[39m
          [33maria-expanded[39m=[32m"false"[39m
          [33maria-label[39m=[32m"导航"[39m
          [33mclass[39m=[32m"mobile-nav-trigger"[39m
          [33mtype[39m=[32m"button"[39m
        [36m>[39m
          [36m<svg[39m
            [33maria-hidden[39m=[32m"true"[39m
            [33mclass[39m=[32m"lucide lucide-menu"[39m
            [33mfill[39m=[32m"none"[39m
            [33mheight[39m=[32m"18"[39m
            [33mstroke[39m=[32m"currentColor"[39m
            [33mstroke-linecap[39m=[32m"round"[39m
            [33mstroke-linejoin[39m=[32m"round"[39m
            [33mstroke-width[39m=[32m"2"[39m
            [33mviewBox[39m=[32m"0 0 24 24"[39m
            [33mwidth[39m=[32m"18"[39m
            [33mxmlns[39m=[32m"http://www.w3.org/2000/svg"[39m
          [36m>[39m
            [36m<path[39m
              [33md[39m=[32m"M4 5h16"[39m
            [36m/>[39m
            [36m<path[39m
              [33md[39m=[32m"M4 12h16"[39m
            [36m/>[39m
            [36m<path[39m
              [33md[39m=[32m"M4 19h16"[39m
            [36m/>[39m
          [36m</svg>[39m
          [36m<span>[39m
            [0m导航[0m
          [36m</span>[39m
        [36m</button>[39m
        [36m<nav[39m
          [33maria-label[39m=[32m"主导航"[39m
          [33mclass[39m=[32m"app-nav"[39m
          [33mid[39m=[32m"primary-navigation"[39m
        [36m>[39m
          [36m<button[39m
            [33maria-label[39m=[32m"我的交易室"[39m
            [33mclass[39m=[32m""[39m
            [33mtitle[39m=[32m"我的交易室"[39m
            [33mtype[39m=[32m"button"[39m
          [36m>[39m
            [36m<svg[39m
              [33maria-hidden[39m=[32m"true"[39m
              [33mclass[39m=[32m"lucide lucide-layout-dashboard"[39m
              [33mfill[39m=[32m"none"[39m
              [33mheight[39m=[32m"16"[39m
              [33mstroke[39m=[32m"currentColor"[39m
              [33mstroke-linecap[39m=[32m"round"[39m
              [33mstroke-linejoin[39m=[32m"round"[39m
              [33mstroke-width[39m=[32m"2"[39m
              [33mviewBox[39m=[32m"0 0 24 24"[39m
              [33mwidth[39m=[32m"16"[39m
              [33mxmlns[39m=[32m"http://www.w3.org/2000/svg"[39m
            [36m>[39m
              [36m<rect[39m
                [33mheight[39m=[32m"9"[39m
                [33mrx[39m=[32m"1"[39m
                [33mwidth[39m=[32m"7"[39m
                [33mx[39m=[32m"3"[39m
                [33my[39m=[32m"3"[39m
              [36m/>[39m
              [36m<rect[39m
                [33mheight[39m=[32m"5"[39m
                [33mrx[39m=[32m"1"[39m
                [33mwidth[39m=[32m"7"[39m
                [33mx[39m=[32m"14"[39m
                [33my[39m=[32m"3"[39m
              [36m/>[39m
              [36m<rect[39m
                [33mheight[39m=[32m"9"[39m
                [33mrx[39m=[32m"1"[39m
                [33mwidth[39m=[32m"7"[39m
                [33mx[39m=[32m"14"[39m
                [33my[39m=[32m"12"[39m
              [36m/>[39m
              [36m<rect[39m
                [33mheight[39m=[32m"5"[39m
                [33mrx[39m=[32m"1"[39m
                [33mwidth[39m=[32m"7"[39m
                [33mx[39m=[32m"3"[39m
                [33my[39m=[32m"16"[39m
              [36m/>[39m
            [36m</svg>[39m
            [36m<span[39m
              [33mclass[39m=[32m"app-nav-label"[39m
            [36m>[39m
              [0m我的交易室[0m
            [36m</span>[39m
          [36m</button>[39m
          [36m<button[39m
            [33maria-label[39m=[32m"交易库"[39m
            [33mclass[39m=[32m""[39m
            [33mtitle[39m=[32m"交易库"[39m
            [33mtype[39m=[32m"button"[39m
          [36m>[39m
            [36m<svg[39m
              [33maria-hidden[39m=[32m"true"[39m
              [33mclass[39m=[32m"lucide lucide-book-open-check"[39m
              [33mfill[39m=[32m"none"[39m
              [33mheight[39m=[32m"16"[39m
              [33mstroke[39m=[32m"currentColo...
 ❯ waitForWrapper node_modules/@testing-library/dom/dist/wait-for.js:163:27
 ❯ node_modules/@testing-library/dom/dist/query-helpers.js:86:33
 ❯ enterImportedReviewFromDashboard app/components/trade-review-workspace.test.tsx:1040:18
    1038|     if (!round) throw new Error("目标标的没有可打开的交易回合");
    1039|     await user.click(round);
    1040|     await screen.findByLabelText("图表工具栏");
       |                  ^
    1041|   }
    1042|
 ❯ app/components/trade-review-workspace.test.tsx:3309:5

⎯⎯⎯⎯⎯⎯⎯⎯⎯⎯⎯⎯⎯⎯⎯⎯⎯⎯⎯⎯⎯⎯[23/39]⎯

 FAIL  app/components/trade-review-workspace.test.tsx > TradeReviewWorkspace > scopes Recall history and replay to the selected episode
TestingLibraryElementError: Unable to find a label with the text of: 图表工具栏

Ignored nodes: comments, script, style
[36m<body>[39m
  [36m<div>[39m
    [36m<main[39m
      [33mclass[39m=[32m"trade-review-app is-review"[39m
    [36m>[39m
      [36m<input[39m
        [33maccept[39m=[32m".xlsx,.xls,.pdf"[39m
        [33maria-label[39m=[32m"导入交易记录"[39m
        [33mhidden[39m=[32m""[39m
        [33mmultiple[39m=[32m""[39m
        [33mtype[39m=[32m"file"[39m
      [36m/>[39m
      [36m<input[39m
        [33maccept[39m=[32m".csv,text/csv"[39m
        [33maria-label[39m=[32m"导入 TradingView 模拟交易"[39m
        [33mhidden[39m=[32m""[39m
        [33mtype[39m=[32m"file"[39m
      [36m/>[39m
      [36m<input[39m
        [33maccept[39m=[32m"image/jpeg,image/png,image/webp,.jpg,.jpeg,.png,.webp"[39m
        [33maria-label[39m=[32m"从截图恢复交易"[39m
        [33mhidden[39m=[32m""[39m
        [33mmultiple[39m=[32m""[39m
        [33mtype[39m=[32m"file"[39m
      [36m/>[39m
      [36m<aside[39m
        [33maria-label[39m=[32m"主导航"[39m
        [33mclass[39m=[32m"app-header app-sidebar "[39m
      [36m>[39m
        [36m<div[39m
          [33mclass[39m=[32m"brand"[39m
        [36m>[39m
          [36m<div[39m
            [33mclass[39m=[32m"brand-mark"[39m
          [36m>[39m
            [36m<svg[39m
              [33maria-hidden[39m=[32m"true"[39m
              [33mclass[39m=[32m"lucide lucide-book-open-check"[39m
              [33mfill[39m=[32m"none"[39m
              [33mheight[39m=[32m"19"[39m
              [33mstroke[39m=[32m"currentColor"[39m
              [33mstroke-linecap[39m=[32m"round"[39m
              [33mstroke-linejoin[39m=[32m"round"[39m
              [33mstroke-width[39m=[32m"2"[39m
              [33mviewBox[39m=[32m"0 0 24 24"[39m
              [33mwidth[39m=[32m"19"[39m
              [33mxmlns[39m=[32m"http://www.w3.org/2000/svg"[39m
            [36m>[39m
              [36m<path[39m
                [33md[39m=[32m"M12 5v16"[39m
              [36m/>[39m
              [36m<path[39m
                [33md[39m=[32m"m16 12 2 2 4-4"[39m
              [36m/>[39m
              [36m<path[39m
                [33md[39m=[32m"M22 6V5a2 2 0 00-1.999-2L16 3.002A5 5 0 0012 5a5 5 0 00-4-2H4a2 2 0 00-2 2v12a2 2 0 001.999 2H8a5 5 0 014 2 5 5 0 014-2h4.001A2 2 0 0022 17v-1.344"[39m
              [36m/>[39m
            [36m</svg>[39m
          [36m</div>[39m
          [36m<div>[39m
            [36m<strong>[39m
              [0mTradeReview[0m
            [36m</strong>[39m
            [36m<span>[39m
              [0m历史交易复盘[0m
            [36m</span>[39m
          [36m</div>[39m
        [36m</div>[39m
        [36m<button[39m
          [33maria-controls[39m=[32m"primary-navigation"[39m
          [33maria-expanded[39m=[32m"false"[39m
          [33maria-label[39m=[32m"导航"[39m
          [33mclass[39m=[32m"mobile-nav-trigger"[39m
          [33mtype[39m=[32m"button"[39m
        [36m>[39m
          [36m<svg[39m
            [33maria-hidden[39m=[32m"true"[39m
            [33mclass[39m=[32m"lucide lucide-menu"[39m
            [33mfill[39m=[32m"none"[39m
            [33mheight[39m=[32m"18"[39m
            [33mstroke[39m=[32m"currentColor"[39m
            [33mstroke-linecap[39m=[32m"round"[39m
            [33mstroke-linejoin[39m=[32m"round"[39m
            [33mstroke-width[39m=[32m"2"[39m
            [33mviewBox[39m=[32m"0 0 24 24"[39m
            [33mwidth[39m=[32m"18"[39m
            [33mxmlns[39m=[32m"http://www.w3.org/2000/svg"[39m
          [36m>[39m
            [36m<path[39m
              [33md[39m=[32m"M4 5h16"[39m
            [36m/>[39m
            [36m<path[39m
              [33md[39m=[32m"M4 12h16"[39m
            [36m/>[39m
            [36m<path[39m
              [33md[39m=[32m"M4 19h16"[39m
            [36m/>[39m
          [36m</svg>[39m
          [36m<span>[39m
            [0m导航[0m
          [36m</span>[39m
        [36m</button>[39m
        [36m<nav[39m
          [33maria-label[39m=[32m"主导航"[39m
          [33mclass[39m=[32m"app-nav"[39m
          [33mid[39m=[32m"primary-navigation"[39m
        [36m>[39m
          [36m<button[39m
            [33maria-label[39m=[32m"我的交易室"[39m
            [33mclass[39m=[32m""[39m
            [33mtitle[39m=[32m"我的交易室"[39m
            [33mtype[39m=[32m"button"[39m
          [36m>[39m
            [36m<svg[39m
              [33maria-hidden[39m=[32m"true"[39m
              [33mclass[39m=[32m"lucide lucide-layout-dashboard"[39m
              [33mfill[39m=[32m"none"[39m
              [33mheight[39m=[32m"16"[39m
              [33mstroke[39m=[32m"currentColor"[39m
              [33mstroke-linecap[39m=[32m"round"[39m
              [33mstroke-linejoin[39m=[32m"round"[39m
              [33mstroke-width[39m=[32m"2"[39m
              [33mviewBox[39m=[32m"0 0 24 24"[39m
              [33mwidth[39m=[32m"16"[39m
              [33mxmlns[39m=[32m"http://www.w3.org/2000/svg"[39m
            [36m>[39m
              [36m<rect[39m
                [33mheight[39m=[32m"9"[39m
                [33mrx[39m=[32m"1"[39m
                [33mwidth[39m=[32m"7"[39m
                [33mx[39m=[32m"3"[39m
                [33my[39m=[32m"3"[39m
              [36m/>[39m
              [36m<rect[39m
                [33mheight[39m=[32m"5"[39m
                [33mrx[39m=[32m"1"[39m
                [33mwidth[39m=[32m"7"[39m
                [33mx[39m=[32m"14"[39m
                [33my[39m=[32m"3"[39m
              [36m/>[39m
              [36m<rect[39m
                [33mheight[39m=[32m"9"[39m
                [33mrx[39m=[32m"1"[39m
                [33mwidth[39m=[32m"7"[39m
                [33mx[39m=[32m"14"[39m
                [33my[39m=[32m"12"[39m
              [36m/>[39m
              [36m<rect[39m
                [33mheight[39m=[32m"5"[39m
                [33mrx[39m=[32m"1"[39m
                [33mwidth[39m=[32m"7"[39m
                [33mx[39m=[32m"3"[39m
                [33my[39m=[32m"16"[39m
              [36m/>[39m
            [36m</svg>[39m
            [36m<span[39m
              [33mclass[39m=[32m"app-nav-label"[39m
            [36m>[39m
              [0m我的交易室[0m
            [36m</span>[39m
          [36m</button>[39m
          [36m<button[39m
            [33maria-label[39m=[32m"交易库"[39m
            [33mclass[39m=[32m""[39m
            [33mtitle[39m=[32m"交易库"[39m
            [33mtype[39m=[32m"button"[39m
          [36m>[39m
            [36m<svg[39m
              [33maria-hidden[39m=[32m"true"[39m
              [33mclass[39m=[32m"lucide lucide-book-open-check"[39m
              [33mfill[39m=[32m"none"[39m
              [33mheight[39m=[32m"16"[39m
              [33mstroke[39m=[32m"currentColo...

Ignored nodes: comments, script, style
[36m<body>[39m
  [36m<div>[39m
    [36m<main[39m
      [33mclass[39m=[32m"trade-review-app is-review"[39m
    [36m>[39m
      [36m<input[39m
        [33maccept[39m=[32m".xlsx,.xls,.pdf"[39m
        [33maria-label[39m=[32m"导入交易记录"[39m
        [33mhidden[39m=[32m""[39m
        [33mmultiple[39m=[32m""[39m
        [33mtype[39m=[32m"file"[39m
      [36m/>[39m
      [36m<input[39m
        [33maccept[39m=[32m".csv,text/csv"[39m
        [33maria-label[39m=[32m"导入 TradingView 模拟交易"[39m
        [33mhidden[39m=[32m""[39m
        [33mtype[39m=[32m"file"[39m
      [36m/>[39m
      [36m<input[39m
        [33maccept[39m=[32m"image/jpeg,image/png,image/webp,.jpg,.jpeg,.png,.webp"[39m
        [33maria-label[39m=[32m"从截图恢复交易"[39m
        [33mhidden[39m=[32m""[39m
        [33mmultiple[39m=[32m""[39m
        [33mtype[39m=[32m"file"[39m
      [36m/>[39m
      [36m<aside[39m
        [33maria-label[39m=[32m"主导航"[39m
        [33mclass[39m=[32m"app-header app-sidebar "[39m
      [36m>[39m
        [36m<div[39m
          [33mclass[39m=[32m"brand"[39m
        [36m>[39m
          [36m<div[39m
            [33mclass[39m=[32m"brand-mark"[39m
          [36m>[39m
            [36m<svg[39m
              [33maria-hidden[39m=[32m"true"[39m
              [33mclass[39m=[32m"lucide lucide-book-open-check"[39m
              [33mfill[39m=[32m"none"[39m
              [33mheight[39m=[32m"19"[39m
              [33mstroke[39m=[32m"currentColor"[39m
              [33mstroke-linecap[39m=[32m"round"[39m
              [33mstroke-linejoin[39m=[32m"round"[39m
              [33mstroke-width[39m=[32m"2"[39m
              [33mviewBox[39m=[32m"0 0 24 24"[39m
              [33mwidth[39m=[32m"19"[39m
              [33mxmlns[39m=[32m"http://www.w3.org/2000/svg"[39m
            [36m>[39m
              [36m<path[39m
                [33md[39m=[32m"M12 5v16"[39m
              [36m/>[39m
              [36m<path[39m
                [33md[39m=[32m"m16 12 2 2 4-4"[39m
              [36m/>[39m
              [36m<path[39m
                [33md[39m=[32m"M22 6V5a2 2 0 00-1.999-2L16 3.002A5 5 0 0012 5a5 5 0 00-4-2H4a2 2 0 00-2 2v12a2 2 0 001.999 2H8a5 5 0 014 2 5 5 0 014-2h4.001A2 2 0 0022 17v-1.344"[39m
              [36m/>[39m
            [36m</svg>[39m
          [36m</div>[39m
          [36m<div>[39m
            [36m<strong>[39m
              [0mTradeReview[0m
            [36m</strong>[39m
            [36m<span>[39m
              [0m历史交易复盘[0m
            [36m</span>[39m
          [36m</div>[39m
        [36m</div>[39m
        [36m<button[39m
          [33maria-controls[39m=[32m"primary-navigation"[39m
          [33maria-expanded[39m=[32m"false"[39m
          [33maria-label[39m=[32m"导航"[39m
          [33mclass[39m=[32m"mobile-nav-trigger"[39m
          [33mtype[39m=[32m"button"[39m
        [36m>[39m
          [36m<svg[39m
            [33maria-hidden[39m=[32m"true"[39m
            [33mclass[39m=[32m"lucide lucide-menu"[39m
            [33mfill[39m=[32m"none"[39m
            [33mheight[39m=[32m"18"[39m
            [33mstroke[39m=[32m"currentColor"[39m
            [33mstroke-linecap[39m=[32m"round"[39m
            [33mstroke-linejoin[39m=[32m"round"[39m
            [33mstroke-width[39m=[32m"2"[39m
            [33mviewBox[39m=[32m"0 0 24 24"[39m
            [33mwidth[39m=[32m"18"[39m
            [33mxmlns[39m=[32m"http://www.w3.org/2000/svg"[39m
          [36m>[39m
            [36m<path[39m
              [33md[39m=[32m"M4 5h16"[39m
            [36m/>[39m
            [36m<path[39m
              [33md[39m=[32m"M4 12h16"[39m
            [36m/>[39m
            [36m<path[39m
              [33md[39m=[32m"M4 19h16"[39m
            [36m/>[39m
          [36m</svg>[39m
          [36m<span>[39m
            [0m导航[0m
          [36m</span>[39m
        [36m</button>[39m
        [36m<nav[39m
          [33maria-label[39m=[32m"主导航"[39m
          [33mclass[39m=[32m"app-nav"[39m
          [33mid[39m=[32m"primary-navigation"[39m
        [36m>[39m
          [36m<button[39m
            [33maria-label[39m=[32m"我的交易室"[39m
            [33mclass[39m=[32m""[39m
            [33mtitle[39m=[32m"我的交易室"[39m
            [33mtype[39m=[32m"button"[39m
          [36m>[39m
            [36m<svg[39m
              [33maria-hidden[39m=[32m"true"[39m
              [33mclass[39m=[32m"lucide lucide-layout-dashboard"[39m
              [33mfill[39m=[32m"none"[39m
              [33mheight[39m=[32m"16"[39m
              [33mstroke[39m=[32m"currentColor"[39m
              [33mstroke-linecap[39m=[32m"round"[39m
              [33mstroke-linejoin[39m=[32m"round"[39m
              [33mstroke-width[39m=[32m"2"[39m
              [33mviewBox[39m=[32m"0 0 24 24"[39m
              [33mwidth[39m=[32m"16"[39m
              [33mxmlns[39m=[32m"http://www.w3.org/2000/svg"[39m
            [36m>[39m
              [36m<rect[39m
                [33mheight[39m=[32m"9"[39m
                [33mrx[39m=[32m"1"[39m
                [33mwidth[39m=[32m"7"[39m
                [33mx[39m=[32m"3"[39m
                [33my[39m=[32m"3"[39m
              [36m/>[39m
              [36m<rect[39m
                [33mheight[39m=[32m"5"[39m
                [33mrx[39m=[32m"1"[39m
                [33mwidth[39m=[32m"7"[39m
                [33mx[39m=[32m"14"[39m
                [33my[39m=[32m"3"[39m
              [36m/>[39m
              [36m<rect[39m
                [33mheight[39m=[32m"9"[39m
                [33mrx[39m=[32m"1"[39m
                [33mwidth[39m=[32m"7"[39m
                [33mx[39m=[32m"14"[39m
                [33my[39m=[32m"12"[39m
              [36m/>[39m
              [36m<rect[39m
                [33mheight[39m=[32m"5"[39m
                [33mrx[39m=[32m"1"[39m
                [33mwidth[39m=[32m"7"[39m
                [33mx[39m=[32m"3"[39m
                [33my[39m=[32m"16"[39m
              [36m/>[39m
            [36m</svg>[39m
            [36m<span[39m
              [33mclass[39m=[32m"app-nav-label"[39m
            [36m>[39m
              [0m我的交易室[0m
            [36m</span>[39m
          [36m</button>[39m
          [36m<button[39m
            [33maria-label[39m=[32m"交易库"[39m
            [33mclass[39m=[32m""[39m
            [33mtitle[39m=[32m"交易库"[39m
            [33mtype[39m=[32m"button"[39m
          [36m>[39m
            [36m<svg[39m
              [33maria-hidden[39m=[32m"true"[39m
              [33mclass[39m=[32m"lucide lucide-book-open-check"[39m
              [33mfill[39m=[32m"none"[39m
              [33mheight[39m=[32m"16"[39m
              [33mstroke[39m=[32m"currentColo...
 ❯ waitForWrapper node_modules/@testing-library/dom/dist/wait-for.js:163:27
 ❯ node_modules/@testing-library/dom/dist/query-helpers.js:86:33
 ❯ enterImportedReviewFromDashboard app/components/trade-review-workspace.test.tsx:1040:18
    1038|     if (!round) throw new Error("目标标的没有可打开的交易回合");
    1039|     await user.click(round);
    1040|     await screen.findByLabelText("图表工具栏");
       |                  ^
    1041|   }
    1042|
 ❯ app/components/trade-review-workspace.test.tsx:3334:5

⎯⎯⎯⎯⎯⎯⎯⎯⎯⎯⎯⎯⎯⎯⎯⎯⎯⎯⎯⎯⎯⎯[24/39]⎯

 FAIL  app/components/trade-review-workspace.test.tsx > TradeReviewWorkspace > starts before entry and advances to the first known candle when history begins after the trade
TestingLibraryElementError: Unable to find a label with the text of: 图表工具栏

Ignored nodes: comments, script, style
[36m<body>[39m
  [36m<div>[39m
    [36m<main[39m
      [33mclass[39m=[32m"trade-review-app is-review"[39m
    [36m>[39m
      [36m<input[39m
        [33maccept[39m=[32m".xlsx,.xls,.pdf"[39m
        [33maria-label[39m=[32m"导入交易记录"[39m
        [33mhidden[39m=[32m""[39m
        [33mmultiple[39m=[32m""[39m
        [33mtype[39m=[32m"file"[39m
      [36m/>[39m
      [36m<input[39m
        [33maccept[39m=[32m".csv,text/csv"[39m
        [33maria-label[39m=[32m"导入 TradingView 模拟交易"[39m
        [33mhidden[39m=[32m""[39m
        [33mtype[39m=[32m"file"[39m
      [36m/>[39m
      [36m<input[39m
        [33maccept[39m=[32m"image/jpeg,image/png,image/webp,.jpg,.jpeg,.png,.webp"[39m
        [33maria-label[39m=[32m"从截图恢复交易"[39m
        [33mhidden[39m=[32m""[39m
        [33mmultiple[39m=[32m""[39m
        [33mtype[39m=[32m"file"[39m
      [36m/>[39m
      [36m<aside[39m
        [33maria-label[39m=[32m"主导航"[39m
        [33mclass[39m=[32m"app-header app-sidebar "[39m
      [36m>[39m
        [36m<div[39m
          [33mclass[39m=[32m"brand"[39m
        [36m>[39m
          [36m<div[39m
            [33mclass[39m=[32m"brand-mark"[39m
          [36m>[39m
            [36m<svg[39m
              [33maria-hidden[39m=[32m"true"[39m
              [33mclass[39m=[32m"lucide lucide-book-open-check"[39m
              [33mfill[39m=[32m"none"[39m
              [33mheight[39m=[32m"19"[39m
              [33mstroke[39m=[32m"currentColor"[39m
              [33mstroke-linecap[39m=[32m"round"[39m
              [33mstroke-linejoin[39m=[32m"round"[39m
              [33mstroke-width[39m=[32m"2"[39m
              [33mviewBox[39m=[32m"0 0 24 24"[39m
              [33mwidth[39m=[32m"19"[39m
              [33mxmlns[39m=[32m"http://www.w3.org/2000/svg"[39m
            [36m>[39m
              [36m<path[39m
                [33md[39m=[32m"M12 5v16"[39m
              [36m/>[39m
              [36m<path[39m
                [33md[39m=[32m"m16 12 2 2 4-4"[39m
              [36m/>[39m
              [36m<path[39m
                [33md[39m=[32m"M22 6V5a2 2 0 00-1.999-2L16 3.002A5 5 0 0012 5a5 5 0 00-4-2H4a2 2 0 00-2 2v12a2 2 0 001.999 2H8a5 5 0 014 2 5 5 0 014-2h4.001A2 2 0 0022 17v-1.344"[39m
              [36m/>[39m
            [36m</svg>[39m
          [36m</div>[39m
          [36m<div>[39m
            [36m<strong>[39m
              [0mTradeReview[0m
            [36m</strong>[39m
            [36m<span>[39m
              [0m历史交易复盘[0m
            [36m</span>[39m
          [36m</div>[39m
        [36m</div>[39m
        [36m<button[39m
          [33maria-controls[39m=[32m"primary-navigation"[39m
          [33maria-expanded[39m=[32m"false"[39m
          [33maria-label[39m=[32m"导航"[39m
          [33mclass[39m=[32m"mobile-nav-trigger"[39m
          [33mtype[39m=[32m"button"[39m
        [36m>[39m
          [36m<svg[39m
            [33maria-hidden[39m=[32m"true"[39m
            [33mclass[39m=[32m"lucide lucide-menu"[39m
            [33mfill[39m=[32m"none"[39m
            [33mheight[39m=[32m"18"[39m
            [33mstroke[39m=[32m"currentColor"[39m
            [33mstroke-linecap[39m=[32m"round"[39m
            [33mstroke-linejoin[39m=[32m"round"[39m
            [33mstroke-width[39m=[32m"2"[39m
            [33mviewBox[39m=[32m"0 0 24 24"[39m
            [33mwidth[39m=[32m"18"[39m
            [33mxmlns[39m=[32m"http://www.w3.org/2000/svg"[39m
          [36m>[39m
            [36m<path[39m
              [33md[39m=[32m"M4 5h16"[39m
            [36m/>[39m
            [36m<path[39m
              [33md[39m=[32m"M4 12h16"[39m
            [36m/>[39m
            [36m<path[39m
              [33md[39m=[32m"M4 19h16"[39m
            [36m/>[39m
          [36m</svg>[39m
          [36m<span>[39m
            [0m导航[0m
          [36m</span>[39m
        [36m</button>[39m
        [36m<nav[39m
          [33maria-label[39m=[32m"主导航"[39m
          [33mclass[39m=[32m"app-nav"[39m
          [33mid[39m=[32m"primary-navigation"[39m
        [36m>[39m
          [36m<button[39m
            [33maria-label[39m=[32m"我的交易室"[39m
            [33mclass[39m=[32m""[39m
            [33mtitle[39m=[32m"我的交易室"[39m
            [33mtype[39m=[32m"button"[39m
          [36m>[39m
            [36m<svg[39m
              [33maria-hidden[39m=[32m"true"[39m
              [33mclass[39m=[32m"lucide lucide-layout-dashboard"[39m
              [33mfill[39m=[32m"none"[39m
              [33mheight[39m=[32m"16"[39m
              [33mstroke[39m=[32m"currentColor"[39m
              [33mstroke-linecap[39m=[32m"round"[39m
              [33mstroke-linejoin[39m=[32m"round"[39m
              [33mstroke-width[39m=[32m"2"[39m
              [33mviewBox[39m=[32m"0 0 24 24"[39m
              [33mwidth[39m=[32m"16"[39m
              [33mxmlns[39m=[32m"http://www.w3.org/2000/svg"[39m
            [36m>[39m
              [36m<rect[39m
                [33mheight[39m=[32m"9"[39m
                [33mrx[39m=[32m"1"[39m
                [33mwidth[39m=[32m"7"[39m
                [33mx[39m=[32m"3"[39m
                [33my[39m=[32m"3"[39m
              [36m/>[39m
              [36m<rect[39m
                [33mheight[39m=[32m"5"[39m
                [33mrx[39m=[32m"1"[39m
                [33mwidth[39m=[32m"7"[39m
                [33mx[39m=[32m"14"[39m
                [33my[39m=[32m"3"[39m
              [36m/>[39m
              [36m<rect[39m
                [33mheight[39m=[32m"9"[39m
                [33mrx[39m=[32m"1"[39m
                [33mwidth[39m=[32m"7"[39m
                [33mx[39m=[32m"14"[39m
                [33my[39m=[32m"12"[39m
              [36m/>[39m
              [36m<rect[39m
                [33mheight[39m=[32m"5"[39m
                [33mrx[39m=[32m"1"[39m
                [33mwidth[39m=[32m"7"[39m
                [33mx[39m=[32m"3"[39m
                [33my[39m=[32m"16"[39m
              [36m/>[39m
            [36m</svg>[39m
            [36m<span[39m
              [33mclass[39m=[32m"app-nav-label"[39m
            [36m>[39m
              [0m我的交易室[0m
            [36m</span>[39m
          [36m</button>[39m
          [36m<button[39m
            [33maria-label[39m=[32m"交易库"[39m
            [33mclass[39m=[32m""[39m
            [33mtitle[39m=[32m"交易库"[39m
            [33mtype[39m=[32m"button"[39m
          [36m>[39m
            [36m<svg[39m
              [33maria-hidden[39m=[32m"true"[39m
              [33mclass[39m=[32m"lucide lucide-book-open-check"[39m
              [33mfill[39m=[32m"none"[39m
              [33mheight[39m=[32m"16"[39m
              [33mstroke[39m=[32m"currentColo...

Ignored nodes: comments, script, style
[36m<body>[39m
  [36m<div>[39m
    [36m<main[39m
      [33mclass[39m=[32m"trade-review-app is-review"[39m
    [36m>[39m
      [36m<input[39m
        [33maccept[39m=[32m".xlsx,.xls,.pdf"[39m
        [33maria-label[39m=[32m"导入交易记录"[39m
        [33mhidden[39m=[32m""[39m
        [33mmultiple[39m=[32m""[39m
        [33mtype[39m=[32m"file"[39m
      [36m/>[39m
      [36m<input[39m
        [33maccept[39m=[32m".csv,text/csv"[39m
        [33maria-label[39m=[32m"导入 TradingView 模拟交易"[39m
        [33mhidden[39m=[32m""[39m
        [33mtype[39m=[32m"file"[39m
      [36m/>[39m
      [36m<input[39m
        [33maccept[39m=[32m"image/jpeg,image/png,image/webp,.jpg,.jpeg,.png,.webp"[39m
        [33maria-label[39m=[32m"从截图恢复交易"[39m
        [33mhidden[39m=[32m""[39m
        [33mmultiple[39m=[32m""[39m
        [33mtype[39m=[32m"file"[39m
      [36m/>[39m
      [36m<aside[39m
        [33maria-label[39m=[32m"主导航"[39m
        [33mclass[39m=[32m"app-header app-sidebar "[39m
      [36m>[39m
        [36m<div[39m
          [33mclass[39m=[32m"brand"[39m
        [36m>[39m
          [36m<div[39m
            [33mclass[39m=[32m"brand-mark"[39m
          [36m>[39m
            [36m<svg[39m
              [33maria-hidden[39m=[32m"true"[39m
              [33mclass[39m=[32m"lucide lucide-book-open-check"[39m
              [33mfill[39m=[32m"none"[39m
              [33mheight[39m=[32m"19"[39m
              [33mstroke[39m=[32m"currentColor"[39m
              [33mstroke-linecap[39m=[32m"round"[39m
              [33mstroke-linejoin[39m=[32m"round"[39m
              [33mstroke-width[39m=[32m"2"[39m
              [33mviewBox[39m=[32m"0 0 24 24"[39m
              [33mwidth[39m=[32m"19"[39m
              [33mxmlns[39m=[32m"http://www.w3.org/2000/svg"[39m
            [36m>[39m
              [36m<path[39m
                [33md[39m=[32m"M12 5v16"[39m
              [36m/>[39m
              [36m<path[39m
                [33md[39m=[32m"m16 12 2 2 4-4"[39m
              [36m/>[39m
              [36m<path[39m
                [33md[39m=[32m"M22 6V5a2 2 0 00-1.999-2L16 3.002A5 5 0 0012 5a5 5 0 00-4-2H4a2 2 0 00-2 2v12a2 2 0 001.999 2H8a5 5 0 014 2 5 5 0 014-2h4.001A2 2 0 0022 17v-1.344"[39m
              [36m/>[39m
            [36m</svg>[39m
          [36m</div>[39m
          [36m<div>[39m
            [36m<strong>[39m
              [0mTradeReview[0m
            [36m</strong>[39m
            [36m<span>[39m
              [0m历史交易复盘[0m
            [36m</span>[39m
          [36m</div>[39m
        [36m</div>[39m
        [36m<button[39m
          [33maria-controls[39m=[32m"primary-navigation"[39m
          [33maria-expanded[39m=[32m"false"[39m
          [33maria-label[39m=[32m"导航"[39m
          [33mclass[39m=[32m"mobile-nav-trigger"[39m
          [33mtype[39m=[32m"button"[39m
        [36m>[39m
          [36m<svg[39m
            [33maria-hidden[39m=[32m"true"[39m
            [33mclass[39m=[32m"lucide lucide-menu"[39m
            [33mfill[39m=[32m"none"[39m
            [33mheight[39m=[32m"18"[39m
            [33mstroke[39m=[32m"currentColor"[39m
            [33mstroke-linecap[39m=[32m"round"[39m
            [33mstroke-linejoin[39m=[32m"round"[39m
            [33mstroke-width[39m=[32m"2"[39m
            [33mviewBox[39m=[32m"0 0 24 24"[39m
            [33mwidth[39m=[32m"18"[39m
            [33mxmlns[39m=[32m"http://www.w3.org/2000/svg"[39m
          [36m>[39m
            [36m<path[39m
              [33md[39m=[32m"M4 5h16"[39m
            [36m/>[39m
            [36m<path[39m
              [33md[39m=[32m"M4 12h16"[39m
            [36m/>[39m
            [36m<path[39m
              [33md[39m=[32m"M4 19h16"[39m
            [36m/>[39m
          [36m</svg>[39m
          [36m<span>[39m
            [0m导航[0m
          [36m</span>[39m
        [36m</button>[39m
        [36m<nav[39m
          [33maria-label[39m=[32m"主导航"[39m
          [33mclass[39m=[32m"app-nav"[39m
          [33mid[39m=[32m"primary-navigation"[39m
        [36m>[39m
          [36m<button[39m
            [33maria-label[39m=[32m"我的交易室"[39m
            [33mclass[39m=[32m""[39m
            [33mtitle[39m=[32m"我的交易室"[39m
            [33mtype[39m=[32m"button"[39m
          [36m>[39m
            [36m<svg[39m
              [33maria-hidden[39m=[32m"true"[39m
              [33mclass[39m=[32m"lucide lucide-layout-dashboard"[39m
              [33mfill[39m=[32m"none"[39m
              [33mheight[39m=[32m"16"[39m
              [33mstroke[39m=[32m"currentColor"[39m
              [33mstroke-linecap[39m=[32m"round"[39m
              [33mstroke-linejoin[39m=[32m"round"[39m
              [33mstroke-width[39m=[32m"2"[39m
              [33mviewBox[39m=[32m"0 0 24 24"[39m
              [33mwidth[39m=[32m"16"[39m
              [33mxmlns[39m=[32m"http://www.w3.org/2000/svg"[39m
            [36m>[39m
              [36m<rect[39m
                [33mheight[39m=[32m"9"[39m
                [33mrx[39m=[32m"1"[39m
                [33mwidth[39m=[32m"7"[39m
                [33mx[39m=[32m"3"[39m
                [33my[39m=[32m"3"[39m
              [36m/>[39m
              [36m<rect[39m
                [33mheight[39m=[32m"5"[39m
                [33mrx[39m=[32m"1"[39m
                [33mwidth[39m=[32m"7"[39m
                [33mx[39m=[32m"14"[39m
                [33my[39m=[32m"3"[39m
              [36m/>[39m
              [36m<rect[39m
                [33mheight[39m=[32m"9"[39m
                [33mrx[39m=[32m"1"[39m
                [33mwidth[39m=[32m"7"[39m
                [33mx[39m=[32m"14"[39m
                [33my[39m=[32m"12"[39m
              [36m/>[39m
              [36m<rect[39m
                [33mheight[39m=[32m"5"[39m
                [33mrx[39m=[32m"1"[39m
                [33mwidth[39m=[32m"7"[39m
                [33mx[39m=[32m"3"[39m
                [33my[39m=[32m"16"[39m
              [36m/>[39m
            [36m</svg>[39m
            [36m<span[39m
              [33mclass[39m=[32m"app-nav-label"[39m
            [36m>[39m
              [0m我的交易室[0m
            [36m</span>[39m
          [36m</button>[39m
          [36m<button[39m
            [33maria-label[39m=[32m"交易库"[39m
            [33mclass[39m=[32m""[39m
            [33mtitle[39m=[32m"交易库"[39m
            [33mtype[39m=[32m"button"[39m
          [36m>[39m
            [36m<svg[39m
              [33maria-hidden[39m=[32m"true"[39m
              [33mclass[39m=[32m"lucide lucide-book-open-check"[39m
              [33mfill[39m=[32m"none"[39m
              [33mheight[39m=[32m"16"[39m
              [33mstroke[39m=[32m"currentColo...
 ❯ waitForWrapper node_modules/@testing-library/dom/dist/wait-for.js:163:27
 ❯ node_modules/@testing-library/dom/dist/query-helpers.js:86:33
 ❯ enterImportedReviewFromDashboard app/components/trade-review-workspace.test.tsx:1040:18
    1038|     if (!round) throw new Error("目标标的没有可打开的交易回合");
    1039|     await user.click(round);
    1040|     await screen.findByLabelText("图表工具栏");
       |                  ^
    1041|   }
    1042|
 ❯ app/components/trade-review-workspace.test.tsx:3361:5

⎯⎯⎯⎯⎯⎯⎯⎯⎯⎯⎯⎯⎯⎯⎯⎯⎯⎯⎯⎯⎯⎯[25/39]⎯

 FAIL  app/components/trade-review-workspace.test.tsx > TradeReviewWorkspace > refreshes every trade episode regardless of the selected episode
TestingLibraryElementError: Unable to find a label with the text of: 图表工具栏

Ignored nodes: comments, script, style
[36m<body>[39m
  [36m<div>[39m
    [36m<main[39m
      [33mclass[39m=[32m"trade-review-app is-review"[39m
    [36m>[39m
      [36m<input[39m
        [33maccept[39m=[32m".xlsx,.xls,.pdf"[39m
        [33maria-label[39m=[32m"导入交易记录"[39m
        [33mhidden[39m=[32m""[39m
        [33mmultiple[39m=[32m""[39m
        [33mtype[39m=[32m"file"[39m
      [36m/>[39m
      [36m<input[39m
        [33maccept[39m=[32m".csv,text/csv"[39m
        [33maria-label[39m=[32m"导入 TradingView 模拟交易"[39m
        [33mhidden[39m=[32m""[39m
        [33mtype[39m=[32m"file"[39m
      [36m/>[39m
      [36m<input[39m
        [33maccept[39m=[32m"image/jpeg,image/png,image/webp,.jpg,.jpeg,.png,.webp"[39m
        [33maria-label[39m=[32m"从截图恢复交易"[39m
        [33mhidden[39m=[32m""[39m
        [33mmultiple[39m=[32m""[39m
        [33mtype[39m=[32m"file"[39m
      [36m/>[39m
      [36m<aside[39m
        [33maria-label[39m=[32m"主导航"[39m
        [33mclass[39m=[32m"app-header app-sidebar "[39m
      [36m>[39m
        [36m<div[39m
          [33mclass[39m=[32m"brand"[39m
        [36m>[39m
          [36m<div[39m
            [33mclass[39m=[32m"brand-mark"[39m
          [36m>[39m
            [36m<svg[39m
              [33maria-hidden[39m=[32m"true"[39m
              [33mclass[39m=[32m"lucide lucide-book-open-check"[39m
              [33mfill[39m=[32m"none"[39m
              [33mheight[39m=[32m"19"[39m
              [33mstroke[39m=[32m"currentColor"[39m
              [33mstroke-linecap[39m=[32m"round"[39m
              [33mstroke-linejoin[39m=[32m"round"[39m
              [33mstroke-width[39m=[32m"2"[39m
              [33mviewBox[39m=[32m"0 0 24 24"[39m
              [33mwidth[39m=[32m"19"[39m
              [33mxmlns[39m=[32m"http://www.w3.org/2000/svg"[39m
            [36m>[39m
              [36m<path[39m
                [33md[39m=[32m"M12 5v16"[39m
              [36m/>[39m
              [36m<path[39m
                [33md[39m=[32m"m16 12 2 2 4-4"[39m
              [36m/>[39m
              [36m<path[39m
                [33md[39m=[32m"M22 6V5a2 2 0 00-1.999-2L16 3.002A5 5 0 0012 5a5 5 0 00-4-2H4a2 2 0 00-2 2v12a2 2 0 001.999 2H8a5 5 0 014 2 5 5 0 014-2h4.001A2 2 0 0022 17v-1.344"[39m
              [36m/>[39m
            [36m</svg>[39m
          [36m</div>[39m
          [36m<div>[39m
            [36m<strong>[39m
              [0mTradeReview[0m
            [36m</strong>[39m
            [36m<span>[39m
              [0m历史交易复盘[0m
            [36m</span>[39m
          [36m</div>[39m
        [36m</div>[39m
        [36m<button[39m
          [33maria-controls[39m=[32m"primary-navigation"[39m
          [33maria-expanded[39m=[32m"false"[39m
          [33maria-label[39m=[32m"导航"[39m
          [33mclass[39m=[32m"mobile-nav-trigger"[39m
          [33mtype[39m=[32m"button"[39m
        [36m>[39m
          [36m<svg[39m
            [33maria-hidden[39m=[32m"true"[39m
            [33mclass[39m=[32m"lucide lucide-menu"[39m
            [33mfill[39m=[32m"none"[39m
            [33mheight[39m=[32m"18"[39m
            [33mstroke[39m=[32m"currentColor"[39m
            [33mstroke-linecap[39m=[32m"round"[39m
            [33mstroke-linejoin[39m=[32m"round"[39m
            [33mstroke-width[39m=[32m"2"[39m
            [33mviewBox[39m=[32m"0 0 24 24"[39m
            [33mwidth[39m=[32m"18"[39m
            [33mxmlns[39m=[32m"http://www.w3.org/2000/svg"[39m
          [36m>[39m
            [36m<path[39m
              [33md[39m=[32m"M4 5h16"[39m
            [36m/>[39m
            [36m<path[39m
              [33md[39m=[32m"M4 12h16"[39m
            [36m/>[39m
            [36m<path[39m
              [33md[39m=[32m"M4 19h16"[39m
            [36m/>[39m
          [36m</svg>[39m
          [36m<span>[39m
            [0m导航[0m
          [36m</span>[39m
        [36m</button>[39m
        [36m<nav[39m
          [33maria-label[39m=[32m"主导航"[39m
          [33mclass[39m=[32m"app-nav"[39m
          [33mid[39m=[32m"primary-navigation"[39m
        [36m>[39m
          [36m<button[39m
            [33maria-label[39m=[32m"我的交易室"[39m
            [33mclass[39m=[32m""[39m
            [33mtitle[39m=[32m"我的交易室"[39m
            [33mtype[39m=[32m"button"[39m
          [36m>[39m
            [36m<svg[39m
              [33maria-hidden[39m=[32m"true"[39m
              [33mclass[39m=[32m"lucide lucide-layout-dashboard"[39m
              [33mfill[39m=[32m"none"[39m
              [33mheight[39m=[32m"16"[39m
              [33mstroke[39m=[32m"currentColor"[39m
              [33mstroke-linecap[39m=[32m"round"[39m
              [33mstroke-linejoin[39m=[32m"round"[39m
              [33mstroke-width[39m=[32m"2"[39m
              [33mviewBox[39m=[32m"0 0 24 24"[39m
              [33mwidth[39m=[32m"16"[39m
              [33mxmlns[39m=[32m"http://www.w3.org/2000/svg"[39m
            [36m>[39m
              [36m<rect[39m
                [33mheight[39m=[32m"9"[39m
                [33mrx[39m=[32m"1"[39m
                [33mwidth[39m=[32m"7"[39m
                [33mx[39m=[32m"3"[39m
                [33my[39m=[32m"3"[39m
              [36m/>[39m
              [36m<rect[39m
                [33mheight[39m=[32m"5"[39m
                [33mrx[39m=[32m"1"[39m
                [33mwidth[39m=[32m"7"[39m
                [33mx[39m=[32m"14"[39m
                [33my[39m=[32m"3"[39m
              [36m/>[39m
              [36m<rect[39m
                [33mheight[39m=[32m"9"[39m
                [33mrx[39m=[32m"1"[39m
                [33mwidth[39m=[32m"7"[39m
                [33mx[39m=[32m"14"[39m
                [33my[39m=[32m"12"[39m
              [36m/>[39m
              [36m<rect[39m
                [33mheight[39m=[32m"5"[39m
                [33mrx[39m=[32m"1"[39m
                [33mwidth[39m=[32m"7"[39m
                [33mx[39m=[32m"3"[39m
                [33my[39m=[32m"16"[39m
              [36m/>[39m
            [36m</svg>[39m
            [36m<span[39m
              [33mclass[39m=[32m"app-nav-label"[39m
            [36m>[39m
              [0m我的交易室[0m
            [36m</span>[39m
          [36m</button>[39m
          [36m<button[39m
            [33maria-label[39m=[32m"交易库"[39m
            [33mclass[39m=[32m""[39m
            [33mtitle[39m=[32m"交易库"[39m
            [33mtype[39m=[32m"button"[39m
          [36m>[39m
            [36m<svg[39m
              [33maria-hidden[39m=[32m"true"[39m
              [33mclass[39m=[32m"lucide lucide-book-open-check"[39m
              [33mfill[39m=[32m"none"[39m
              [33mheight[39m=[32m"16"[39m
              [33mstroke[39m=[32m"currentColo...

Ignored nodes: comments, script, style
[36m<body>[39m
  [36m<div>[39m
    [36m<main[39m
      [33mclass[39m=[32m"trade-review-app is-review"[39m
    [36m>[39m
      [36m<input[39m
        [33maccept[39m=[32m".xlsx,.xls,.pdf"[39m
        [33maria-label[39m=[32m"导入交易记录"[39m
        [33mhidden[39m=[32m""[39m
        [33mmultiple[39m=[32m""[39m
        [33mtype[39m=[32m"file"[39m
      [36m/>[39m
      [36m<input[39m
        [33maccept[39m=[32m".csv,text/csv"[39m
        [33maria-label[39m=[32m"导入 TradingView 模拟交易"[39m
        [33mhidden[39m=[32m""[39m
        [33mtype[39m=[32m"file"[39m
      [36m/>[39m
      [36m<input[39m
        [33maccept[39m=[32m"image/jpeg,image/png,image/webp,.jpg,.jpeg,.png,.webp"[39m
        [33maria-label[39m=[32m"从截图恢复交易"[39m
        [33mhidden[39m=[32m""[39m
        [33mmultiple[39m=[32m""[39m
        [33mtype[39m=[32m"file"[39m
      [36m/>[39m
      [36m<aside[39m
        [33maria-label[39m=[32m"主导航"[39m
        [33mclass[39m=[32m"app-header app-sidebar "[39m
      [36m>[39m
        [36m<div[39m
          [33mclass[39m=[32m"brand"[39m
        [36m>[39m
          [36m<div[39m
            [33mclass[39m=[32m"brand-mark"[39m
          [36m>[39m
            [36m<svg[39m
              [33maria-hidden[39m=[32m"true"[39m
              [33mclass[39m=[32m"lucide lucide-book-open-check"[39m
              [33mfill[39m=[32m"none"[39m
              [33mheight[39m=[32m"19"[39m
              [33mstroke[39m=[32m"currentColor"[39m
              [33mstroke-linecap[39m=[32m"round"[39m
              [33mstroke-linejoin[39m=[32m"round"[39m
              [33mstroke-width[39m=[32m"2"[39m
              [33mviewBox[39m=[32m"0 0 24 24"[39m
              [33mwidth[39m=[32m"19"[39m
              [33mxmlns[39m=[32m"http://www.w3.org/2000/svg"[39m
            [36m>[39m
              [36m<path[39m
                [33md[39m=[32m"M12 5v16"[39m
              [36m/>[39m
              [36m<path[39m
                [33md[39m=[32m"m16 12 2 2 4-4"[39m
              [36m/>[39m
              [36m<path[39m
                [33md[39m=[32m"M22 6V5a2 2 0 00-1.999-2L16 3.002A5 5 0 0012 5a5 5 0 00-4-2H4a2 2 0 00-2 2v12a2 2 0 001.999 2H8a5 5 0 014 2 5 5 0 014-2h4.001A2 2 0 0022 17v-1.344"[39m
              [36m/>[39m
            [36m</svg>[39m
          [36m</div>[39m
          [36m<div>[39m
            [36m<strong>[39m
              [0mTradeReview[0m
            [36m</strong>[39m
            [36m<span>[39m
              [0m历史交易复盘[0m
            [36m</span>[39m
          [36m</div>[39m
        [36m</div>[39m
        [36m<button[39m
          [33maria-controls[39m=[32m"primary-navigation"[39m
          [33maria-expanded[39m=[32m"false"[39m
          [33maria-label[39m=[32m"导航"[39m
          [33mclass[39m=[32m"mobile-nav-trigger"[39m
          [33mtype[39m=[32m"button"[39m
        [36m>[39m
          [36m<svg[39m
            [33maria-hidden[39m=[32m"true"[39m
            [33mclass[39m=[32m"lucide lucide-menu"[39m
            [33mfill[39m=[32m"none"[39m
            [33mheight[39m=[32m"18"[39m
            [33mstroke[39m=[32m"currentColor"[39m
            [33mstroke-linecap[39m=[32m"round"[39m
            [33mstroke-linejoin[39m=[32m"round"[39m
            [33mstroke-width[39m=[32m"2"[39m
            [33mviewBox[39m=[32m"0 0 24 24"[39m
            [33mwidth[39m=[32m"18"[39m
            [33mxmlns[39m=[32m"http://www.w3.org/2000/svg"[39m
          [36m>[39m
            [36m<path[39m
              [33md[39m=[32m"M4 5h16"[39m
            [36m/>[39m
            [36m<path[39m
              [33md[39m=[32m"M4 12h16"[39m
            [36m/>[39m
            [36m<path[39m
              [33md[39m=[32m"M4 19h16"[39m
            [36m/>[39m
          [36m</svg>[39m
          [36m<span>[39m
            [0m导航[0m
          [36m</span>[39m
        [36m</button>[39m
        [36m<nav[39m
          [33maria-label[39m=[32m"主导航"[39m
          [33mclass[39m=[32m"app-nav"[39m
          [33mid[39m=[32m"primary-navigation"[39m
        [36m>[39m
          [36m<button[39m
            [33maria-label[39m=[32m"我的交易室"[39m
            [33mclass[39m=[32m""[39m
            [33mtitle[39m=[32m"我的交易室"[39m
            [33mtype[39m=[32m"button"[39m
          [36m>[39m
            [36m<svg[39m
              [33maria-hidden[39m=[32m"true"[39m
              [33mclass[39m=[32m"lucide lucide-layout-dashboard"[39m
              [33mfill[39m=[32m"none"[39m
              [33mheight[39m=[32m"16"[39m
              [33mstroke[39m=[32m"currentColor"[39m
              [33mstroke-linecap[39m=[32m"round"[39m
              [33mstroke-linejoin[39m=[32m"round"[39m
              [33mstroke-width[39m=[32m"2"[39m
              [33mviewBox[39m=[32m"0 0 24 24"[39m
              [33mwidth[39m=[32m"16"[39m
              [33mxmlns[39m=[32m"http://www.w3.org/2000/svg"[39m
            [36m>[39m
              [36m<rect[39m
                [33mheight[39m=[32m"9"[39m
                [33mrx[39m=[32m"1"[39m
                [33mwidth[39m=[32m"7"[39m
                [33mx[39m=[32m"3"[39m
                [33my[39m=[32m"3"[39m
              [36m/>[39m
              [36m<rect[39m
                [33mheight[39m=[32m"5"[39m
                [33mrx[39m=[32m"1"[39m
                [33mwidth[39m=[32m"7"[39m
                [33mx[39m=[32m"14"[39m
                [33my[39m=[32m"3"[39m
              [36m/>[39m
              [36m<rect[39m
                [33mheight[39m=[32m"9"[39m
                [33mrx[39m=[32m"1"[39m
                [33mwidth[39m=[32m"7"[39m
                [33mx[39m=[32m"14"[39m
                [33my[39m=[32m"12"[39m
              [36m/>[39m
              [36m<rect[39m
                [33mheight[39m=[32m"5"[39m
                [33mrx[39m=[32m"1"[39m
                [33mwidth[39m=[32m"7"[39m
                [33mx[39m=[32m"3"[39m
                [33my[39m=[32m"16"[39m
              [36m/>[39m
            [36m</svg>[39m
            [36m<span[39m
              [33mclass[39m=[32m"app-nav-label"[39m
            [36m>[39m
              [0m我的交易室[0m
            [36m</span>[39m
          [36m</button>[39m
          [36m<button[39m
            [33maria-label[39m=[32m"交易库"[39m
            [33mclass[39m=[32m""[39m
            [33mtitle[39m=[32m"交易库"[39m
            [33mtype[39m=[32m"button"[39m
          [36m>[39m
            [36m<svg[39m
              [33maria-hidden[39m=[32m"true"[39m
              [33mclass[39m=[32m"lucide lucide-book-open-check"[39m
              [33mfill[39m=[32m"none"[39m
              [33mheight[39m=[32m"16"[39m
              [33mstroke[39m=[32m"currentColo...
 ❯ waitForWrapper node_modules/@testing-library/dom/dist/wait-for.js:163:27
 ❯ node_modules/@testing-library/dom/dist/query-helpers.js:86:33
 ❯ enterImportedReviewFromDashboard app/components/trade-review-workspace.test.tsx:1040:18
    1038|     if (!round) throw new Error("目标标的没有可打开的交易回合");
    1039|     await user.click(round);
    1040|     await screen.findByLabelText("图表工具栏");
       |                  ^
    1041|   }
    1042|
 ❯ app/components/trade-review-workspace.test.tsx:3441:5

⎯⎯⎯⎯⎯⎯⎯⎯⎯⎯⎯⎯⎯⎯⎯⎯⎯⎯⎯⎯⎯⎯[26/39]⎯

 FAIL  app/components/trade-review-workspace.test.tsx > TradeReviewWorkspace > uses META as the market-data symbol for historical FB trades
TestingLibraryElementError: Unable to find a label with the text of: 图表工具栏

Ignored nodes: comments, script, style
[36m<body>[39m
  [36m<div>[39m
    [36m<main[39m
      [33mclass[39m=[32m"trade-review-app is-review"[39m
    [36m>[39m
      [36m<input[39m
        [33maccept[39m=[32m".xlsx,.xls,.pdf"[39m
        [33maria-label[39m=[32m"导入交易记录"[39m
        [33mhidden[39m=[32m""[39m
        [33mmultiple[39m=[32m""[39m
        [33mtype[39m=[32m"file"[39m
      [36m/>[39m
      [36m<input[39m
        [33maccept[39m=[32m".csv,text/csv"[39m
        [33maria-label[39m=[32m"导入 TradingView 模拟交易"[39m
        [33mhidden[39m=[32m""[39m
        [33mtype[39m=[32m"file"[39m
      [36m/>[39m
      [36m<input[39m
        [33maccept[39m=[32m"image/jpeg,image/png,image/webp,.jpg,.jpeg,.png,.webp"[39m
        [33maria-label[39m=[32m"从截图恢复交易"[39m
        [33mhidden[39m=[32m""[39m
        [33mmultiple[39m=[32m""[39m
        [33mtype[39m=[32m"file"[39m
      [36m/>[39m
      [36m<aside[39m
        [33maria-label[39m=[32m"主导航"[39m
        [33mclass[39m=[32m"app-header app-sidebar "[39m
      [36m>[39m
        [36m<div[39m
          [33mclass[39m=[32m"brand"[39m
        [36m>[39m
          [36m<div[39m
            [33mclass[39m=[32m"brand-mark"[39m
          [36m>[39m
            [36m<svg[39m
              [33maria-hidden[39m=[32m"true"[39m
              [33mclass[39m=[32m"lucide lucide-book-open-check"[39m
              [33mfill[39m=[32m"none"[39m
              [33mheight[39m=[32m"19"[39m
              [33mstroke[39m=[32m"currentColor"[39m
              [33mstroke-linecap[39m=[32m"round"[39m
              [33mstroke-linejoin[39m=[32m"round"[39m
              [33mstroke-width[39m=[32m"2"[39m
              [33mviewBox[39m=[32m"0 0 24 24"[39m
              [33mwidth[39m=[32m"19"[39m
              [33mxmlns[39m=[32m"http://www.w3.org/2000/svg"[39m
            [36m>[39m
              [36m<path[39m
                [33md[39m=[32m"M12 5v16"[39m
              [36m/>[39m
              [36m<path[39m
                [33md[39m=[32m"m16 12 2 2 4-4"[39m
              [36m/>[39m
              [36m<path[39m
                [33md[39m=[32m"M22 6V5a2 2 0 00-1.999-2L16 3.002A5 5 0 0012 5a5 5 0 00-4-2H4a2 2 0 00-2 2v12a2 2 0 001.999 2H8a5 5 0 014 2 5 5 0 014-2h4.001A2 2 0 0022 17v-1.344"[39m
              [36m/>[39m
            [36m</svg>[39m
          [36m</div>[39m
          [36m<div>[39m
            [36m<strong>[39m
              [0mTradeReview[0m
            [36m</strong>[39m
            [36m<span>[39m
              [0m历史交易复盘[0m
            [36m</span>[39m
          [36m</div>[39m
        [36m</div>[39m
        [36m<button[39m
          [33maria-controls[39m=[32m"primary-navigation"[39m
          [33maria-expanded[39m=[32m"false"[39m
          [33maria-label[39m=[32m"导航"[39m
          [33mclass[39m=[32m"mobile-nav-trigger"[39m
          [33mtype[39m=[32m"button"[39m
        [36m>[39m
          [36m<svg[39m
            [33maria-hidden[39m=[32m"true"[39m
            [33mclass[39m=[32m"lucide lucide-menu"[39m
            [33mfill[39m=[32m"none"[39m
            [33mheight[39m=[32m"18"[39m
            [33mstroke[39m=[32m"currentColor"[39m
            [33mstroke-linecap[39m=[32m"round"[39m
            [33mstroke-linejoin[39m=[32m"round"[39m
            [33mstroke-width[39m=[32m"2"[39m
            [33mviewBox[39m=[32m"0 0 24 24"[39m
            [33mwidth[39m=[32m"18"[39m
            [33mxmlns[39m=[32m"http://www.w3.org/2000/svg"[39m
          [36m>[39m
            [36m<path[39m
              [33md[39m=[32m"M4 5h16"[39m
            [36m/>[39m
            [36m<path[39m
              [33md[39m=[32m"M4 12h16"[39m
            [36m/>[39m
            [36m<path[39m
              [33md[39m=[32m"M4 19h16"[39m
            [36m/>[39m
          [36m</svg>[39m
          [36m<span>[39m
            [0m导航[0m
          [36m</span>[39m
        [36m</button>[39m
        [36m<nav[39m
          [33maria-label[39m=[32m"主导航"[39m
          [33mclass[39m=[32m"app-nav"[39m
          [33mid[39m=[32m"primary-navigation"[39m
        [36m>[39m
          [36m<button[39m
            [33maria-label[39m=[32m"我的交易室"[39m
            [33mclass[39m=[32m""[39m
            [33mtitle[39m=[32m"我的交易室"[39m
            [33mtype[39m=[32m"button"[39m
          [36m>[39m
            [36m<svg[39m
              [33maria-hidden[39m=[32m"true"[39m
              [33mclass[39m=[32m"lucide lucide-layout-dashboard"[39m
              [33mfill[39m=[32m"none"[39m
              [33mheight[39m=[32m"16"[39m
              [33mstroke[39m=[32m"currentColor"[39m
              [33mstroke-linecap[39m=[32m"round"[39m
              [33mstroke-linejoin[39m=[32m"round"[39m
              [33mstroke-width[39m=[32m"2"[39m
              [33mviewBox[39m=[32m"0 0 24 24"[39m
              [33mwidth[39m=[32m"16"[39m
              [33mxmlns[39m=[32m"http://www.w3.org/2000/svg"[39m
            [36m>[39m
              [36m<rect[39m
                [33mheight[39m=[32m"9"[39m
                [33mrx[39m=[32m"1"[39m
                [33mwidth[39m=[32m"7"[39m
                [33mx[39m=[32m"3"[39m
                [33my[39m=[32m"3"[39m
              [36m/>[39m
              [36m<rect[39m
                [33mheight[39m=[32m"5"[39m
                [33mrx[39m=[32m"1"[39m
                [33mwidth[39m=[32m"7"[39m
                [33mx[39m=[32m"14"[39m
                [33my[39m=[32m"3"[39m
              [36m/>[39m
              [36m<rect[39m
                [33mheight[39m=[32m"9"[39m
                [33mrx[39m=[32m"1"[39m
                [33mwidth[39m=[32m"7"[39m
                [33mx[39m=[32m"14"[39m
                [33my[39m=[32m"12"[39m
              [36m/>[39m
              [36m<rect[39m
                [33mheight[39m=[32m"5"[39m
                [33mrx[39m=[32m"1"[39m
                [33mwidth[39m=[32m"7"[39m
                [33mx[39m=[32m"3"[39m
                [33my[39m=[32m"16"[39m
              [36m/>[39m
            [36m</svg>[39m
            [36m<span[39m
              [33mclass[39m=[32m"app-nav-label"[39m
            [36m>[39m
              [0m我的交易室[0m
            [36m</span>[39m
          [36m</button>[39m
          [36m<button[39m
            [33maria-label[39m=[32m"交易库"[39m
            [33mclass[39m=[32m""[39m
            [33mtitle[39m=[32m"交易库"[39m
            [33mtype[39m=[32m"button"[39m
          [36m>[39m
            [36m<svg[39m
              [33maria-hidden[39m=[32m"true"[39m
              [33mclass[39m=[32m"lucide lucide-book-open-check"[39m
              [33mfill[39m=[32m"none"[39m
              [33mheight[39m=[32m"16"[39m
              [33mstroke[39m=[32m"currentColo...

Ignored nodes: comments, script, style
[36m<body>[39m
  [36m<div>[39m
    [36m<main[39m
      [33mclass[39m=[32m"trade-review-app is-review"[39m
    [36m>[39m
      [36m<input[39m
        [33maccept[39m=[32m".xlsx,.xls,.pdf"[39m
        [33maria-label[39m=[32m"导入交易记录"[39m
        [33mhidden[39m=[32m""[39m
        [33mmultiple[39m=[32m""[39m
        [33mtype[39m=[32m"file"[39m
      [36m/>[39m
      [36m<input[39m
        [33maccept[39m=[32m".csv,text/csv"[39m
        [33maria-label[39m=[32m"导入 TradingView 模拟交易"[39m
        [33mhidden[39m=[32m""[39m
        [33mtype[39m=[32m"file"[39m
      [36m/>[39m
      [36m<input[39m
        [33maccept[39m=[32m"image/jpeg,image/png,image/webp,.jpg,.jpeg,.png,.webp"[39m
        [33maria-label[39m=[32m"从截图恢复交易"[39m
        [33mhidden[39m=[32m""[39m
        [33mmultiple[39m=[32m""[39m
        [33mtype[39m=[32m"file"[39m
      [36m/>[39m
      [36m<aside[39m
        [33maria-label[39m=[32m"主导航"[39m
        [33mclass[39m=[32m"app-header app-sidebar "[39m
      [36m>[39m
        [36m<div[39m
          [33mclass[39m=[32m"brand"[39m
        [36m>[39m
          [36m<div[39m
            [33mclass[39m=[32m"brand-mark"[39m
          [36m>[39m
            [36m<svg[39m
              [33maria-hidden[39m=[32m"true"[39m
              [33mclass[39m=[32m"lucide lucide-book-open-check"[39m
              [33mfill[39m=[32m"none"[39m
              [33mheight[39m=[32m"19"[39m
              [33mstroke[39m=[32m"currentColor"[39m
              [33mstroke-linecap[39m=[32m"round"[39m
              [33mstroke-linejoin[39m=[32m"round"[39m
              [33mstroke-width[39m=[32m"2"[39m
              [33mviewBox[39m=[32m"0 0 24 24"[39m
              [33mwidth[39m=[32m"19"[39m
              [33mxmlns[39m=[32m"http://www.w3.org/2000/svg"[39m
            [36m>[39m
              [36m<path[39m
                [33md[39m=[32m"M12 5v16"[39m
              [36m/>[39m
              [36m<path[39m
                [33md[39m=[32m"m16 12 2 2 4-4"[39m
              [36m/>[39m
              [36m<path[39m
                [33md[39m=[32m"M22 6V5a2 2 0 00-1.999-2L16 3.002A5 5 0 0012 5a5 5 0 00-4-2H4a2 2 0 00-2 2v12a2 2 0 001.999 2H8a5 5 0 014 2 5 5 0 014-2h4.001A2 2 0 0022 17v-1.344"[39m
              [36m/>[39m
            [36m</svg>[39m
          [36m</div>[39m
          [36m<div>[39m
            [36m<strong>[39m
              [0mTradeReview[0m
            [36m</strong>[39m
            [36m<span>[39m
              [0m历史交易复盘[0m
            [36m</span>[39m
          [36m</div>[39m
        [36m</div>[39m
        [36m<button[39m
          [33maria-controls[39m=[32m"primary-navigation"[39m
          [33maria-expanded[39m=[32m"false"[39m
          [33maria-label[39m=[32m"导航"[39m
          [33mclass[39m=[32m"mobile-nav-trigger"[39m
          [33mtype[39m=[32m"button"[39m
        [36m>[39m
          [36m<svg[39m
            [33maria-hidden[39m=[32m"true"[39m
            [33mclass[39m=[32m"lucide lucide-menu"[39m
            [33mfill[39m=[32m"none"[39m
            [33mheight[39m=[32m"18"[39m
            [33mstroke[39m=[32m"currentColor"[39m
            [33mstroke-linecap[39m=[32m"round"[39m
            [33mstroke-linejoin[39m=[32m"round"[39m
            [33mstroke-width[39m=[32m"2"[39m
            [33mviewBox[39m=[32m"0 0 24 24"[39m
            [33mwidth[39m=[32m"18"[39m
            [33mxmlns[39m=[32m"http://www.w3.org/2000/svg"[39m
          [36m>[39m
            [36m<path[39m
              [33md[39m=[32m"M4 5h16"[39m
            [36m/>[39m
            [36m<path[39m
              [33md[39m=[32m"M4 12h16"[39m
            [36m/>[39m
            [36m<path[39m
              [33md[39m=[32m"M4 19h16"[39m
            [36m/>[39m
          [36m</svg>[39m
          [36m<span>[39m
            [0m导航[0m
          [36m</span>[39m
        [36m</button>[39m
        [36m<nav[39m
          [33maria-label[39m=[32m"主导航"[39m
          [33mclass[39m=[32m"app-nav"[39m
          [33mid[39m=[32m"primary-navigation"[39m
        [36m>[39m
          [36m<button[39m
            [33maria-label[39m=[32m"我的交易室"[39m
            [33mclass[39m=[32m""[39m
            [33mtitle[39m=[32m"我的交易室"[39m
            [33mtype[39m=[32m"button"[39m
          [36m>[39m
            [36m<svg[39m
              [33maria-hidden[39m=[32m"true"[39m
              [33mclass[39m=[32m"lucide lucide-layout-dashboard"[39m
              [33mfill[39m=[32m"none"[39m
              [33mheight[39m=[32m"16"[39m
              [33mstroke[39m=[32m"currentColor"[39m
              [33mstroke-linecap[39m=[32m"round"[39m
              [33mstroke-linejoin[39m=[32m"round"[39m
              [33mstroke-width[39m=[32m"2"[39m
              [33mviewBox[39m=[32m"0 0 24 24"[39m
              [33mwidth[39m=[32m"16"[39m
              [33mxmlns[39m=[32m"http://www.w3.org/2000/svg"[39m
            [36m>[39m
              [36m<rect[39m
                [33mheight[39m=[32m"9"[39m
                [33mrx[39m=[32m"1"[39m
                [33mwidth[39m=[32m"7"[39m
                [33mx[39m=[32m"3"[39m
                [33my[39m=[32m"3"[39m
              [36m/>[39m
              [36m<rect[39m
                [33mheight[39m=[32m"5"[39m
                [33mrx[39m=[32m"1"[39m
                [33mwidth[39m=[32m"7"[39m
                [33mx[39m=[32m"14"[39m
                [33my[39m=[32m"3"[39m
              [36m/>[39m
              [36m<rect[39m
                [33mheight[39m=[32m"9"[39m
                [33mrx[39m=[32m"1"[39m
                [33mwidth[39m=[32m"7"[39m
                [33mx[39m=[32m"14"[39m
                [33my[39m=[32m"12"[39m
              [36m/>[39m
              [36m<rect[39m
                [33mheight[39m=[32m"5"[39m
                [33mrx[39m=[32m"1"[39m
                [33mwidth[39m=[32m"7"[39m
                [33mx[39m=[32m"3"[39m
                [33my[39m=[32m"16"[39m
              [36m/>[39m
            [36m</svg>[39m
            [36m<span[39m
              [33mclass[39m=[32m"app-nav-label"[39m
            [36m>[39m
              [0m我的交易室[0m
            [36m</span>[39m
          [36m</button>[39m
          [36m<button[39m
            [33maria-label[39m=[32m"交易库"[39m
            [33mclass[39m=[32m""[39m
            [33mtitle[39m=[32m"交易库"[39m
            [33mtype[39m=[32m"button"[39m
          [36m>[39m
            [36m<svg[39m
              [33maria-hidden[39m=[32m"true"[39m
              [33mclass[39m=[32m"lucide lucide-book-open-check"[39m
              [33mfill[39m=[32m"none"[39m
              [33mheight[39m=[32m"16"[39m
              [33mstroke[39m=[32m"currentColo...
 ❯ waitForWrapper node_modules/@testing-library/dom/dist/wait-for.js:163:27
 ❯ node_modules/@testing-library/dom/dist/query-helpers.js:86:33
 ❯ enterImportedReviewFromDashboard app/components/trade-review-workspace.test.tsx:1040:18
    1038|     if (!round) throw new Error("目标标的没有可打开的交易回合");
    1039|     await user.click(round);
    1040|     await screen.findByLabelText("图表工具栏");
       |                  ^
    1041|   }
    1042|
 ❯ app/components/trade-review-workspace.test.tsx:3546:5

⎯⎯⎯⎯⎯⎯⎯⎯⎯⎯⎯⎯⎯⎯⎯⎯⎯⎯⎯⎯⎯⎯[27/39]⎯

 FAIL  app/components/trade-review-workspace.test.tsx > TradeReviewWorkspace > keeps the library chart available after a cancelled import with failed market refresh
TestingLibraryElementError: Unable to find a label with the text of: 图表工具栏

Ignored nodes: comments, script, style
[36m<body>[39m
  [36m<div>[39m
    [36m<main[39m
      [33mclass[39m=[32m"trade-review-app is-review"[39m
    [36m>[39m
      [36m<input[39m
        [33maccept[39m=[32m".xlsx,.xls,.pdf"[39m
        [33maria-label[39m=[32m"导入交易记录"[39m
        [33mhidden[39m=[32m""[39m
        [33mmultiple[39m=[32m""[39m
        [33mtype[39m=[32m"file"[39m
      [36m/>[39m
      [36m<input[39m
        [33maccept[39m=[32m".csv,text/csv"[39m
        [33maria-label[39m=[32m"导入 TradingView 模拟交易"[39m
        [33mhidden[39m=[32m""[39m
        [33mtype[39m=[32m"file"[39m
      [36m/>[39m
      [36m<input[39m
        [33maccept[39m=[32m"image/jpeg,image/png,image/webp,.jpg,.jpeg,.png,.webp"[39m
        [33maria-label[39m=[32m"从截图恢复交易"[39m
        [33mhidden[39m=[32m""[39m
        [33mmultiple[39m=[32m""[39m
        [33mtype[39m=[32m"file"[39m
      [36m/>[39m
      [36m<aside[39m
        [33maria-label[39m=[32m"主导航"[39m
        [33mclass[39m=[32m"app-header app-sidebar "[39m
      [36m>[39m
        [36m<div[39m
          [33mclass[39m=[32m"brand"[39m
        [36m>[39m
          [36m<div[39m
            [33mclass[39m=[32m"brand-mark"[39m
          [36m>[39m
            [36m<svg[39m
              [33maria-hidden[39m=[32m"true"[39m
              [33mclass[39m=[32m"lucide lucide-book-open-check"[39m
              [33mfill[39m=[32m"none"[39m
              [33mheight[39m=[32m"19"[39m
              [33mstroke[39m=[32m"currentColor"[39m
              [33mstroke-linecap[39m=[32m"round"[39m
              [33mstroke-linejoin[39m=[32m"round"[39m
              [33mstroke-width[39m=[32m"2"[39m
              [33mviewBox[39m=[32m"0 0 24 24"[39m
              [33mwidth[39m=[32m"19"[39m
              [33mxmlns[39m=[32m"http://www.w3.org/2000/svg"[39m
            [36m>[39m
              [36m<path[39m
                [33md[39m=[32m"M12 5v16"[39m
              [36m/>[39m
              [36m<path[39m
                [33md[39m=[32m"m16 12 2 2 4-4"[39m
              [36m/>[39m
              [36m<path[39m
                [33md[39m=[32m"M22 6V5a2 2 0 00-1.999-2L16 3.002A5 5 0 0012 5a5 5 0 00-4-2H4a2 2 0 00-2 2v12a2 2 0 001.999 2H8a5 5 0 014 2 5 5 0 014-2h4.001A2 2 0 0022 17v-1.344"[39m
              [36m/>[39m
            [36m</svg>[39m
          [36m</div>[39m
          [36m<div>[39m
            [36m<strong>[39m
              [0mTradeReview[0m
            [36m</strong>[39m
            [36m<span>[39m
              [0m历史交易复盘[0m
            [36m</span>[39m
          [36m</div>[39m
        [36m</div>[39m
        [36m<button[39m
          [33maria-controls[39m=[32m"primary-navigation"[39m
          [33maria-expanded[39m=[32m"false"[39m
          [33maria-label[39m=[32m"导航"[39m
          [33mclass[39m=[32m"mobile-nav-trigger"[39m
          [33mtype[39m=[32m"button"[39m
        [36m>[39m
          [36m<svg[39m
            [33maria-hidden[39m=[32m"true"[39m
            [33mclass[39m=[32m"lucide lucide-menu"[39m
            [33mfill[39m=[32m"none"[39m
            [33mheight[39m=[32m"18"[39m
            [33mstroke[39m=[32m"currentColor"[39m
            [33mstroke-linecap[39m=[32m"round"[39m
            [33mstroke-linejoin[39m=[32m"round"[39m
            [33mstroke-width[39m=[32m"2"[39m
            [33mviewBox[39m=[32m"0 0 24 24"[39m
            [33mwidth[39m=[32m"18"[39m
            [33mxmlns[39m=[32m"http://www.w3.org/2000/svg"[39m
          [36m>[39m
            [36m<path[39m
              [33md[39m=[32m"M4 5h16"[39m
            [36m/>[39m
            [36m<path[39m
              [33md[39m=[32m"M4 12h16"[39m
            [36m/>[39m
            [36m<path[39m
              [33md[39m=[32m"M4 19h16"[39m
            [36m/>[39m
          [36m</svg>[39m
          [36m<span>[39m
            [0m导航[0m
          [36m</span>[39m
        [36m</button>[39m
        [36m<nav[39m
          [33maria-label[39m=[32m"主导航"[39m
          [33mclass[39m=[32m"app-nav"[39m
          [33mid[39m=[32m"primary-navigation"[39m
        [36m>[39m
          [36m<button[39m
            [33maria-label[39m=[32m"我的交易室"[39m
            [33mclass[39m=[32m""[39m
            [33mtitle[39m=[32m"我的交易室"[39m
            [33mtype[39m=[32m"button"[39m
          [36m>[39m
            [36m<svg[39m
              [33maria-hidden[39m=[32m"true"[39m
              [33mclass[39m=[32m"lucide lucide-layout-dashboard"[39m
              [33mfill[39m=[32m"none"[39m
              [33mheight[39m=[32m"16"[39m
              [33mstroke[39m=[32m"currentColor"[39m
              [33mstroke-linecap[39m=[32m"round"[39m
              [33mstroke-linejoin[39m=[32m"round"[39m
              [33mstroke-width[39m=[32m"2"[39m
              [33mviewBox[39m=[32m"0 0 24 24"[39m
              [33mwidth[39m=[32m"16"[39m
              [33mxmlns[39m=[32m"http://www.w3.org/2000/svg"[39m
            [36m>[39m
              [36m<rect[39m
                [33mheight[39m=[32m"9"[39m
                [33mrx[39m=[32m"1"[39m
                [33mwidth[39m=[32m"7"[39m
                [33mx[39m=[32m"3"[39m
                [33my[39m=[32m"3"[39m
              [36m/>[39m
              [36m<rect[39m
                [33mheight[39m=[32m"5"[39m
                [33mrx[39m=[32m"1"[39m
                [33mwidth[39m=[32m"7"[39m
                [33mx[39m=[32m"14"[39m
                [33my[39m=[32m"3"[39m
              [36m/>[39m
              [36m<rect[39m
                [33mheight[39m=[32m"9"[39m
                [33mrx[39m=[32m"1"[39m
                [33mwidth[39m=[32m"7"[39m
                [33mx[39m=[32m"14"[39m
                [33my[39m=[32m"12"[39m
              [36m/>[39m
              [36m<rect[39m
                [33mheight[39m=[32m"5"[39m
                [33mrx[39m=[32m"1"[39m
                [33mwidth[39m=[32m"7"[39m
                [33mx[39m=[32m"3"[39m
                [33my[39m=[32m"16"[39m
              [36m/>[39m
            [36m</svg>[39m
            [36m<span[39m
              [33mclass[39m=[32m"app-nav-label"[39m
            [36m>[39m
              [0m我的交易室[0m
            [36m</span>[39m
          [36m</button>[39m
          [36m<button[39m
            [33maria-label[39m=[32m"交易库"[39m
            [33mclass[39m=[32m""[39m
            [33mtitle[39m=[32m"交易库"[39m
            [33mtype[39m=[32m"button"[39m
          [36m>[39m
            [36m<svg[39m
              [33maria-hidden[39m=[32m"true"[39m
              [33mclass[39m=[32m"lucide lucide-book-open-check"[39m
              [33mfill[39m=[32m"none"[39m
              [33mheight[39m=[32m"16"[39m
              [33mstroke[39m=[32m"currentColo...

Ignored nodes: comments, script, style
[36m<body>[39m
  [36m<div>[39m
    [36m<main[39m
      [33mclass[39m=[32m"trade-review-app is-review"[39m
    [36m>[39m
      [36m<input[39m
        [33maccept[39m=[32m".xlsx,.xls,.pdf"[39m
        [33maria-label[39m=[32m"导入交易记录"[39m
        [33mhidden[39m=[32m""[39m
        [33mmultiple[39m=[32m""[39m
        [33mtype[39m=[32m"file"[39m
      [36m/>[39m
      [36m<input[39m
        [33maccept[39m=[32m".csv,text/csv"[39m
        [33maria-label[39m=[32m"导入 TradingView 模拟交易"[39m
        [33mhidden[39m=[32m""[39m
        [33mtype[39m=[32m"file"[39m
      [36m/>[39m
      [36m<input[39m
        [33maccept[39m=[32m"image/jpeg,image/png,image/webp,.jpg,.jpeg,.png,.webp"[39m
        [33maria-label[39m=[32m"从截图恢复交易"[39m
        [33mhidden[39m=[32m""[39m
        [33mmultiple[39m=[32m""[39m
        [33mtype[39m=[32m"file"[39m
      [36m/>[39m
      [36m<aside[39m
        [33maria-label[39m=[32m"主导航"[39m
        [33mclass[39m=[32m"app-header app-sidebar "[39m
      [36m>[39m
        [36m<div[39m
          [33mclass[39m=[32m"brand"[39m
        [36m>[39m
          [36m<div[39m
            [33mclass[39m=[32m"brand-mark"[39m
          [36m>[39m
            [36m<svg[39m
              [33maria-hidden[39m=[32m"true"[39m
              [33mclass[39m=[32m"lucide lucide-book-open-check"[39m
              [33mfill[39m=[32m"none"[39m
              [33mheight[39m=[32m"19"[39m
              [33mstroke[39m=[32m"currentColor"[39m
              [33mstroke-linecap[39m=[32m"round"[39m
              [33mstroke-linejoin[39m=[32m"round"[39m
              [33mstroke-width[39m=[32m"2"[39m
              [33mviewBox[39m=[32m"0 0 24 24"[39m
              [33mwidth[39m=[32m"19"[39m
              [33mxmlns[39m=[32m"http://www.w3.org/2000/svg"[39m
            [36m>[39m
              [36m<path[39m
                [33md[39m=[32m"M12 5v16"[39m
              [36m/>[39m
              [36m<path[39m
                [33md[39m=[32m"m16 12 2 2 4-4"[39m
              [36m/>[39m
              [36m<path[39m
                [33md[39m=[32m"M22 6V5a2 2 0 00-1.999-2L16 3.002A5 5 0 0012 5a5 5 0 00-4-2H4a2 2 0 00-2 2v12a2 2 0 001.999 2H8a5 5 0 014 2 5 5 0 014-2h4.001A2 2 0 0022 17v-1.344"[39m
              [36m/>[39m
            [36m</svg>[39m
          [36m</div>[39m
          [36m<div>[39m
            [36m<strong>[39m
              [0mTradeReview[0m
            [36m</strong>[39m
            [36m<span>[39m
              [0m历史交易复盘[0m
            [36m</span>[39m
          [36m</div>[39m
        [36m</div>[39m
        [36m<button[39m
          [33maria-controls[39m=[32m"primary-navigation"[39m
          [33maria-expanded[39m=[32m"false"[39m
          [33maria-label[39m=[32m"导航"[39m
          [33mclass[39m=[32m"mobile-nav-trigger"[39m
          [33mtype[39m=[32m"button"[39m
        [36m>[39m
          [36m<svg[39m
            [33maria-hidden[39m=[32m"true"[39m
            [33mclass[39m=[32m"lucide lucide-menu"[39m
            [33mfill[39m=[32m"none"[39m
            [33mheight[39m=[32m"18"[39m
            [33mstroke[39m=[32m"currentColor"[39m
            [33mstroke-linecap[39m=[32m"round"[39m
            [33mstroke-linejoin[39m=[32m"round"[39m
            [33mstroke-width[39m=[32m"2"[39m
            [33mviewBox[39m=[32m"0 0 24 24"[39m
            [33mwidth[39m=[32m"18"[39m
            [33mxmlns[39m=[32m"http://www.w3.org/2000/svg"[39m
          [36m>[39m
            [36m<path[39m
              [33md[39m=[32m"M4 5h16"[39m
            [36m/>[39m
            [36m<path[39m
              [33md[39m=[32m"M4 12h16"[39m
            [36m/>[39m
            [36m<path[39m
              [33md[39m=[32m"M4 19h16"[39m
            [36m/>[39m
          [36m</svg>[39m
          [36m<span>[39m
            [0m导航[0m
          [36m</span>[39m
        [36m</button>[39m
        [36m<nav[39m
          [33maria-label[39m=[32m"主导航"[39m
          [33mclass[39m=[32m"app-nav"[39m
          [33mid[39m=[32m"primary-navigation"[39m
        [36m>[39m
          [36m<button[39m
            [33maria-label[39m=[32m"我的交易室"[39m
            [33mclass[39m=[32m""[39m
            [33mtitle[39m=[32m"我的交易室"[39m
            [33mtype[39m=[32m"button"[39m
          [36m>[39m
            [36m<svg[39m
              [33maria-hidden[39m=[32m"true"[39m
              [33mclass[39m=[32m"lucide lucide-layout-dashboard"[39m
              [33mfill[39m=[32m"none"[39m
              [33mheight[39m=[32m"16"[39m
              [33mstroke[39m=[32m"currentColor"[39m
              [33mstroke-linecap[39m=[32m"round"[39m
              [33mstroke-linejoin[39m=[32m"round"[39m
              [33mstroke-width[39m=[32m"2"[39m
              [33mviewBox[39m=[32m"0 0 24 24"[39m
              [33mwidth[39m=[32m"16"[39m
              [33mxmlns[39m=[32m"http://www.w3.org/2000/svg"[39m
            [36m>[39m
              [36m<rect[39m
                [33mheight[39m=[32m"9"[39m
                [33mrx[39m=[32m"1"[39m
                [33mwidth[39m=[32m"7"[39m
                [33mx[39m=[32m"3"[39m
                [33my[39m=[32m"3"[39m
              [36m/>[39m
              [36m<rect[39m
                [33mheight[39m=[32m"5"[39m
                [33mrx[39m=[32m"1"[39m
                [33mwidth[39m=[32m"7"[39m
                [33mx[39m=[32m"14"[39m
                [33my[39m=[32m"3"[39m
              [36m/>[39m
              [36m<rect[39m
                [33mheight[39m=[32m"9"[39m
                [33mrx[39m=[32m"1"[39m
                [33mwidth[39m=[32m"7"[39m
                [33mx[39m=[32m"14"[39m
                [33my[39m=[32m"12"[39m
              [36m/>[39m
              [36m<rect[39m
                [33mheight[39m=[32m"5"[39m
                [33mrx[39m=[32m"1"[39m
                [33mwidth[39m=[32m"7"[39m
                [33mx[39m=[32m"3"[39m
                [33my[39m=[32m"16"[39m
              [36m/>[39m
            [36m</svg>[39m
            [36m<span[39m
              [33mclass[39m=[32m"app-nav-label"[39m
            [36m>[39m
              [0m我的交易室[0m
            [36m</span>[39m
          [36m</button>[39m
          [36m<button[39m
            [33maria-label[39m=[32m"交易库"[39m
            [33mclass[39m=[32m""[39m
            [33mtitle[39m=[32m"交易库"[39m
            [33mtype[39m=[32m"button"[39m
          [36m>[39m
            [36m<svg[39m
              [33maria-hidden[39m=[32m"true"[39m
              [33mclass[39m=[32m"lucide lucide-book-open-check"[39m
              [33mfill[39m=[32m"none"[39m
              [33mheight[39m=[32m"16"[39m
              [33mstroke[39m=[32m"currentColo...
 ❯ waitForWrapper node_modules/@testing-library/dom/dist/wait-for.js:163:27
 ❯ node_modules/@testing-library/dom/dist/query-helpers.js:86:33
 ❯ app/components/trade-review-workspace.test.tsx:3592:18
    3590|     if (xpevStock.getAttribute("aria-expanded") !== "true") await user…
    3591|     await user.click(screen.getByRole("button", { name: /^打开小鹏汽车第\d+次交…
    3592|     await screen.findByLabelText("图表工具栏");
       |                  ^
    3593|     const file = futuImportFile([["2025-01-06 22:30:00", "富途", "acct",…
    3594|     const input = screen.getByLabelText("导入交易记录");

⎯⎯⎯⎯⎯⎯⎯⎯⎯⎯⎯⎯⎯⎯⎯⎯⎯⎯⎯⎯⎯⎯[28/39]⎯

 FAIL  app/components/trade-review-workspace.test.tsx > TradeReviewWorkspace > keeps library context through a confirmed import with failed market refresh
TestingLibraryElementError: Unable to find a label with the text of: 图表工具栏

Ignored nodes: comments, script, style
[36m<body>[39m
  [36m<div>[39m
    [36m<main[39m
      [33mclass[39m=[32m"trade-review-app is-review"[39m
    [36m>[39m
      [36m<input[39m
        [33maccept[39m=[32m".xlsx,.xls,.pdf"[39m
        [33maria-label[39m=[32m"导入交易记录"[39m
        [33mhidden[39m=[32m""[39m
        [33mmultiple[39m=[32m""[39m
        [33mtype[39m=[32m"file"[39m
      [36m/>[39m
      [36m<input[39m
        [33maccept[39m=[32m".csv,text/csv"[39m
        [33maria-label[39m=[32m"导入 TradingView 模拟交易"[39m
        [33mhidden[39m=[32m""[39m
        [33mtype[39m=[32m"file"[39m
      [36m/>[39m
      [36m<input[39m
        [33maccept[39m=[32m"image/jpeg,image/png,image/webp,.jpg,.jpeg,.png,.webp"[39m
        [33maria-label[39m=[32m"从截图恢复交易"[39m
        [33mhidden[39m=[32m""[39m
        [33mmultiple[39m=[32m""[39m
        [33mtype[39m=[32m"file"[39m
      [36m/>[39m
      [36m<aside[39m
        [33maria-label[39m=[32m"主导航"[39m
        [33mclass[39m=[32m"app-header app-sidebar "[39m
      [36m>[39m
        [36m<div[39m
          [33mclass[39m=[32m"brand"[39m
        [36m>[39m
          [36m<div[39m
            [33mclass[39m=[32m"brand-mark"[39m
          [36m>[39m
            [36m<svg[39m
              [33maria-hidden[39m=[32m"true"[39m
              [33mclass[39m=[32m"lucide lucide-book-open-check"[39m
              [33mfill[39m=[32m"none"[39m
              [33mheight[39m=[32m"19"[39m
              [33mstroke[39m=[32m"currentColor"[39m
              [33mstroke-linecap[39m=[32m"round"[39m
              [33mstroke-linejoin[39m=[32m"round"[39m
              [33mstroke-width[39m=[32m"2"[39m
              [33mviewBox[39m=[32m"0 0 24 24"[39m
              [33mwidth[39m=[32m"19"[39m
              [33mxmlns[39m=[32m"http://www.w3.org/2000/svg"[39m
            [36m>[39m
              [36m<path[39m
                [33md[39m=[32m"M12 5v16"[39m
              [36m/>[39m
              [36m<path[39m
                [33md[39m=[32m"m16 12 2 2 4-4"[39m
              [36m/>[39m
              [36m<path[39m
                [33md[39m=[32m"M22 6V5a2 2 0 00-1.999-2L16 3.002A5 5 0 0012 5a5 5 0 00-4-2H4a2 2 0 00-2 2v12a2 2 0 001.999 2H8a5 5 0 014 2 5 5 0 014-2h4.001A2 2 0 0022 17v-1.344"[39m
              [36m/>[39m
            [36m</svg>[39m
          [36m</div>[39m
          [36m<div>[39m
            [36m<strong>[39m
              [0mTradeReview[0m
            [36m</strong>[39m
            [36m<span>[39m
              [0m历史交易复盘[0m
            [36m</span>[39m
          [36m</div>[39m
        [36m</div>[39m
        [36m<button[39m
          [33maria-controls[39m=[32m"primary-navigation"[39m
          [33maria-expanded[39m=[32m"false"[39m
          [33maria-label[39m=[32m"导航"[39m
          [33mclass[39m=[32m"mobile-nav-trigger"[39m
          [33mtype[39m=[32m"button"[39m
        [36m>[39m
          [36m<svg[39m
            [33maria-hidden[39m=[32m"true"[39m
            [33mclass[39m=[32m"lucide lucide-menu"[39m
            [33mfill[39m=[32m"none"[39m
            [33mheight[39m=[32m"18"[39m
            [33mstroke[39m=[32m"currentColor"[39m
            [33mstroke-linecap[39m=[32m"round"[39m
            [33mstroke-linejoin[39m=[32m"round"[39m
            [33mstroke-width[39m=[32m"2"[39m
            [33mviewBox[39m=[32m"0 0 24 24"[39m
            [33mwidth[39m=[32m"18"[39m
            [33mxmlns[39m=[32m"http://www.w3.org/2000/svg"[39m
          [36m>[39m
            [36m<path[39m
              [33md[39m=[32m"M4 5h16"[39m
            [36m/>[39m
            [36m<path[39m
              [33md[39m=[32m"M4 12h16"[39m
            [36m/>[39m
            [36m<path[39m
              [33md[39m=[32m"M4 19h16"[39m
            [36m/>[39m
          [36m</svg>[39m
          [36m<span>[39m
            [0m导航[0m
          [36m</span>[39m
        [36m</button>[39m
        [36m<nav[39m
          [33maria-label[39m=[32m"主导航"[39m
          [33mclass[39m=[32m"app-nav"[39m
          [33mid[39m=[32m"primary-navigation"[39m
        [36m>[39m
          [36m<button[39m
            [33maria-label[39m=[32m"我的交易室"[39m
            [33mclass[39m=[32m""[39m
            [33mtitle[39m=[32m"我的交易室"[39m
            [33mtype[39m=[32m"button"[39m
          [36m>[39m
            [36m<svg[39m
              [33maria-hidden[39m=[32m"true"[39m
              [33mclass[39m=[32m"lucide lucide-layout-dashboard"[39m
              [33mfill[39m=[32m"none"[39m
              [33mheight[39m=[32m"16"[39m
              [33mstroke[39m=[32m"currentColor"[39m
              [33mstroke-linecap[39m=[32m"round"[39m
              [33mstroke-linejoin[39m=[32m"round"[39m
              [33mstroke-width[39m=[32m"2"[39m
              [33mviewBox[39m=[32m"0 0 24 24"[39m
              [33mwidth[39m=[32m"16"[39m
              [33mxmlns[39m=[32m"http://www.w3.org/2000/svg"[39m
            [36m>[39m
              [36m<rect[39m
                [33mheight[39m=[32m"9"[39m
                [33mrx[39m=[32m"1"[39m
                [33mwidth[39m=[32m"7"[39m
                [33mx[39m=[32m"3"[39m
                [33my[39m=[32m"3"[39m
              [36m/>[39m
              [36m<rect[39m
                [33mheight[39m=[32m"5"[39m
                [33mrx[39m=[32m"1"[39m
                [33mwidth[39m=[32m"7"[39m
                [33mx[39m=[32m"14"[39m
                [33my[39m=[32m"3"[39m
              [36m/>[39m
              [36m<rect[39m
                [33mheight[39m=[32m"9"[39m
                [33mrx[39m=[32m"1"[39m
                [33mwidth[39m=[32m"7"[39m
                [33mx[39m=[32m"14"[39m
                [33my[39m=[32m"12"[39m
              [36m/>[39m
              [36m<rect[39m
                [33mheight[39m=[32m"5"[39m
                [33mrx[39m=[32m"1"[39m
                [33mwidth[39m=[32m"7"[39m
                [33mx[39m=[32m"3"[39m
                [33my[39m=[32m"16"[39m
              [36m/>[39m
            [36m</svg>[39m
            [36m<span[39m
              [33mclass[39m=[32m"app-nav-label"[39m
            [36m>[39m
              [0m我的交易室[0m
            [36m</span>[39m
          [36m</button>[39m
          [36m<button[39m
            [33maria-label[39m=[32m"交易库"[39m
            [33mclass[39m=[32m""[39m
            [33mtitle[39m=[32m"交易库"[39m
            [33mtype[39m=[32m"button"[39m
          [36m>[39m
            [36m<svg[39m
              [33maria-hidden[39m=[32m"true"[39m
              [33mclass[39m=[32m"lucide lucide-book-open-check"[39m
              [33mfill[39m=[32m"none"[39m
              [33mheight[39m=[32m"16"[39m
              [33mstroke[39m=[32m"currentColo...

Ignored nodes: comments, script, style
[36m<body>[39m
  [36m<div>[39m
    [36m<main[39m
      [33mclass[39m=[32m"trade-review-app is-review"[39m
    [36m>[39m
      [36m<input[39m
        [33maccept[39m=[32m".xlsx,.xls,.pdf"[39m
        [33maria-label[39m=[32m"导入交易记录"[39m
        [33mhidden[39m=[32m""[39m
        [33mmultiple[39m=[32m""[39m
        [33mtype[39m=[32m"file"[39m
      [36m/>[39m
      [36m<input[39m
        [33maccept[39m=[32m".csv,text/csv"[39m
        [33maria-label[39m=[32m"导入 TradingView 模拟交易"[39m
        [33mhidden[39m=[32m""[39m
        [33mtype[39m=[32m"file"[39m
      [36m/>[39m
      [36m<input[39m
        [33maccept[39m=[32m"image/jpeg,image/png,image/webp,.jpg,.jpeg,.png,.webp"[39m
        [33maria-label[39m=[32m"从截图恢复交易"[39m
        [33mhidden[39m=[32m""[39m
        [33mmultiple[39m=[32m""[39m
        [33mtype[39m=[32m"file"[39m
      [36m/>[39m
      [36m<aside[39m
        [33maria-label[39m=[32m"主导航"[39m
        [33mclass[39m=[32m"app-header app-sidebar "[39m
      [36m>[39m
        [36m<div[39m
          [33mclass[39m=[32m"brand"[39m
        [36m>[39m
          [36m<div[39m
            [33mclass[39m=[32m"brand-mark"[39m
          [36m>[39m
            [36m<svg[39m
              [33maria-hidden[39m=[32m"true"[39m
              [33mclass[39m=[32m"lucide lucide-book-open-check"[39m
              [33mfill[39m=[32m"none"[39m
              [33mheight[39m=[32m"19"[39m
              [33mstroke[39m=[32m"currentColor"[39m
              [33mstroke-linecap[39m=[32m"round"[39m
              [33mstroke-linejoin[39m=[32m"round"[39m
              [33mstroke-width[39m=[32m"2"[39m
              [33mviewBox[39m=[32m"0 0 24 24"[39m
              [33mwidth[39m=[32m"19"[39m
              [33mxmlns[39m=[32m"http://www.w3.org/2000/svg"[39m
            [36m>[39m
              [36m<path[39m
                [33md[39m=[32m"M12 5v16"[39m
              [36m/>[39m
              [36m<path[39m
                [33md[39m=[32m"m16 12 2 2 4-4"[39m
              [36m/>[39m
              [36m<path[39m
                [33md[39m=[32m"M22 6V5a2 2 0 00-1.999-2L16 3.002A5 5 0 0012 5a5 5 0 00-4-2H4a2 2 0 00-2 2v12a2 2 0 001.999 2H8a5 5 0 014 2 5 5 0 014-2h4.001A2 2 0 0022 17v-1.344"[39m
              [36m/>[39m
            [36m</svg>[39m
          [36m</div>[39m
          [36m<div>[39m
            [36m<strong>[39m
              [0mTradeReview[0m
            [36m</strong>[39m
            [36m<span>[39m
              [0m历史交易复盘[0m
            [36m</span>[39m
          [36m</div>[39m
        [36m</div>[39m
        [36m<button[39m
          [33maria-controls[39m=[32m"primary-navigation"[39m
          [33maria-expanded[39m=[32m"false"[39m
          [33maria-label[39m=[32m"导航"[39m
          [33mclass[39m=[32m"mobile-nav-trigger"[39m
          [33mtype[39m=[32m"button"[39m
        [36m>[39m
          [36m<svg[39m
            [33maria-hidden[39m=[32m"true"[39m
            [33mclass[39m=[32m"lucide lucide-menu"[39m
            [33mfill[39m=[32m"none"[39m
            [33mheight[39m=[32m"18"[39m
            [33mstroke[39m=[32m"currentColor"[39m
            [33mstroke-linecap[39m=[32m"round"[39m
            [33mstroke-linejoin[39m=[32m"round"[39m
            [33mstroke-width[39m=[32m"2"[39m
            [33mviewBox[39m=[32m"0 0 24 24"[39m
            [33mwidth[39m=[32m"18"[39m
            [33mxmlns[39m=[32m"http://www.w3.org/2000/svg"[39m
          [36m>[39m
            [36m<path[39m
              [33md[39m=[32m"M4 5h16"[39m
            [36m/>[39m
            [36m<path[39m
              [33md[39m=[32m"M4 12h16"[39m
            [36m/>[39m
            [36m<path[39m
              [33md[39m=[32m"M4 19h16"[39m
            [36m/>[39m
          [36m</svg>[39m
          [36m<span>[39m
            [0m导航[0m
          [36m</span>[39m
        [36m</button>[39m
        [36m<nav[39m
          [33maria-label[39m=[32m"主导航"[39m
          [33mclass[39m=[32m"app-nav"[39m
          [33mid[39m=[32m"primary-navigation"[39m
        [36m>[39m
          [36m<button[39m
            [33maria-label[39m=[32m"我的交易室"[39m
            [33mclass[39m=[32m""[39m
            [33mtitle[39m=[32m"我的交易室"[39m
            [33mtype[39m=[32m"button"[39m
          [36m>[39m
            [36m<svg[39m
              [33maria-hidden[39m=[32m"true"[39m
              [33mclass[39m=[32m"lucide lucide-layout-dashboard"[39m
              [33mfill[39m=[32m"none"[39m
              [33mheight[39m=[32m"16"[39m
              [33mstroke[39m=[32m"currentColor"[39m
              [33mstroke-linecap[39m=[32m"round"[39m
              [33mstroke-linejoin[39m=[32m"round"[39m
              [33mstroke-width[39m=[32m"2"[39m
              [33mviewBox[39m=[32m"0 0 24 24"[39m
              [33mwidth[39m=[32m"16"[39m
              [33mxmlns[39m=[32m"http://www.w3.org/2000/svg"[39m
            [36m>[39m
              [36m<rect[39m
                [33mheight[39m=[32m"9"[39m
                [33mrx[39m=[32m"1"[39m
                [33mwidth[39m=[32m"7"[39m
                [33mx[39m=[32m"3"[39m
                [33my[39m=[32m"3"[39m
              [36m/>[39m
              [36m<rect[39m
                [33mheight[39m=[32m"5"[39m
                [33mrx[39m=[32m"1"[39m
                [33mwidth[39m=[32m"7"[39m
                [33mx[39m=[32m"14"[39m
                [33my[39m=[32m"3"[39m
              [36m/>[39m
              [36m<rect[39m
                [33mheight[39m=[32m"9"[39m
                [33mrx[39m=[32m"1"[39m
                [33mwidth[39m=[32m"7"[39m
                [33mx[39m=[32m"14"[39m
                [33my[39m=[32m"12"[39m
              [36m/>[39m
              [36m<rect[39m
                [33mheight[39m=[32m"5"[39m
                [33mrx[39m=[32m"1"[39m
                [33mwidth[39m=[32m"7"[39m
                [33mx[39m=[32m"3"[39m
                [33my[39m=[32m"16"[39m
              [36m/>[39m
            [36m</svg>[39m
            [36m<span[39m
              [33mclass[39m=[32m"app-nav-label"[39m
            [36m>[39m
              [0m我的交易室[0m
            [36m</span>[39m
          [36m</button>[39m
          [36m<button[39m
            [33maria-label[39m=[32m"交易库"[39m
            [33mclass[39m=[32m""[39m
            [33mtitle[39m=[32m"交易库"[39m
            [33mtype[39m=[32m"button"[39m
          [36m>[39m
            [36m<svg[39m
              [33maria-hidden[39m=[32m"true"[39m
              [33mclass[39m=[32m"lucide lucide-book-open-check"[39m
              [33mfill[39m=[32m"none"[39m
              [33mheight[39m=[32m"16"[39m
              [33mstroke[39m=[32m"currentColo...
 ❯ waitForWrapper node_modules/@testing-library/dom/dist/wait-for.js:163:27
 ❯ node_modules/@testing-library/dom/dist/query-helpers.js:86:33
 ❯ app/components/trade-review-workspace.test.tsx:3620:18
    3618|     if (xpevStock.getAttribute("aria-expanded") !== "true") await user…
    3619|     await user.click(screen.getByRole("button", { name: /^打开小鹏汽车第\d+次交…
    3620|     await screen.findByLabelText("图表工具栏");
       |                  ^
    3621|     const file = futuImportFile([["2025-01-06 22:30:00", "富途", "acct",…
    3622|     const input = screen.getByLabelText("导入交易记录");

⎯⎯⎯⎯⎯⎯⎯⎯⎯⎯⎯⎯⎯⎯⎯⎯⎯⎯⎯⎯⎯⎯[29/39]⎯

 FAIL  app/components/trade-review-workspace.test.tsx > TradeReviewWorkspace > opens a library queue entry directly in the shared history workbench
TestingLibraryElementError: Unable to find a label with the text of: 图表工具栏

Ignored nodes: comments, script, style
[36m<body>[39m
  [36m<div>[39m
    [36m<main[39m
      [33mclass[39m=[32m"trade-review-app is-review"[39m
    [36m>[39m
      [36m<input[39m
        [33maccept[39m=[32m".xlsx,.xls,.pdf"[39m
        [33maria-label[39m=[32m"导入交易记录"[39m
        [33mhidden[39m=[32m""[39m
        [33mmultiple[39m=[32m""[39m
        [33mtype[39m=[32m"file"[39m
      [36m/>[39m
      [36m<input[39m
        [33maccept[39m=[32m".csv,text/csv"[39m
        [33maria-label[39m=[32m"导入 TradingView 模拟交易"[39m
        [33mhidden[39m=[32m""[39m
        [33mtype[39m=[32m"file"[39m
      [36m/>[39m
      [36m<input[39m
        [33maccept[39m=[32m"image/jpeg,image/png,image/webp,.jpg,.jpeg,.png,.webp"[39m
        [33maria-label[39m=[32m"从截图恢复交易"[39m
        [33mhidden[39m=[32m""[39m
        [33mmultiple[39m=[32m""[39m
        [33mtype[39m=[32m"file"[39m
      [36m/>[39m
      [36m<aside[39m
        [33maria-label[39m=[32m"主导航"[39m
        [33mclass[39m=[32m"app-header app-sidebar "[39m
      [36m>[39m
        [36m<div[39m
          [33mclass[39m=[32m"brand"[39m
        [36m>[39m
          [36m<div[39m
            [33mclass[39m=[32m"brand-mark"[39m
          [36m>[39m
            [36m<svg[39m
              [33maria-hidden[39m=[32m"true"[39m
              [33mclass[39m=[32m"lucide lucide-book-open-check"[39m
              [33mfill[39m=[32m"none"[39m
              [33mheight[39m=[32m"19"[39m
              [33mstroke[39m=[32m"currentColor"[39m
              [33mstroke-linecap[39m=[32m"round"[39m
              [33mstroke-linejoin[39m=[32m"round"[39m
              [33mstroke-width[39m=[32m"2"[39m
              [33mviewBox[39m=[32m"0 0 24 24"[39m
              [33mwidth[39m=[32m"19"[39m
              [33mxmlns[39m=[32m"http://www.w3.org/2000/svg"[39m
            [36m>[39m
              [36m<path[39m
                [33md[39m=[32m"M12 5v16"[39m
              [36m/>[39m
              [36m<path[39m
                [33md[39m=[32m"m16 12 2 2 4-4"[39m
              [36m/>[39m
              [36m<path[39m
                [33md[39m=[32m"M22 6V5a2 2 0 00-1.999-2L16 3.002A5 5 0 0012 5a5 5 0 00-4-2H4a2 2 0 00-2 2v12a2 2 0 001.999 2H8a5 5 0 014 2 5 5 0 014-2h4.001A2 2 0 0022 17v-1.344"[39m
              [36m/>[39m
            [36m</svg>[39m
          [36m</div>[39m
          [36m<div>[39m
            [36m<strong>[39m
              [0mTradeReview[0m
            [36m</strong>[39m
            [36m<span>[39m
              [0m历史交易复盘[0m
            [36m</span>[39m
          [36m</div>[39m
        [36m</div>[39m
        [36m<button[39m
          [33maria-controls[39m=[32m"primary-navigation"[39m
          [33maria-expanded[39m=[32m"false"[39m
          [33maria-label[39m=[32m"导航"[39m
          [33mclass[39m=[32m"mobile-nav-trigger"[39m
          [33mtype[39m=[32m"button"[39m
        [36m>[39m
          [36m<svg[39m
            [33maria-hidden[39m=[32m"true"[39m
            [33mclass[39m=[32m"lucide lucide-menu"[39m
            [33mfill[39m=[32m"none"[39m
            [33mheight[39m=[32m"18"[39m
            [33mstroke[39m=[32m"currentColor"[39m
            [33mstroke-linecap[39m=[32m"round"[39m
            [33mstroke-linejoin[39m=[32m"round"[39m
            [33mstroke-width[39m=[32m"2"[39m
            [33mviewBox[39m=[32m"0 0 24 24"[39m
            [33mwidth[39m=[32m"18"[39m
            [33mxmlns[39m=[32m"http://www.w3.org/2000/svg"[39m
          [36m>[39m
            [36m<path[39m
              [33md[39m=[32m"M4 5h16"[39m
            [36m/>[39m
            [36m<path[39m
              [33md[39m=[32m"M4 12h16"[39m
            [36m/>[39m
            [36m<path[39m
              [33md[39m=[32m"M4 19h16"[39m
            [36m/>[39m
          [36m</svg>[39m
          [36m<span>[39m
            [0m导航[0m
          [36m</span>[39m
        [36m</button>[39m
        [36m<nav[39m
          [33maria-label[39m=[32m"主导航"[39m
          [33mclass[39m=[32m"app-nav"[39m
          [33mid[39m=[32m"primary-navigation"[39m
        [36m>[39m
          [36m<button[39m
            [33maria-label[39m=[32m"我的交易室"[39m
            [33mclass[39m=[32m""[39m
            [33mtitle[39m=[32m"我的交易室"[39m
            [33mtype[39m=[32m"button"[39m
          [36m>[39m
            [36m<svg[39m
              [33maria-hidden[39m=[32m"true"[39m
              [33mclass[39m=[32m"lucide lucide-layout-dashboard"[39m
              [33mfill[39m=[32m"none"[39m
              [33mheight[39m=[32m"16"[39m
              [33mstroke[39m=[32m"currentColor"[39m
              [33mstroke-linecap[39m=[32m"round"[39m
              [33mstroke-linejoin[39m=[32m"round"[39m
              [33mstroke-width[39m=[32m"2"[39m
              [33mviewBox[39m=[32m"0 0 24 24"[39m
              [33mwidth[39m=[32m"16"[39m
              [33mxmlns[39m=[32m"http://www.w3.org/2000/svg"[39m
            [36m>[39m
              [36m<rect[39m
                [33mheight[39m=[32m"9"[39m
                [33mrx[39m=[32m"1"[39m
                [33mwidth[39m=[32m"7"[39m
                [33mx[39m=[32m"3"[39m
                [33my[39m=[32m"3"[39m
              [36m/>[39m
              [36m<rect[39m
                [33mheight[39m=[32m"5"[39m
                [33mrx[39m=[32m"1"[39m
                [33mwidth[39m=[32m"7"[39m
                [33mx[39m=[32m"14"[39m
                [33my[39m=[32m"3"[39m
              [36m/>[39m
              [36m<rect[39m
                [33mheight[39m=[32m"9"[39m
                [33mrx[39m=[32m"1"[39m
                [33mwidth[39m=[32m"7"[39m
                [33mx[39m=[32m"14"[39m
                [33my[39m=[32m"12"[39m
              [36m/>[39m
              [36m<rect[39m
                [33mheight[39m=[32m"5"[39m
                [33mrx[39m=[32m"1"[39m
                [33mwidth[39m=[32m"7"[39m
                [33mx[39m=[32m"3"[39m
                [33my[39m=[32m"16"[39m
              [36m/>[39m
            [36m</svg>[39m
            [36m<span[39m
              [33mclass[39m=[32m"app-nav-label"[39m
            [36m>[39m
              [0m我的交易室[0m
            [36m</span>[39m
          [36m</button>[39m
          [36m<button[39m
            [33maria-label[39m=[32m"交易库"[39m
            [33mclass[39m=[32m""[39m
            [33mtitle[39m=[32m"交易库"[39m
            [33mtype[39m=[32m"button"[39m
          [36m>[39m
            [36m<svg[39m
              [33maria-hidden[39m=[32m"true"[39m
              [33mclass[39m=[32m"lucide lucide-book-open-check"[39m
              [33mfill[39m=[32m"none"[39m
              [33mheight[39m=[32m"16"[39m
              [33mstroke[39m=[32m"currentColo...

Ignored nodes: comments, script, style
[36m<body>[39m
  [36m<div>[39m
    [36m<main[39m
      [33mclass[39m=[32m"trade-review-app is-review"[39m
    [36m>[39m
      [36m<input[39m
        [33maccept[39m=[32m".xlsx,.xls,.pdf"[39m
        [33maria-label[39m=[32m"导入交易记录"[39m
        [33mhidden[39m=[32m""[39m
        [33mmultiple[39m=[32m""[39m
        [33mtype[39m=[32m"file"[39m
      [36m/>[39m
      [36m<input[39m
        [33maccept[39m=[32m".csv,text/csv"[39m
        [33maria-label[39m=[32m"导入 TradingView 模拟交易"[39m
        [33mhidden[39m=[32m""[39m
        [33mtype[39m=[32m"file"[39m
      [36m/>[39m
      [36m<input[39m
        [33maccept[39m=[32m"image/jpeg,image/png,image/webp,.jpg,.jpeg,.png,.webp"[39m
        [33maria-label[39m=[32m"从截图恢复交易"[39m
        [33mhidden[39m=[32m""[39m
        [33mmultiple[39m=[32m""[39m
        [33mtype[39m=[32m"file"[39m
      [36m/>[39m
      [36m<aside[39m
        [33maria-label[39m=[32m"主导航"[39m
        [33mclass[39m=[32m"app-header app-sidebar "[39m
      [36m>[39m
        [36m<div[39m
          [33mclass[39m=[32m"brand"[39m
        [36m>[39m
          [36m<div[39m
            [33mclass[39m=[32m"brand-mark"[39m
          [36m>[39m
            [36m<svg[39m
              [33maria-hidden[39m=[32m"true"[39m
              [33mclass[39m=[32m"lucide lucide-book-open-check"[39m
              [33mfill[39m=[32m"none"[39m
              [33mheight[39m=[32m"19"[39m
              [33mstroke[39m=[32m"currentColor"[39m
              [33mstroke-linecap[39m=[32m"round"[39m
              [33mstroke-linejoin[39m=[32m"round"[39m
              [33mstroke-width[39m=[32m"2"[39m
              [33mviewBox[39m=[32m"0 0 24 24"[39m
              [33mwidth[39m=[32m"19"[39m
              [33mxmlns[39m=[32m"http://www.w3.org/2000/svg"[39m
            [36m>[39m
              [36m<path[39m
                [33md[39m=[32m"M12 5v16"[39m
              [36m/>[39m
              [36m<path[39m
                [33md[39m=[32m"m16 12 2 2 4-4"[39m
              [36m/>[39m
              [36m<path[39m
                [33md[39m=[32m"M22 6V5a2 2 0 00-1.999-2L16 3.002A5 5 0 0012 5a5 5 0 00-4-2H4a2 2 0 00-2 2v12a2 2 0 001.999 2H8a5 5 0 014 2 5 5 0 014-2h4.001A2 2 0 0022 17v-1.344"[39m
              [36m/>[39m
            [36m</svg>[39m
          [36m</div>[39m
          [36m<div>[39m
            [36m<strong>[39m
              [0mTradeReview[0m
            [36m</strong>[39m
            [36m<span>[39m
              [0m历史交易复盘[0m
            [36m</span>[39m
          [36m</div>[39m
        [36m</div>[39m
        [36m<button[39m
          [33maria-controls[39m=[32m"primary-navigation"[39m
          [33maria-expanded[39m=[32m"false"[39m
          [33maria-label[39m=[32m"导航"[39m
          [33mclass[39m=[32m"mobile-nav-trigger"[39m
          [33mtype[39m=[32m"button"[39m
        [36m>[39m
          [36m<svg[39m
            [33maria-hidden[39m=[32m"true"[39m
            [33mclass[39m=[32m"lucide lucide-menu"[39m
            [33mfill[39m=[32m"none"[39m
            [33mheight[39m=[32m"18"[39m
            [33mstroke[39m=[32m"currentColor"[39m
            [33mstroke-linecap[39m=[32m"round"[39m
            [33mstroke-linejoin[39m=[32m"round"[39m
            [33mstroke-width[39m=[32m"2"[39m
            [33mviewBox[39m=[32m"0 0 24 24"[39m
            [33mwidth[39m=[32m"18"[39m
            [33mxmlns[39m=[32m"http://www.w3.org/2000/svg"[39m
          [36m>[39m
            [36m<path[39m
              [33md[39m=[32m"M4 5h16"[39m
            [36m/>[39m
            [36m<path[39m
              [33md[39m=[32m"M4 12h16"[39m
            [36m/>[39m
            [36m<path[39m
              [33md[39m=[32m"M4 19h16"[39m
            [36m/>[39m
          [36m</svg>[39m
          [36m<span>[39m
            [0m导航[0m
          [36m</span>[39m
        [36m</button>[39m
        [36m<nav[39m
          [33maria-label[39m=[32m"主导航"[39m
          [33mclass[39m=[32m"app-nav"[39m
          [33mid[39m=[32m"primary-navigation"[39m
        [36m>[39m
          [36m<button[39m
            [33maria-label[39m=[32m"我的交易室"[39m
            [33mclass[39m=[32m""[39m
            [33mtitle[39m=[32m"我的交易室"[39m
            [33mtype[39m=[32m"button"[39m
          [36m>[39m
            [36m<svg[39m
              [33maria-hidden[39m=[32m"true"[39m
              [33mclass[39m=[32m"lucide lucide-layout-dashboard"[39m
              [33mfill[39m=[32m"none"[39m
              [33mheight[39m=[32m"16"[39m
              [33mstroke[39m=[32m"currentColor"[39m
              [33mstroke-linecap[39m=[32m"round"[39m
              [33mstroke-linejoin[39m=[32m"round"[39m
              [33mstroke-width[39m=[32m"2"[39m
              [33mviewBox[39m=[32m"0 0 24 24"[39m
              [33mwidth[39m=[32m"16"[39m
              [33mxmlns[39m=[32m"http://www.w3.org/2000/svg"[39m
            [36m>[39m
              [36m<rect[39m
                [33mheight[39m=[32m"9"[39m
                [33mrx[39m=[32m"1"[39m
                [33mwidth[39m=[32m"7"[39m
                [33mx[39m=[32m"3"[39m
                [33my[39m=[32m"3"[39m
              [36m/>[39m
              [36m<rect[39m
                [33mheight[39m=[32m"5"[39m
                [33mrx[39m=[32m"1"[39m
                [33mwidth[39m=[32m"7"[39m
                [33mx[39m=[32m"14"[39m
                [33my[39m=[32m"3"[39m
              [36m/>[39m
              [36m<rect[39m
                [33mheight[39m=[32m"9"[39m
                [33mrx[39m=[32m"1"[39m
                [33mwidth[39m=[32m"7"[39m
                [33mx[39m=[32m"14"[39m
                [33my[39m=[32m"12"[39m
              [36m/>[39m
              [36m<rect[39m
                [33mheight[39m=[32m"5"[39m
                [33mrx[39m=[32m"1"[39m
                [33mwidth[39m=[32m"7"[39m
                [33mx[39m=[32m"3"[39m
                [33my[39m=[32m"16"[39m
              [36m/>[39m
            [36m</svg>[39m
            [36m<span[39m
              [33mclass[39m=[32m"app-nav-label"[39m
            [36m>[39m
              [0m我的交易室[0m
            [36m</span>[39m
          [36m</button>[39m
          [36m<button[39m
            [33maria-label[39m=[32m"交易库"[39m
            [33mclass[39m=[32m""[39m
            [33mtitle[39m=[32m"交易库"[39m
            [33mtype[39m=[32m"button"[39m
          [36m>[39m
            [36m<svg[39m
              [33maria-hidden[39m=[32m"true"[39m
              [33mclass[39m=[32m"lucide lucide-book-open-check"[39m
              [33mfill[39m=[32m"none"[39m
              [33mheight[39m=[32m"16"[39m
              [33mstroke[39m=[32m"currentColo...
 ❯ waitForWrapper node_modules/@testing-library/dom/dist/wait-for.js:163:27
 ❯ node_modules/@testing-library/dom/dist/query-helpers.js:86:33
 ❯ app/components/trade-review-workspace.test.tsx:3657:25
    3655|     await user.click(await screen.findByRole("button", { name: /^打开小鹏汽…
    3656|
    3657|     expect(await screen.findByLabelText("图表工具栏")).toBeInTheDocument();
       |                         ^
    3658|     openMoreRecords();
    3659|     await waitFor(() => {

⎯⎯⎯⎯⎯⎯⎯⎯⎯⎯⎯⎯⎯⎯⎯⎯⎯⎯⎯⎯⎯⎯[30/39]⎯

 FAIL  app/components/trade-review-workspace.test.tsx > TradeReviewWorkspace > keeps complete-history executions within the selected account
Error: Test timed out in 5000ms.
If this is a long-running test, pass a timeout value as the last argument or configure it globally with "testTimeout".
 ❯ app/components/trade-review-workspace.test.tsx:3674:3
    3672|   });
    3673|
    3674|   it("keeps complete-history executions within the selected account", …
       |   ^
    3675|     const user = userEvent.setup();
    3676|     saveImportedExecutions([

⎯⎯⎯⎯⎯⎯⎯⎯⎯⎯⎯⎯⎯⎯⎯⎯⎯⎯⎯⎯⎯⎯[31/39]⎯

 FAIL  app/components/trade-review-workspace.test.tsx > TradeReviewWorkspace > automatically syncs all episodes after importing a later episode
Error: Test timed out in 5000ms.
If this is a long-running test, pass a timeout value as the last argument or configure it globally with "testTimeout".
 ❯ app/components/trade-review-workspace.test.tsx:3732:3
    3730|   });
    3731|
    3732|   it("automatically syncs all episodes after importing a later episode…
       |   ^
    3733|     const user = userEvent.setup();
    3734|     saveImportedExecutions([

⎯⎯⎯⎯⎯⎯⎯⎯⎯⎯⎯⎯⎯⎯⎯⎯⎯⎯⎯⎯⎯⎯[32/39]⎯

 FAIL  app/components/trade-review-workspace.test.tsx > TradeReviewWorkspace > automatically syncs all episodes when an import closes and opens positions
TestingLibraryElementError: Unable to find role="combobox" and name "交易回合"

Ignored nodes: comments, script, style
[36m<body>[39m
  [36m<div>[39m
    [36m<main[39m
      [33mclass[39m=[32m"trade-review-app is-review"[39m
    [36m>[39m
      [36m<input[39m
        [33maccept[39m=[32m".xlsx,.xls,.pdf"[39m
        [33maria-label[39m=[32m"导入交易记录"[39m
        [33mhidden[39m=[32m""[39m
        [33mmultiple[39m=[32m""[39m
        [33mtype[39m=[32m"file"[39m
      [36m/>[39m
      [36m<input[39m
        [33maccept[39m=[32m".csv,text/csv"[39m
        [33maria-label[39m=[32m"导入 TradingView 模拟交易"[39m
        [33mhidden[39m=[32m""[39m
        [33mtype[39m=[32m"file"[39m
      [36m/>[39m
      [36m<input[39m
        [33maccept[39m=[32m"image/jpeg,image/png,image/webp,.jpg,.jpeg,.png,.webp"[39m
        [33maria-label[39m=[32m"从截图恢复交易"[39m
        [33mhidden[39m=[32m""[39m
        [33mmultiple[39m=[32m""[39m
        [33mtype[39m=[32m"file"[39m
      [36m/>[39m
      [36m<aside[39m
        [33maria-label[39m=[32m"主导航"[39m
        [33mclass[39m=[32m"app-header app-sidebar "[39m
      [36m>[39m
        [36m<div[39m
          [33mclass[39m=[32m"brand"[39m
        [36m>[39m
          [36m<div[39m
            [33mclass[39m=[32m"brand-mark"[39m
          [36m>[39m
            [36m<svg[39m
              [33maria-hidden[39m=[32m"true"[39m
              [33mclass[39m=[32m"lucide lucide-book-open-check"[39m
              [33mfill[39m=[32m"none"[39m
              [33mheight[39m=[32m"19"[39m
              [33mstroke[39m=[32m"currentColor"[39m
              [33mstroke-linecap[39m=[32m"round"[39m
              [33mstroke-linejoin[39m=[32m"round"[39m
              [33mstroke-width[39m=[32m"2"[39m
              [33mviewBox[39m=[32m"0 0 24 24"[39m
              [33mwidth[39m=[32m"19"[39m
              [33mxmlns[39m=[32m"http://www.w3.org/2000/svg"[39m
            [36m>[39m
              [36m<path[39m
                [33md[39m=[32m"M12 5v16"[39m
              [36m/>[39m
              [36m<path[39m
                [33md[39m=[32m"m16 12 2 2 4-4"[39m
              [36m/>[39m
              [36m<path[39m
                [33md[39m=[32m"M22 6V5a2 2 0 00-1.999-2L16 3.002A5 5 0 0012 5a5 5 0 00-4-2H4a2 2 0 00-2 2v12a2 2 0 001.999 2H8a5 5 0 014 2 5 5 0 014-2h4.001A2 2 0 0022 17v-1.344"[39m
              [36m/>[39m
            [36m</svg>[39m
          [36m</div>[39m
          [36m<div>[39m
            [36m<strong>[39m
              [0mTradeReview[0m
            [36m</strong>[39m
            [36m<span>[39m
              [0m历史交易复盘[0m
            [36m</span>[39m
          [36m</div>[39m
        [36m</div>[39m
        [36m<button[39m
          [33maria-controls[39m=[32m"primary-navigation"[39m
          [33maria-expanded[39m=[32m"false"[39m
          [33maria-label[39m=[32m"导航"[39m
          [33mclass[39m=[32m"mobile-nav-trigger"[39m
          [33mtype[39m=[32m"button"[39m
        [36m>[39m
          [36m<svg[39m
            [33maria-hidden[39m=[32m"true"[39m
            [33mclass[39m=[32m"lucide lucide-menu"[39m
            [33mfill[39m=[32m"none"[39m
            [33mheight[39m=[32m"18"[39m
            [33mstroke[39m=[32m"currentColor"[39m
            [33mstroke-linecap[39m=[32m"round"[39m
            [33mstroke-linejoin[39m=[32m"round"[39m
            [33mstroke-width[39m=[32m"2"[39m
            [33mviewBox[39m=[32m"0 0 24 24"[39m
            [33mwidth[39m=[32m"18"[39m
            [33mxmlns[39m=[32m"http://www.w3.org/2000/svg"[39m
          [36m>[39m
            [36m<path[39m
              [33md[39m=[32m"M4 5h16"[39m
            [36m/>[39m
            [36m<path[39m
              [33md[39m=[32m"M4 12h16"[39m
            [36m/>[39m
            [36m<path[39m
              [33md[39m=[32m"M4 19h16"[39m
            [36m/>[39m
          [36m</svg>[39m
          [36m<span>[39m
            [0m导航[0m
          [36m</span>[39m
        [36m</button>[39m
        [36m<nav[39m
          [33maria-label[39m=[32m"主导航"[39m
          [33mclass[39m=[32m"app-nav"[39m
          [33mid[39m=[32m"primary-navigation"[39m
        [36m>[39m
          [36m<button[39m
            [33maria-label[39m=[32m"我的交易室"[39m
            [33mclass[39m=[32m""[39m
            [33mtitle[39m=[32m"我的交易室"[39m
            [33mtype[39m=[32m"button"[39m
          [36m>[39m
            [36m<svg[39m
              [33maria-hidden[39m=[32m"true"[39m
              [33mclass[39m=[32m"lucide lucide-layout-dashboard"[39m
              [33mfill[39m=[32m"none"[39m
              [33mheight[39m=[32m"16"[39m
              [33mstroke[39m=[32m"currentColor"[39m
              [33mstroke-linecap[39m=[32m"round"[39m
              [33mstroke-linejoin[39m=[32m"round"[39m
              [33mstroke-width[39m=[32m"2"[39m
              [33mviewBox[39m=[32m"0 0 24 24"[39m
              [33mwidth[39m=[32m"16"[39m
              [33mxmlns[39m=[32m"http://www.w3.org/2000/svg"[39m
            [36m>[39m
              [36m<rect[39m
                [33mheight[39m=[32m"9"[39m
                [33mrx[39m=[32m"1"[39m
                [33mwidth[39m=[32m"7"[39m
                [33mx[39m=[32m"3"[39m
                [33my[39m=[32m"3"[39m
              [36m/>[39m
              [36m<rect[39m
                [33mheight[39m=[32m"5"[39m
                [33mrx[39m=[32m"1"[39m
                [33mwidth[39m=[32m"7"[39m
                [33mx[39m=[32m"14"[39m
                [33my[39m=[32m"3"[39m
              [36m/>[39m
              [36m<rect[39m
                [33mheight[39m=[32m"9"[39m
                [33mrx[39m=[32m"1"[39m
                [33mwidth[39m=[32m"7"[39m
                [33mx[39m=[32m"14"[39m
                [33my[39m=[32m"12"[39m
              [36m/>[39m
              [36m<rect[39m
                [33mheight[39m=[32m"5"[39m
                [33mrx[39m=[32m"1"[39m
                [33mwidth[39m=[32m"7"[39m
                [33mx[39m=[32m"3"[39m
                [33my[39m=[32m"16"[39m
              [36m/>[39m
            [36m</svg>[39m
            [36m<span[39m
              [33mclass[39m=[32m"app-nav-label"[39m
            [36m>[39m
              [0m我的交易室[0m
            [36m</span>[39m
          [36m</button>[39m
          [36m<button[39m
            [33maria-label[39m=[32m"交易库"[39m
            [33mclass[39m=[32m""[39m
            [33mtitle[39m=[32m"交易库"[39m
            [33mtype[39m=[32m"button"[39m
          [36m>[39m
            [36m<svg[39m
              [33maria-hidden[39m=[32m"true"[39m
              [33mclass[39m=[32m"lucide lucide-book-open-check"[39m
              [33mfill[39m=[32m"none"[39m
              [33mheight[39m=[32m"16"[39m
              [33mstroke[39m=[32m"currentColo...

Ignored nodes: comments, script, style
[36m<body>[39m
  [36m<div>[39m
    [36m<main[39m
      [33mclass[39m=[32m"trade-review-app is-review"[39m
    [36m>[39m
      [36m<input[39m
        [33maccept[39m=[32m".xlsx,.xls,.pdf"[39m
        [33maria-label[39m=[32m"导入交易记录"[39m
        [33mhidden[39m=[32m""[39m
        [33mmultiple[39m=[32m""[39m
        [33mtype[39m=[32m"file"[39m
      [36m/>[39m
      [36m<input[39m
        [33maccept[39m=[32m".csv,text/csv"[39m
        [33maria-label[39m=[32m"导入 TradingView 模拟交易"[39m
        [33mhidden[39m=[32m""[39m
        [33mtype[39m=[32m"file"[39m
      [36m/>[39m
      [36m<input[39m
        [33maccept[39m=[32m"image/jpeg,image/png,image/webp,.jpg,.jpeg,.png,.webp"[39m
        [33maria-label[39m=[32m"从截图恢复交易"[39m
        [33mhidden[39m=[32m""[39m
        [33mmultiple[39m=[32m""[39m
        [33mtype[39m=[32m"file"[39m
      [36m/>[39m
      [36m<aside[39m
        [33maria-label[39m=[32m"主导航"[39m
        [33mclass[39m=[32m"app-header app-sidebar "[39m
      [36m>[39m
        [36m<div[39m
          [33mclass[39m=[32m"brand"[39m
        [36m>[39m
          [36m<div[39m
            [33mclass[39m=[32m"brand-mark"[39m
          [36m>[39m
            [36m<svg[39m
              [33maria-hidden[39m=[32m"true"[39m
              [33mclass[39m=[32m"lucide lucide-book-open-check"[39m
              [33mfill[39m=[32m"none"[39m
              [33mheight[39m=[32m"19"[39m
              [33mstroke[39m=[32m"currentColor"[39m
              [33mstroke-linecap[39m=[32m"round"[39m
              [33mstroke-linejoin[39m=[32m"round"[39m
              [33mstroke-width[39m=[32m"2"[39m
              [33mviewBox[39m=[32m"0 0 24 24"[39m
              [33mwidth[39m=[32m"19"[39m
              [33mxmlns[39m=[32m"http://www.w3.org/2000/svg"[39m
            [36m>[39m
              [36m<path[39m
                [33md[39m=[32m"M12 5v16"[39m
              [36m/>[39m
              [36m<path[39m
                [33md[39m=[32m"m16 12 2 2 4-4"[39m
              [36m/>[39m
              [36m<path[39m
                [33md[39m=[32m"M22 6V5a2 2 0 00-1.999-2L16 3.002A5 5 0 0012 5a5 5 0 00-4-2H4a2 2 0 00-2 2v12a2 2 0 001.999 2H8a5 5 0 014 2 5 5 0 014-2h4.001A2 2 0 0022 17v-1.344"[39m
              [36m/>[39m
            [36m</svg>[39m
          [36m</div>[39m
          [36m<div>[39m
            [36m<strong>[39m
              [0mTradeReview[0m
            [36m</strong>[39m
            [36m<span>[39m
              [0m历史交易复盘[0m
            [36m</span>[39m
          [36m</div>[39m
        [36m</div>[39m
        [36m<button[39m
          [33maria-controls[39m=[32m"primary-navigation"[39m
          [33maria-expanded[39m=[32m"false"[39m
          [33maria-label[39m=[32m"导航"[39m
          [33mclass[39m=[32m"mobile-nav-trigger"[39m
          [33mtype[39m=[32m"button"[39m
        [36m>[39m
          [36m<svg[39m
            [33maria-hidden[39m=[32m"true"[39m
            [33mclass[39m=[32m"lucide lucide-menu"[39m
            [33mfill[39m=[32m"none"[39m
            [33mheight[39m=[32m"18"[39m
            [33mstroke[39m=[32m"currentColor"[39m
            [33mstroke-linecap[39m=[32m"round"[39m
            [33mstroke-linejoin[39m=[32m"round"[39m
            [33mstroke-width[39m=[32m"2"[39m
            [33mviewBox[39m=[32m"0 0 24 24"[39m
            [33mwidth[39m=[32m"18"[39m
            [33mxmlns[39m=[32m"http://www.w3.org/2000/svg"[39m
          [36m>[39m
            [36m<path[39m
              [33md[39m=[32m"M4 5h16"[39m
            [36m/>[39m
            [36m<path[39m
              [33md[39m=[32m"M4 12h16"[39m
            [36m/>[39m
            [36m<path[39m
              [33md[39m=[32m"M4 19h16"[39m
            [36m/>[39m
          [36m</svg>[39m
          [36m<span>[39m
            [0m导航[0m
          [36m</span>[39m
        [36m</button>[39m
        [36m<nav[39m
          [33maria-label[39m=[32m"主导航"[39m
          [33mclass[39m=[32m"app-nav"[39m
          [33mid[39m=[32m"primary-navigation"[39m
        [36m>[39m
          [36m<button[39m
            [33maria-label[39m=[32m"我的交易室"[39m
            [33mclass[39m=[32m""[39m
            [33mtitle[39m=[32m"我的交易室"[39m
            [33mtype[39m=[32m"button"[39m
          [36m>[39m
            [36m<svg[39m
              [33maria-hidden[39m=[32m"true"[39m
              [33mclass[39m=[32m"lucide lucide-layout-dashboard"[39m
              [33mfill[39m=[32m"none"[39m
              [33mheight[39m=[32m"16"[39m
              [33mstroke[39m=[32m"currentColor"[39m
              [33mstroke-linecap[39m=[32m"round"[39m
              [33mstroke-linejoin[39m=[32m"round"[39m
              [33mstroke-width[39m=[32m"2"[39m
              [33mviewBox[39m=[32m"0 0 24 24"[39m
              [33mwidth[39m=[32m"16"[39m
              [33mxmlns[39m=[32m"http://www.w3.org/2000/svg"[39m
            [36m>[39m
              [36m<rect[39m
                [33mheight[39m=[32m"9"[39m
                [33mrx[39m=[32m"1"[39m
                [33mwidth[39m=[32m"7"[39m
                [33mx[39m=[32m"3"[39m
                [33my[39m=[32m"3"[39m
              [36m/>[39m
              [36m<rect[39m
                [33mheight[39m=[32m"5"[39m
                [33mrx[39m=[32m"1"[39m
                [33mwidth[39m=[32m"7"[39m
                [33mx[39m=[32m"14"[39m
                [33my[39m=[32m"3"[39m
              [36m/>[39m
              [36m<rect[39m
                [33mheight[39m=[32m"9"[39m
                [33mrx[39m=[32m"1"[39m
                [33mwidth[39m=[32m"7"[39m
                [33mx[39m=[32m"14"[39m
                [33my[39m=[32m"12"[39m
              [36m/>[39m
              [36m<rect[39m
                [33mheight[39m=[32m"5"[39m
                [33mrx[39m=[32m"1"[39m
                [33mwidth[39m=[32m"7"[39m
                [33mx[39m=[32m"3"[39m
                [33my[39m=[32m"16"[39m
              [36m/>[39m
            [36m</svg>[39m
            [36m<span[39m
              [33mclass[39m=[32m"app-nav-label"[39m
            [36m>[39m
              [0m我的交易室[0m
            [36m</span>[39m
          [36m</button>[39m
          [36m<button[39m
            [33maria-label[39m=[32m"交易库"[39m
            [33mclass[39m=[32m""[39m
            [33mtitle[39m=[32m"交易库"[39m
            [33mtype[39m=[32m"button"[39m
          [36m>[39m
            [36m<svg[39m
              [33maria-hidden[39m=[32m"true"[39m
              [33mclass[39m=[32m"lucide lucide-book-open-check"[39m
              [33mfill[39m=[32m"none"[39m
              [33mheight[39m=[32m"16"[39m
              [33mstroke[39m=[32m"currentColo...
 ❯ waitForWrapper node_modules/@testing-library/dom/dist/wait-for.js:163:27
 ❯ node_modules/@testing-library/dom/dist/query-helpers.js:86:33
 ❯ app/components/trade-review-workspace.test.tsx:3855:18
    3853|
    3854|     render(<TradeReviewWorkspace initialFrame={initialFrame} />);
    3855|     await screen.findByRole("combobox", { name: "交易回合" });
       |                  ^
    3856|     vi.mocked(fetch).mockClear();
    3857|     await uploadStatement(

⎯⎯⎯⎯⎯⎯⎯⎯⎯⎯⎯⎯⎯⎯⎯⎯⎯⎯⎯⎯⎯⎯[33/39]⎯

 FAIL  app/components/trade-review-workspace.test.tsx > TradeReviewWorkspace > uses the unified replay workspace for a cached imported episode
Error: Test timed out in 5000ms.
If this is a long-running test, pass a timeout value as the last argument or configure it globally with "testTimeout".
 ❯ app/components/trade-review-workspace.test.tsx:3932:3
    3930|   });
    3931|
    3932|   it("uses the unified replay workspace for a cached imported episode"…
       |   ^
    3933|     const user = userEvent.setup();
    3934|     const instrument = {

⎯⎯⎯⎯⎯⎯⎯⎯⎯⎯⎯⎯⎯⎯⎯⎯⎯⎯⎯⎯⎯⎯[34/39]⎯

 FAIL  app/components/trade-review-workspace.test.tsx > TradeReviewWorkspace > exposes Recall snapshot controls for daily-only data
TestingLibraryElementError: Unable to find a label with the text of: 图表工具栏

Ignored nodes: comments, script, style
[36m<body>[39m
  [36m<div>[39m
    [36m<main[39m
      [33mclass[39m=[32m"trade-review-app is-review"[39m
    [36m>[39m
      [36m<input[39m
        [33maccept[39m=[32m".xlsx,.xls,.pdf"[39m
        [33maria-label[39m=[32m"导入交易记录"[39m
        [33mhidden[39m=[32m""[39m
        [33mmultiple[39m=[32m""[39m
        [33mtype[39m=[32m"file"[39m
      [36m/>[39m
      [36m<input[39m
        [33maccept[39m=[32m".csv,text/csv"[39m
        [33maria-label[39m=[32m"导入 TradingView 模拟交易"[39m
        [33mhidden[39m=[32m""[39m
        [33mtype[39m=[32m"file"[39m
      [36m/>[39m
      [36m<input[39m
        [33maccept[39m=[32m"image/jpeg,image/png,image/webp,.jpg,.jpeg,.png,.webp"[39m
        [33maria-label[39m=[32m"从截图恢复交易"[39m
        [33mhidden[39m=[32m""[39m
        [33mmultiple[39m=[32m""[39m
        [33mtype[39m=[32m"file"[39m
      [36m/>[39m
      [36m<aside[39m
        [33maria-label[39m=[32m"主导航"[39m
        [33mclass[39m=[32m"app-header app-sidebar "[39m
      [36m>[39m
        [36m<div[39m
          [33mclass[39m=[32m"brand"[39m
        [36m>[39m
          [36m<div[39m
            [33mclass[39m=[32m"brand-mark"[39m
          [36m>[39m
            [36m<svg[39m
              [33maria-hidden[39m=[32m"true"[39m
              [33mclass[39m=[32m"lucide lucide-book-open-check"[39m
              [33mfill[39m=[32m"none"[39m
              [33mheight[39m=[32m"19"[39m
              [33mstroke[39m=[32m"currentColor"[39m
              [33mstroke-linecap[39m=[32m"round"[39m
              [33mstroke-linejoin[39m=[32m"round"[39m
              [33mstroke-width[39m=[32m"2"[39m
              [33mviewBox[39m=[32m"0 0 24 24"[39m
              [33mwidth[39m=[32m"19"[39m
              [33mxmlns[39m=[32m"http://www.w3.org/2000/svg"[39m
            [36m>[39m
              [36m<path[39m
                [33md[39m=[32m"M12 5v16"[39m
              [36m/>[39m
              [36m<path[39m
                [33md[39m=[32m"m16 12 2 2 4-4"[39m
              [36m/>[39m
              [36m<path[39m
                [33md[39m=[32m"M22 6V5a2 2 0 00-1.999-2L16 3.002A5 5 0 0012 5a5 5 0 00-4-2H4a2 2 0 00-2 2v12a2 2 0 001.999 2H8a5 5 0 014 2 5 5 0 014-2h4.001A2 2 0 0022 17v-1.344"[39m
              [36m/>[39m
            [36m</svg>[39m
          [36m</div>[39m
          [36m<div>[39m
            [36m<strong>[39m
              [0mTradeReview[0m
            [36m</strong>[39m
            [36m<span>[39m
              [0m历史交易复盘[0m
            [36m</span>[39m
          [36m</div>[39m
        [36m</div>[39m
        [36m<button[39m
          [33maria-controls[39m=[32m"primary-navigation"[39m
          [33maria-expanded[39m=[32m"false"[39m
          [33maria-label[39m=[32m"导航"[39m
          [33mclass[39m=[32m"mobile-nav-trigger"[39m
          [33mtype[39m=[32m"button"[39m
        [36m>[39m
          [36m<svg[39m
            [33maria-hidden[39m=[32m"true"[39m
            [33mclass[39m=[32m"lucide lucide-menu"[39m
            [33mfill[39m=[32m"none"[39m
            [33mheight[39m=[32m"18"[39m
            [33mstroke[39m=[32m"currentColor"[39m
            [33mstroke-linecap[39m=[32m"round"[39m
            [33mstroke-linejoin[39m=[32m"round"[39m
            [33mstroke-width[39m=[32m"2"[39m
            [33mviewBox[39m=[32m"0 0 24 24"[39m
            [33mwidth[39m=[32m"18"[39m
            [33mxmlns[39m=[32m"http://www.w3.org/2000/svg"[39m
          [36m>[39m
            [36m<path[39m
              [33md[39m=[32m"M4 5h16"[39m
            [36m/>[39m
            [36m<path[39m
              [33md[39m=[32m"M4 12h16"[39m
            [36m/>[39m
            [36m<path[39m
              [33md[39m=[32m"M4 19h16"[39m
            [36m/>[39m
          [36m</svg>[39m
          [36m<span>[39m
            [0m导航[0m
          [36m</span>[39m
        [36m</button>[39m
        [36m<nav[39m
          [33maria-label[39m=[32m"主导航"[39m
          [33mclass[39m=[32m"app-nav"[39m
          [33mid[39m=[32m"primary-navigation"[39m
        [36m>[39m
          [36m<button[39m
            [33maria-label[39m=[32m"我的交易室"[39m
            [33mclass[39m=[32m""[39m
            [33mtitle[39m=[32m"我的交易室"[39m
            [33mtype[39m=[32m"button"[39m
          [36m>[39m
            [36m<svg[39m
              [33maria-hidden[39m=[32m"true"[39m
              [33mclass[39m=[32m"lucide lucide-layout-dashboard"[39m
              [33mfill[39m=[32m"none"[39m
              [33mheight[39m=[32m"16"[39m
              [33mstroke[39m=[32m"currentColor"[39m
              [33mstroke-linecap[39m=[32m"round"[39m
              [33mstroke-linejoin[39m=[32m"round"[39m
              [33mstroke-width[39m=[32m"2"[39m
              [33mviewBox[39m=[32m"0 0 24 24"[39m
              [33mwidth[39m=[32m"16"[39m
              [33mxmlns[39m=[32m"http://www.w3.org/2000/svg"[39m
            [36m>[39m
              [36m<rect[39m
                [33mheight[39m=[32m"9"[39m
                [33mrx[39m=[32m"1"[39m
                [33mwidth[39m=[32m"7"[39m
                [33mx[39m=[32m"3"[39m
                [33my[39m=[32m"3"[39m
              [36m/>[39m
              [36m<rect[39m
                [33mheight[39m=[32m"5"[39m
                [33mrx[39m=[32m"1"[39m
                [33mwidth[39m=[32m"7"[39m
                [33mx[39m=[32m"14"[39m
                [33my[39m=[32m"3"[39m
              [36m/>[39m
              [36m<rect[39m
                [33mheight[39m=[32m"9"[39m
                [33mrx[39m=[32m"1"[39m
                [33mwidth[39m=[32m"7"[39m
                [33mx[39m=[32m"14"[39m
                [33my[39m=[32m"12"[39m
              [36m/>[39m
              [36m<rect[39m
                [33mheight[39m=[32m"5"[39m
                [33mrx[39m=[32m"1"[39m
                [33mwidth[39m=[32m"7"[39m
                [33mx[39m=[32m"3"[39m
                [33my[39m=[32m"16"[39m
              [36m/>[39m
            [36m</svg>[39m
            [36m<span[39m
              [33mclass[39m=[32m"app-nav-label"[39m
            [36m>[39m
              [0m我的交易室[0m
            [36m</span>[39m
          [36m</button>[39m
          [36m<button[39m
            [33maria-label[39m=[32m"交易库"[39m
            [33mclass[39m=[32m""[39m
            [33mtitle[39m=[32m"交易库"[39m
            [33mtype[39m=[32m"button"[39m
          [36m>[39m
            [36m<svg[39m
              [33maria-hidden[39m=[32m"true"[39m
              [33mclass[39m=[32m"lucide lucide-book-open-check"[39m
              [33mfill[39m=[32m"none"[39m
              [33mheight[39m=[32m"16"[39m
              [33mstroke[39m=[32m"currentColo...

Ignored nodes: comments, script, style
[36m<body>[39m
  [36m<div>[39m
    [36m<main[39m
      [33mclass[39m=[32m"trade-review-app is-review"[39m
    [36m>[39m
      [36m<input[39m
        [33maccept[39m=[32m".xlsx,.xls,.pdf"[39m
        [33maria-label[39m=[32m"导入交易记录"[39m
        [33mhidden[39m=[32m""[39m
        [33mmultiple[39m=[32m""[39m
        [33mtype[39m=[32m"file"[39m
      [36m/>[39m
      [36m<input[39m
        [33maccept[39m=[32m".csv,text/csv"[39m
        [33maria-label[39m=[32m"导入 TradingView 模拟交易"[39m
        [33mhidden[39m=[32m""[39m
        [33mtype[39m=[32m"file"[39m
      [36m/>[39m
      [36m<input[39m
        [33maccept[39m=[32m"image/jpeg,image/png,image/webp,.jpg,.jpeg,.png,.webp"[39m
        [33maria-label[39m=[32m"从截图恢复交易"[39m
        [33mhidden[39m=[32m""[39m
        [33mmultiple[39m=[32m""[39m
        [33mtype[39m=[32m"file"[39m
      [36m/>[39m
      [36m<aside[39m
        [33maria-label[39m=[32m"主导航"[39m
        [33mclass[39m=[32m"app-header app-sidebar "[39m
      [36m>[39m
        [36m<div[39m
          [33mclass[39m=[32m"brand"[39m
        [36m>[39m
          [36m<div[39m
            [33mclass[39m=[32m"brand-mark"[39m
          [36m>[39m
            [36m<svg[39m
              [33maria-hidden[39m=[32m"true"[39m
              [33mclass[39m=[32m"lucide lucide-book-open-check"[39m
              [33mfill[39m=[32m"none"[39m
              [33mheight[39m=[32m"19"[39m
              [33mstroke[39m=[32m"currentColor"[39m
              [33mstroke-linecap[39m=[32m"round"[39m
              [33mstroke-linejoin[39m=[32m"round"[39m
              [33mstroke-width[39m=[32m"2"[39m
              [33mviewBox[39m=[32m"0 0 24 24"[39m
              [33mwidth[39m=[32m"19"[39m
              [33mxmlns[39m=[32m"http://www.w3.org/2000/svg"[39m
            [36m>[39m
              [36m<path[39m
                [33md[39m=[32m"M12 5v16"[39m
              [36m/>[39m
              [36m<path[39m
                [33md[39m=[32m"m16 12 2 2 4-4"[39m
              [36m/>[39m
              [36m<path[39m
                [33md[39m=[32m"M22 6V5a2 2 0 00-1.999-2L16 3.002A5 5 0 0012 5a5 5 0 00-4-2H4a2 2 0 00-2 2v12a2 2 0 001.999 2H8a5 5 0 014 2 5 5 0 014-2h4.001A2 2 0 0022 17v-1.344"[39m
              [36m/>[39m
            [36m</svg>[39m
          [36m</div>[39m
          [36m<div>[39m
            [36m<strong>[39m
              [0mTradeReview[0m
            [36m</strong>[39m
            [36m<span>[39m
              [0m历史交易复盘[0m
            [36m</span>[39m
          [36m</div>[39m
        [36m</div>[39m
        [36m<button[39m
          [33maria-controls[39m=[32m"primary-navigation"[39m
          [33maria-expanded[39m=[32m"false"[39m
          [33maria-label[39m=[32m"导航"[39m
          [33mclass[39m=[32m"mobile-nav-trigger"[39m
          [33mtype[39m=[32m"button"[39m
        [36m>[39m
          [36m<svg[39m
            [33maria-hidden[39m=[32m"true"[39m
            [33mclass[39m=[32m"lucide lucide-menu"[39m
            [33mfill[39m=[32m"none"[39m
            [33mheight[39m=[32m"18"[39m
            [33mstroke[39m=[32m"currentColor"[39m
            [33mstroke-linecap[39m=[32m"round"[39m
            [33mstroke-linejoin[39m=[32m"round"[39m
            [33mstroke-width[39m=[32m"2"[39m
            [33mviewBox[39m=[32m"0 0 24 24"[39m
            [33mwidth[39m=[32m"18"[39m
            [33mxmlns[39m=[32m"http://www.w3.org/2000/svg"[39m
          [36m>[39m
            [36m<path[39m
              [33md[39m=[32m"M4 5h16"[39m
            [36m/>[39m
            [36m<path[39m
              [33md[39m=[32m"M4 12h16"[39m
            [36m/>[39m
            [36m<path[39m
              [33md[39m=[32m"M4 19h16"[39m
            [36m/>[39m
          [36m</svg>[39m
          [36m<span>[39m
            [0m导航[0m
          [36m</span>[39m
        [36m</button>[39m
        [36m<nav[39m
          [33maria-label[39m=[32m"主导航"[39m
          [33mclass[39m=[32m"app-nav"[39m
          [33mid[39m=[32m"primary-navigation"[39m
        [36m>[39m
          [36m<button[39m
            [33maria-label[39m=[32m"我的交易室"[39m
            [33mclass[39m=[32m""[39m
            [33mtitle[39m=[32m"我的交易室"[39m
            [33mtype[39m=[32m"button"[39m
          [36m>[39m
            [36m<svg[39m
              [33maria-hidden[39m=[32m"true"[39m
              [33mclass[39m=[32m"lucide lucide-layout-dashboard"[39m
              [33mfill[39m=[32m"none"[39m
              [33mheight[39m=[32m"16"[39m
              [33mstroke[39m=[32m"currentColor"[39m
              [33mstroke-linecap[39m=[32m"round"[39m
              [33mstroke-linejoin[39m=[32m"round"[39m
              [33mstroke-width[39m=[32m"2"[39m
              [33mviewBox[39m=[32m"0 0 24 24"[39m
              [33mwidth[39m=[32m"16"[39m
              [33mxmlns[39m=[32m"http://www.w3.org/2000/svg"[39m
            [36m>[39m
              [36m<rect[39m
                [33mheight[39m=[32m"9"[39m
                [33mrx[39m=[32m"1"[39m
                [33mwidth[39m=[32m"7"[39m
                [33mx[39m=[32m"3"[39m
                [33my[39m=[32m"3"[39m
              [36m/>[39m
              [36m<rect[39m
                [33mheight[39m=[32m"5"[39m
                [33mrx[39m=[32m"1"[39m
                [33mwidth[39m=[32m"7"[39m
                [33mx[39m=[32m"14"[39m
                [33my[39m=[32m"3"[39m
              [36m/>[39m
              [36m<rect[39m
                [33mheight[39m=[32m"9"[39m
                [33mrx[39m=[32m"1"[39m
                [33mwidth[39m=[32m"7"[39m
                [33mx[39m=[32m"14"[39m
                [33my[39m=[32m"12"[39m
              [36m/>[39m
              [36m<rect[39m
                [33mheight[39m=[32m"5"[39m
                [33mrx[39m=[32m"1"[39m
                [33mwidth[39m=[32m"7"[39m
                [33mx[39m=[32m"3"[39m
                [33my[39m=[32m"16"[39m
              [36m/>[39m
            [36m</svg>[39m
            [36m<span[39m
              [33mclass[39m=[32m"app-nav-label"[39m
            [36m>[39m
              [0m我的交易室[0m
            [36m</span>[39m
          [36m</button>[39m
          [36m<button[39m
            [33maria-label[39m=[32m"交易库"[39m
            [33mclass[39m=[32m""[39m
            [33mtitle[39m=[32m"交易库"[39m
            [33mtype[39m=[32m"button"[39m
          [36m>[39m
            [36m<svg[39m
              [33maria-hidden[39m=[32m"true"[39m
              [33mclass[39m=[32m"lucide lucide-book-open-check"[39m
              [33mfill[39m=[32m"none"[39m
              [33mheight[39m=[32m"16"[39m
              [33mstroke[39m=[32m"currentColo...
 ❯ waitForWrapper node_modules/@testing-library/dom/dist/wait-for.js:163:27
 ❯ node_modules/@testing-library/dom/dist/query-helpers.js:86:33
 ❯ app/components/trade-review-workspace.test.tsx:4303:18
    4301|     render(<TradeReviewWorkspace initialFrame={initialFrame} />);
    4302|     await screen.findByRole("heading", { name: /美图公司/ });
    4303|     await screen.findByLabelText("图表工具栏");
       |                  ^
    4304|
    4305|     for (const period of ["15m", "1h", "4h"]) {

⎯⎯⎯⎯⎯⎯⎯⎯⎯⎯⎯⎯⎯⎯⎯⎯⎯⎯⎯⎯⎯⎯[35/39]⎯

 FAIL  app/components/trade-review-workspace.test.tsx > TradeReviewWorkspace > derives intraday availability from the selected episode window
TestingLibraryElementError: Unable to find role="option" and name `/第 2 次/`

Ignored nodes: comments, script, style
[36m<body>[39m
  [36m<div>[39m
    [36m<main[39m
      [33mclass[39m=[32m"trade-review-app is-review"[39m
    [36m>[39m
      [36m<input[39m
        [33maccept[39m=[32m".xlsx,.xls,.pdf"[39m
        [33maria-label[39m=[32m"导入交易记录"[39m
        [33mhidden[39m=[32m""[39m
        [33mmultiple[39m=[32m""[39m
        [33mtype[39m=[32m"file"[39m
      [36m/>[39m
      [36m<input[39m
        [33maccept[39m=[32m".csv,text/csv"[39m
        [33maria-label[39m=[32m"导入 TradingView 模拟交易"[39m
        [33mhidden[39m=[32m""[39m
        [33mtype[39m=[32m"file"[39m
      [36m/>[39m
      [36m<input[39m
        [33maccept[39m=[32m"image/jpeg,image/png,image/webp,.jpg,.jpeg,.png,.webp"[39m
        [33maria-label[39m=[32m"从截图恢复交易"[39m
        [33mhidden[39m=[32m""[39m
        [33mmultiple[39m=[32m""[39m
        [33mtype[39m=[32m"file"[39m
      [36m/>[39m
      [36m<aside[39m
        [33maria-label[39m=[32m"主导航"[39m
        [33mclass[39m=[32m"app-header app-sidebar "[39m
      [36m>[39m
        [36m<div[39m
          [33mclass[39m=[32m"brand"[39m
        [36m>[39m
          [36m<div[39m
            [33mclass[39m=[32m"brand-mark"[39m
          [36m>[39m
            [36m<svg[39m
              [33maria-hidden[39m=[32m"true"[39m
              [33mclass[39m=[32m"lucide lucide-book-open-check"[39m
              [33mfill[39m=[32m"none"[39m
              [33mheight[39m=[32m"19"[39m
              [33mstroke[39m=[32m"currentColor"[39m
              [33mstroke-linecap[39m=[32m"round"[39m
              [33mstroke-linejoin[39m=[32m"round"[39m
              [33mstroke-width[39m=[32m"2"[39m
              [33mviewBox[39m=[32m"0 0 24 24"[39m
              [33mwidth[39m=[32m"19"[39m
              [33mxmlns[39m=[32m"http://www.w3.org/2000/svg"[39m
            [36m>[39m
              [36m<path[39m
                [33md[39m=[32m"M12 5v16"[39m
              [36m/>[39m
              [36m<path[39m
                [33md[39m=[32m"m16 12 2 2 4-4"[39m
              [36m/>[39m
              [36m<path[39m
                [33md[39m=[32m"M22 6V5a2 2 0 00-1.999-2L16 3.002A5 5 0 0012 5a5 5 0 00-4-2H4a2 2 0 00-2 2v12a2 2 0 001.999 2H8a5 5 0 014 2 5 5 0 014-2h4.001A2 2 0 0022 17v-1.344"[39m
              [36m/>[39m
            [36m</svg>[39m
          [36m</div>[39m
          [36m<div>[39m
            [36m<strong>[39m
              [0mTradeReview[0m
            [36m</strong>[39m
            [36m<span>[39m
              [0m历史交易复盘[0m
            [36m</span>[39m
          [36m</div>[39m
        [36m</div>[39m
        [36m<button[39m
          [33maria-controls[39m=[32m"primary-navigation"[39m
          [33maria-expanded[39m=[32m"false"[39m
          [33maria-label[39m=[32m"导航"[39m
          [33mclass[39m=[32m"mobile-nav-trigger"[39m
          [33mtype[39m=[32m"button"[39m
        [36m>[39m
          [36m<svg[39m
            [33maria-hidden[39m=[32m"true"[39m
            [33mclass[39m=[32m"lucide lucide-menu"[39m
            [33mfill[39m=[32m"none"[39m
            [33mheight[39m=[32m"18"[39m
            [33mstroke[39m=[32m"currentColor"[39m
            [33mstroke-linecap[39m=[32m"round"[39m
            [33mstroke-linejoin[39m=[32m"round"[39m
            [33mstroke-width[39m=[32m"2"[39m
            [33mviewBox[39m=[32m"0 0 24 24"[39m
            [33mwidth[39m=[32m"18"[39m
            [33mxmlns[39m=[32m"http://www.w3.org/2000/svg"[39m
          [36m>[39m
            [36m<path[39m
              [33md[39m=[32m"M4 5h16"[39m
            [36m/>[39m
            [36m<path[39m
              [33md[39m=[32m"M4 12h16"[39m
            [36m/>[39m
            [36m<path[39m
              [33md[39m=[32m"M4 19h16"[39m
            [36m/>[39m
          [36m</svg>[39m
          [36m<span>[39m
            [0m导航[0m
          [36m</span>[39m
        [36m</button>[39m
        [36m<nav[39m
          [33maria-label[39m=[32m"主导航"[39m
          [33mclass[39m=[32m"app-nav"[39m
          [33mid[39m=[32m"primary-navigation"[39m
        [36m>[39m
          [36m<button[39m
            [33maria-label[39m=[32m"我的交易室"[39m
            [33mclass[39m=[32m""[39m
            [33mtitle[39m=[32m"我的交易室"[39m
            [33mtype[39m=[32m"button"[39m
          [36m>[39m
            [36m<svg[39m
              [33maria-hidden[39m=[32m"true"[39m
              [33mclass[39m=[32m"lucide lucide-layout-dashboard"[39m
              [33mfill[39m=[32m"none"[39m
              [33mheight[39m=[32m"16"[39m
              [33mstroke[39m=[32m"currentColor"[39m
              [33mstroke-linecap[39m=[32m"round"[39m
              [33mstroke-linejoin[39m=[32m"round"[39m
              [33mstroke-width[39m=[32m"2"[39m
              [33mviewBox[39m=[32m"0 0 24 24"[39m
              [33mwidth[39m=[32m"16"[39m
              [33mxmlns[39m=[32m"http://www.w3.org/2000/svg"[39m
            [36m>[39m
              [36m<rect[39m
                [33mheight[39m=[32m"9"[39m
                [33mrx[39m=[32m"1"[39m
                [33mwidth[39m=[32m"7"[39m
                [33mx[39m=[32m"3"[39m
                [33my[39m=[32m"3"[39m
              [36m/>[39m
              [36m<rect[39m
                [33mheight[39m=[32m"5"[39m
                [33mrx[39m=[32m"1"[39m
                [33mwidth[39m=[32m"7"[39m
                [33mx[39m=[32m"14"[39m
                [33my[39m=[32m"3"[39m
              [36m/>[39m
              [36m<rect[39m
                [33mheight[39m=[32m"9"[39m
                [33mrx[39m=[32m"1"[39m
                [33mwidth[39m=[32m"7"[39m
                [33mx[39m=[32m"14"[39m
                [33my[39m=[32m"12"[39m
              [36m/>[39m
              [36m<rect[39m
                [33mheight[39m=[32m"5"[39m
                [33mrx[39m=[32m"1"[39m
                [33mwidth[39m=[32m"7"[39m
                [33mx[39m=[32m"3"[39m
                [33my[39m=[32m"16"[39m
              [36m/>[39m
            [36m</svg>[39m
            [36m<span[39m
              [33mclass[39m=[32m"app-nav-label"[39m
            [36m>[39m
              [0m我的交易室[0m
            [36m</span>[39m
          [36m</button>[39m
          [36m<button[39m
            [33maria-label[39m=[32m"交易库"[39m
            [33mclass[39m=[32m""[39m
            [33mtitle[39m=[32m"交易库"[39m
            [33mtype[39m=[32m"button"[39m
          [36m>[39m
            [36m<svg[39m
              [33maria-hidden[39m=[32m"true"[39m
              [33mclass[39m=[32m"lucide lucide-book-open-check"[39m
              [33mfill[39m=[32m"none"[39m
              [33mheight[39m=[32m"16"[39m
              [33mstroke[39m=[32m"currentColo...

Ignored nodes: comments, script, style
[36m<body>[39m
  [36m<div>[39m
    [36m<main[39m
      [33mclass[39m=[32m"trade-review-app is-review"[39m
    [36m>[39m
      [36m<input[39m
        [33maccept[39m=[32m".xlsx,.xls,.pdf"[39m
        [33maria-label[39m=[32m"导入交易记录"[39m
        [33mhidden[39m=[32m""[39m
        [33mmultiple[39m=[32m""[39m
        [33mtype[39m=[32m"file"[39m
      [36m/>[39m
      [36m<input[39m
        [33maccept[39m=[32m".csv,text/csv"[39m
        [33maria-label[39m=[32m"导入 TradingView 模拟交易"[39m
        [33mhidden[39m=[32m""[39m
        [33mtype[39m=[32m"file"[39m
      [36m/>[39m
      [36m<input[39m
        [33maccept[39m=[32m"image/jpeg,image/png,image/webp,.jpg,.jpeg,.png,.webp"[39m
        [33maria-label[39m=[32m"从截图恢复交易"[39m
        [33mhidden[39m=[32m""[39m
        [33mmultiple[39m=[32m""[39m
        [33mtype[39m=[32m"file"[39m
      [36m/>[39m
      [36m<aside[39m
        [33maria-label[39m=[32m"主导航"[39m
        [33mclass[39m=[32m"app-header app-sidebar "[39m
      [36m>[39m
        [36m<div[39m
          [33mclass[39m=[32m"brand"[39m
        [36m>[39m
          [36m<div[39m
            [33mclass[39m=[32m"brand-mark"[39m
          [36m>[39m
            [36m<svg[39m
              [33maria-hidden[39m=[32m"true"[39m
              [33mclass[39m=[32m"lucide lucide-book-open-check"[39m
              [33mfill[39m=[32m"none"[39m
              [33mheight[39m=[32m"19"[39m
              [33mstroke[39m=[32m"currentColor"[39m
              [33mstroke-linecap[39m=[32m"round"[39m
              [33mstroke-linejoin[39m=[32m"round"[39m
              [33mstroke-width[39m=[32m"2"[39m
              [33mviewBox[39m=[32m"0 0 24 24"[39m
              [33mwidth[39m=[32m"19"[39m
              [33mxmlns[39m=[32m"http://www.w3.org/2000/svg"[39m
            [36m>[39m
              [36m<path[39m
                [33md[39m=[32m"M12 5v16"[39m
              [36m/>[39m
              [36m<path[39m
                [33md[39m=[32m"m16 12 2 2 4-4"[39m
              [36m/>[39m
              [36m<path[39m
                [33md[39m=[32m"M22 6V5a2 2 0 00-1.999-2L16 3.002A5 5 0 0012 5a5 5 0 00-4-2H4a2 2 0 00-2 2v12a2 2 0 001.999 2H8a5 5 0 014 2 5 5 0 014-2h4.001A2 2 0 0022 17v-1.344"[39m
              [36m/>[39m
            [36m</svg>[39m
          [36m</div>[39m
          [36m<div>[39m
            [36m<strong>[39m
              [0mTradeReview[0m
            [36m</strong>[39m
            [36m<span>[39m
              [0m历史交易复盘[0m
            [36m</span>[39m
          [36m</div>[39m
        [36m</div>[39m
        [36m<button[39m
          [33maria-controls[39m=[32m"primary-navigation"[39m
          [33maria-expanded[39m=[32m"false"[39m
          [33maria-label[39m=[32m"导航"[39m
          [33mclass[39m=[32m"mobile-nav-trigger"[39m
          [33mtype[39m=[32m"button"[39m
        [36m>[39m
          [36m<svg[39m
            [33maria-hidden[39m=[32m"true"[39m
            [33mclass[39m=[32m"lucide lucide-menu"[39m
            [33mfill[39m=[32m"none"[39m
            [33mheight[39m=[32m"18"[39m
            [33mstroke[39m=[32m"currentColor"[39m
            [33mstroke-linecap[39m=[32m"round"[39m
            [33mstroke-linejoin[39m=[32m"round"[39m
            [33mstroke-width[39m=[32m"2"[39m
            [33mviewBox[39m=[32m"0 0 24 24"[39m
            [33mwidth[39m=[32m"18"[39m
            [33mxmlns[39m=[32m"http://www.w3.org/2000/svg"[39m
          [36m>[39m
            [36m<path[39m
              [33md[39m=[32m"M4 5h16"[39m
            [36m/>[39m
            [36m<path[39m
              [33md[39m=[32m"M4 12h16"[39m
            [36m/>[39m
            [36m<path[39m
              [33md[39m=[32m"M4 19h16"[39m
            [36m/>[39m
          [36m</svg>[39m
          [36m<span>[39m
            [0m导航[0m
          [36m</span>[39m
        [36m</button>[39m
        [36m<nav[39m
          [33maria-label[39m=[32m"主导航"[39m
          [33mclass[39m=[32m"app-nav"[39m
          [33mid[39m=[32m"primary-navigation"[39m
        [36m>[39m
          [36m<button[39m
            [33maria-label[39m=[32m"我的交易室"[39m
            [33mclass[39m=[32m""[39m
            [33mtitle[39m=[32m"我的交易室"[39m
            [33mtype[39m=[32m"button"[39m
          [36m>[39m
            [36m<svg[39m
              [33maria-hidden[39m=[32m"true"[39m
              [33mclass[39m=[32m"lucide lucide-layout-dashboard"[39m
              [33mfill[39m=[32m"none"[39m
              [33mheight[39m=[32m"16"[39m
              [33mstroke[39m=[32m"currentColor"[39m
              [33mstroke-linecap[39m=[32m"round"[39m
              [33mstroke-linejoin[39m=[32m"round"[39m
              [33mstroke-width[39m=[32m"2"[39m
              [33mviewBox[39m=[32m"0 0 24 24"[39m
              [33mwidth[39m=[32m"16"[39m
              [33mxmlns[39m=[32m"http://www.w3.org/2000/svg"[39m
            [36m>[39m
              [36m<rect[39m
                [33mheight[39m=[32m"9"[39m
                [33mrx[39m=[32m"1"[39m
                [33mwidth[39m=[32m"7"[39m
                [33mx[39m=[32m"3"[39m
                [33my[39m=[32m"3"[39m
              [36m/>[39m
              [36m<rect[39m
                [33mheight[39m=[32m"5"[39m
                [33mrx[39m=[32m"1"[39m
                [33mwidth[39m=[32m"7"[39m
                [33mx[39m=[32m"14"[39m
                [33my[39m=[32m"3"[39m
              [36m/>[39m
              [36m<rect[39m
                [33mheight[39m=[32m"9"[39m
                [33mrx[39m=[32m"1"[39m
                [33mwidth[39m=[32m"7"[39m
                [33mx[39m=[32m"14"[39m
                [33my[39m=[32m"12"[39m
              [36m/>[39m
              [36m<rect[39m
                [33mheight[39m=[32m"5"[39m
                [33mrx[39m=[32m"1"[39m
                [33mwidth[39m=[32m"7"[39m
                [33mx[39m=[32m"3"[39m
                [33my[39m=[32m"16"[39m
              [36m/>[39m
            [36m</svg>[39m
            [36m<span[39m
              [33mclass[39m=[32m"app-nav-label"[39m
            [36m>[39m
              [0m我的交易室[0m
            [36m</span>[39m
          [36m</button>[39m
          [36m<button[39m
            [33maria-label[39m=[32m"交易库"[39m
            [33mclass[39m=[32m""[39m
            [33mtitle[39m=[32m"交易库"[39m
            [33mtype[39m=[32m"button"[39m
          [36m>[39m
            [36m<svg[39m
              [33maria-hidden[39m=[32m"true"[39m
              [33mclass[39m=[32m"lucide lucide-book-open-check"[39m
              [33mfill[39m=[32m"none"[39m
              [33mheight[39m=[32m"16"[39m
              [33mstroke[39m=[32m"currentColo...
 ❯ waitForWrapper node_modules/@testing-library/dom/dist/wait-for.js:163:27
 ❯ node_modules/@testing-library/dom/dist/query-helpers.js:86:33
 ❯ app/components/trade-review-workspace.test.tsx:4467:18
    4465|
    4466|     render(<TradeReviewWorkspace initialFrame={initialFrame} />);
    4467|     await screen.findByRole("option", { name: /第 2 次/ });
       |                  ^
    4468|     await waitFor(() =>
    4469|       expect(

⎯⎯⎯⎯⎯⎯⎯⎯⎯⎯⎯⎯⎯⎯⎯⎯⎯⎯⎯⎯⎯⎯[36/39]⎯

 FAIL  app/components/trade-review-workspace.test.tsx > TradeReviewWorkspace > retains alternate simulation runs when the complete room changes its shared scope
Error: Test timed out in 5000ms.
If this is a long-running test, pass a timeout value as the last argument or configure it globally with "testTimeout".
 ❯ app/components/trade-review-workspace.test.tsx:5161:3
    5159|   });
    5160|
    5161|   it("retains alternate simulation runs when the complete room changes…
       |   ^
    5162|     const user = userEvent.setup();
    5163|     const executions: TradeExecution[] = ["run-a", "run-b"].flatMap((r…

⎯⎯⎯⎯⎯⎯⎯⎯⎯⎯⎯⎯⎯⎯⎯⎯⎯⎯⎯⎯⎯⎯[37/39]⎯

 FAIL  app/components/trade-review-workspace.test.tsx > TradeReviewWorkspace > returns to the trading room with its filters, period, and calendar view after opening a holding review
TestingLibraryElementError: Unable to find a label with the text of: 图表工具栏

Ignored nodes: comments, script, style
[36m<body>[39m
  [36m<div>[39m
    [36m<main[39m
      [33mclass[39m=[32m"trade-review-app is-review"[39m
    [36m>[39m
      [36m<input[39m
        [33maccept[39m=[32m".xlsx,.xls,.pdf"[39m
        [33maria-label[39m=[32m"导入交易记录"[39m
        [33mhidden[39m=[32m""[39m
        [33mmultiple[39m=[32m""[39m
        [33mtype[39m=[32m"file"[39m
      [36m/>[39m
      [36m<input[39m
        [33maccept[39m=[32m".csv,text/csv"[39m
        [33maria-label[39m=[32m"导入 TradingView 模拟交易"[39m
        [33mhidden[39m=[32m""[39m
        [33mtype[39m=[32m"file"[39m
      [36m/>[39m
      [36m<input[39m
        [33maccept[39m=[32m"image/jpeg,image/png,image/webp,.jpg,.jpeg,.png,.webp"[39m
        [33maria-label[39m=[32m"从截图恢复交易"[39m
        [33mhidden[39m=[32m""[39m
        [33mmultiple[39m=[32m""[39m
        [33mtype[39m=[32m"file"[39m
      [36m/>[39m
      [36m<aside[39m
        [33maria-label[39m=[32m"主导航"[39m
        [33mclass[39m=[32m"app-header app-sidebar "[39m
      [36m>[39m
        [36m<div[39m
          [33mclass[39m=[32m"brand"[39m
        [36m>[39m
          [36m<div[39m
            [33mclass[39m=[32m"brand-mark"[39m
          [36m>[39m
            [36m<svg[39m
              [33maria-hidden[39m=[32m"true"[39m
              [33mclass[39m=[32m"lucide lucide-book-open-check"[39m
              [33mfill[39m=[32m"none"[39m
              [33mheight[39m=[32m"19"[39m
              [33mstroke[39m=[32m"currentColor"[39m
              [33mstroke-linecap[39m=[32m"round"[39m
              [33mstroke-linejoin[39m=[32m"round"[39m
              [33mstroke-width[39m=[32m"2"[39m
              [33mviewBox[39m=[32m"0 0 24 24"[39m
              [33mwidth[39m=[32m"19"[39m
              [33mxmlns[39m=[32m"http://www.w3.org/2000/svg"[39m
            [36m>[39m
              [36m<path[39m
                [33md[39m=[32m"M12 5v16"[39m
              [36m/>[39m
              [36m<path[39m
                [33md[39m=[32m"m16 12 2 2 4-4"[39m
              [36m/>[39m
              [36m<path[39m
                [33md[39m=[32m"M22 6V5a2 2 0 00-1.999-2L16 3.002A5 5 0 0012 5a5 5 0 00-4-2H4a2 2 0 00-2 2v12a2 2 0 001.999 2H8a5 5 0 014 2 5 5 0 014-2h4.001A2 2 0 0022 17v-1.344"[39m
              [36m/>[39m
            [36m</svg>[39m
          [36m</div>[39m
          [36m<div>[39m
            [36m<strong>[39m
              [0mTradeReview[0m
            [36m</strong>[39m
            [36m<span>[39m
              [0m历史交易复盘[0m
            [36m</span>[39m
          [36m</div>[39m
        [36m</div>[39m
        [36m<button[39m
          [33maria-controls[39m=[32m"primary-navigation"[39m
          [33maria-expanded[39m=[32m"false"[39m
          [33maria-label[39m=[32m"导航"[39m
          [33mclass[39m=[32m"mobile-nav-trigger"[39m
          [33mtype[39m=[32m"button"[39m
        [36m>[39m
          [36m<svg[39m
            [33maria-hidden[39m=[32m"true"[39m
            [33mclass[39m=[32m"lucide lucide-menu"[39m
            [33mfill[39m=[32m"none"[39m
            [33mheight[39m=[32m"18"[39m
            [33mstroke[39m=[32m"currentColor"[39m
            [33mstroke-linecap[39m=[32m"round"[39m
            [33mstroke-linejoin[39m=[32m"round"[39m
            [33mstroke-width[39m=[32m"2"[39m
            [33mviewBox[39m=[32m"0 0 24 24"[39m
            [33mwidth[39m=[32m"18"[39m
            [33mxmlns[39m=[32m"http://www.w3.org/2000/svg"[39m
          [36m>[39m
            [36m<path[39m
              [33md[39m=[32m"M4 5h16"[39m
            [36m/>[39m
            [36m<path[39m
              [33md[39m=[32m"M4 12h16"[39m
            [36m/>[39m
            [36m<path[39m
              [33md[39m=[32m"M4 19h16"[39m
            [36m/>[39m
          [36m</svg>[39m
          [36m<span>[39m
            [0m导航[0m
          [36m</span>[39m
        [36m</button>[39m
        [36m<nav[39m
          [33maria-label[39m=[32m"主导航"[39m
          [33mclass[39m=[32m"app-nav"[39m
          [33mid[39m=[32m"primary-navigation"[39m
        [36m>[39m
          [36m<button[39m
            [33maria-label[39m=[32m"我的交易室"[39m
            [33mclass[39m=[32m""[39m
            [33mtitle[39m=[32m"我的交易室"[39m
            [33mtype[39m=[32m"button"[39m
          [36m>[39m
            [36m<svg[39m
              [33maria-hidden[39m=[32m"true"[39m
              [33mclass[39m=[32m"lucide lucide-layout-dashboard"[39m
              [33mfill[39m=[32m"none"[39m
              [33mheight[39m=[32m"16"[39m
              [33mstroke[39m=[32m"currentColor"[39m
              [33mstroke-linecap[39m=[32m"round"[39m
              [33mstroke-linejoin[39m=[32m"round"[39m
              [33mstroke-width[39m=[32m"2"[39m
              [33mviewBox[39m=[32m"0 0 24 24"[39m
              [33mwidth[39m=[32m"16"[39m
              [33mxmlns[39m=[32m"http://www.w3.org/2000/svg"[39m
            [36m>[39m
              [36m<rect[39m
                [33mheight[39m=[32m"9"[39m
                [33mrx[39m=[32m"1"[39m
                [33mwidth[39m=[32m"7"[39m
                [33mx[39m=[32m"3"[39m
                [33my[39m=[32m"3"[39m
              [36m/>[39m
              [36m<rect[39m
                [33mheight[39m=[32m"5"[39m
                [33mrx[39m=[32m"1"[39m
                [33mwidth[39m=[32m"7"[39m
                [33mx[39m=[32m"14"[39m
                [33my[39m=[32m"3"[39m
              [36m/>[39m
              [36m<rect[39m
                [33mheight[39m=[32m"9"[39m
                [33mrx[39m=[32m"1"[39m
                [33mwidth[39m=[32m"7"[39m
                [33mx[39m=[32m"14"[39m
                [33my[39m=[32m"12"[39m
              [36m/>[39m
              [36m<rect[39m
                [33mheight[39m=[32m"5"[39m
                [33mrx[39m=[32m"1"[39m
                [33mwidth[39m=[32m"7"[39m
                [33mx[39m=[32m"3"[39m
                [33my[39m=[32m"16"[39m
              [36m/>[39m
            [36m</svg>[39m
            [36m<span[39m
              [33mclass[39m=[32m"app-nav-label"[39m
            [36m>[39m
              [0m我的交易室[0m
            [36m</span>[39m
          [36m</button>[39m
          [36m<button[39m
            [33maria-label[39m=[32m"交易库"[39m
            [33mclass[39m=[32m""[39m
            [33mtitle[39m=[32m"交易库"[39m
            [33mtype[39m=[32m"button"[39m
          [36m>[39m
            [36m<svg[39m
              [33maria-hidden[39m=[32m"true"[39m
              [33mclass[39m=[32m"lucide lucide-book-open-check"[39m
              [33mfill[39m=[32m"none"[39m
              [33mheight[39m=[32m"16"[39m
              [33mstroke[39m=[32m"currentColo...

Ignored nodes: comments, script, style
[36m<body>[39m
  [36m<div>[39m
    [36m<main[39m
      [33mclass[39m=[32m"trade-review-app is-review"[39m
    [36m>[39m
      [36m<input[39m
        [33maccept[39m=[32m".xlsx,.xls,.pdf"[39m
        [33maria-label[39m=[32m"导入交易记录"[39m
        [33mhidden[39m=[32m""[39m
        [33mmultiple[39m=[32m""[39m
        [33mtype[39m=[32m"file"[39m
      [36m/>[39m
      [36m<input[39m
        [33maccept[39m=[32m".csv,text/csv"[39m
        [33maria-label[39m=[32m"导入 TradingView 模拟交易"[39m
        [33mhidden[39m=[32m""[39m
        [33mtype[39m=[32m"file"[39m
      [36m/>[39m
      [36m<input[39m
        [33maccept[39m=[32m"image/jpeg,image/png,image/webp,.jpg,.jpeg,.png,.webp"[39m
        [33maria-label[39m=[32m"从截图恢复交易"[39m
        [33mhidden[39m=[32m""[39m
        [33mmultiple[39m=[32m""[39m
        [33mtype[39m=[32m"file"[39m
      [36m/>[39m
      [36m<aside[39m
        [33maria-label[39m=[32m"主导航"[39m
        [33mclass[39m=[32m"app-header app-sidebar "[39m
      [36m>[39m
        [36m<div[39m
          [33mclass[39m=[32m"brand"[39m
        [36m>[39m
          [36m<div[39m
            [33mclass[39m=[32m"brand-mark"[39m
          [36m>[39m
            [36m<svg[39m
              [33maria-hidden[39m=[32m"true"[39m
              [33mclass[39m=[32m"lucide lucide-book-open-check"[39m
              [33mfill[39m=[32m"none"[39m
              [33mheight[39m=[32m"19"[39m
              [33mstroke[39m=[32m"currentColor"[39m
              [33mstroke-linecap[39m=[32m"round"[39m
              [33mstroke-linejoin[39m=[32m"round"[39m
              [33mstroke-width[39m=[32m"2"[39m
              [33mviewBox[39m=[32m"0 0 24 24"[39m
              [33mwidth[39m=[32m"19"[39m
              [33mxmlns[39m=[32m"http://www.w3.org/2000/svg"[39m
            [36m>[39m
              [36m<path[39m
                [33md[39m=[32m"M12 5v16"[39m
              [36m/>[39m
              [36m<path[39m
                [33md[39m=[32m"m16 12 2 2 4-4"[39m
              [36m/>[39m
              [36m<path[39m
                [33md[39m=[32m"M22 6V5a2 2 0 00-1.999-2L16 3.002A5 5 0 0012 5a5 5 0 00-4-2H4a2 2 0 00-2 2v12a2 2 0 001.999 2H8a5 5 0 014 2 5 5 0 014-2h4.001A2 2 0 0022 17v-1.344"[39m
              [36m/>[39m
            [36m</svg>[39m
          [36m</div>[39m
          [36m<div>[39m
            [36m<strong>[39m
              [0mTradeReview[0m
            [36m</strong>[39m
            [36m<span>[39m
              [0m历史交易复盘[0m
            [36m</span>[39m
          [36m</div>[39m
        [36m</div>[39m
        [36m<button[39m
          [33maria-controls[39m=[32m"primary-navigation"[39m
          [33maria-expanded[39m=[32m"false"[39m
          [33maria-label[39m=[32m"导航"[39m
          [33mclass[39m=[32m"mobile-nav-trigger"[39m
          [33mtype[39m=[32m"button"[39m
        [36m>[39m
          [36m<svg[39m
            [33maria-hidden[39m=[32m"true"[39m
            [33mclass[39m=[32m"lucide lucide-menu"[39m
            [33mfill[39m=[32m"none"[39m
            [33mheight[39m=[32m"18"[39m
            [33mstroke[39m=[32m"currentColor"[39m
            [33mstroke-linecap[39m=[32m"round"[39m
            [33mstroke-linejoin[39m=[32m"round"[39m
            [33mstroke-width[39m=[32m"2"[39m
            [33mviewBox[39m=[32m"0 0 24 24"[39m
            [33mwidth[39m=[32m"18"[39m
            [33mxmlns[39m=[32m"http://www.w3.org/2000/svg"[39m
          [36m>[39m
            [36m<path[39m
              [33md[39m=[32m"M4 5h16"[39m
            [36m/>[39m
            [36m<path[39m
              [33md[39m=[32m"M4 12h16"[39m
            [36m/>[39m
            [36m<path[39m
              [33md[39m=[32m"M4 19h16"[39m
            [36m/>[39m
          [36m</svg>[39m
          [36m<span>[39m
            [0m导航[0m
          [36m</span>[39m
        [36m</button>[39m
        [36m<nav[39m
          [33maria-label[39m=[32m"主导航"[39m
          [33mclass[39m=[32m"app-nav"[39m
          [33mid[39m=[32m"primary-navigation"[39m
        [36m>[39m
          [36m<button[39m
            [33maria-label[39m=[32m"我的交易室"[39m
            [33mclass[39m=[32m""[39m
            [33mtitle[39m=[32m"我的交易室"[39m
            [33mtype[39m=[32m"button"[39m
          [36m>[39m
            [36m<svg[39m
              [33maria-hidden[39m=[32m"true"[39m
              [33mclass[39m=[32m"lucide lucide-layout-dashboard"[39m
              [33mfill[39m=[32m"none"[39m
              [33mheight[39m=[32m"16"[39m
              [33mstroke[39m=[32m"currentColor"[39m
              [33mstroke-linecap[39m=[32m"round"[39m
              [33mstroke-linejoin[39m=[32m"round"[39m
              [33mstroke-width[39m=[32m"2"[39m
              [33mviewBox[39m=[32m"0 0 24 24"[39m
              [33mwidth[39m=[32m"16"[39m
              [33mxmlns[39m=[32m"http://www.w3.org/2000/svg"[39m
            [36m>[39m
              [36m<rect[39m
                [33mheight[39m=[32m"9"[39m
                [33mrx[39m=[32m"1"[39m
                [33mwidth[39m=[32m"7"[39m
                [33mx[39m=[32m"3"[39m
                [33my[39m=[32m"3"[39m
              [36m/>[39m
              [36m<rect[39m
                [33mheight[39m=[32m"5"[39m
                [33mrx[39m=[32m"1"[39m
                [33mwidth[39m=[32m"7"[39m
                [33mx[39m=[32m"14"[39m
                [33my[39m=[32m"3"[39m
              [36m/>[39m
              [36m<rect[39m
                [33mheight[39m=[32m"9"[39m
                [33mrx[39m=[32m"1"[39m
                [33mwidth[39m=[32m"7"[39m
                [33mx[39m=[32m"14"[39m
                [33my[39m=[32m"12"[39m
              [36m/>[39m
              [36m<rect[39m
                [33mheight[39m=[32m"5"[39m
                [33mrx[39m=[32m"1"[39m
                [33mwidth[39m=[32m"7"[39m
                [33mx[39m=[32m"3"[39m
                [33my[39m=[32m"16"[39m
              [36m/>[39m
            [36m</svg>[39m
            [36m<span[39m
              [33mclass[39m=[32m"app-nav-label"[39m
            [36m>[39m
              [0m我的交易室[0m
            [36m</span>[39m
          [36m</button>[39m
          [36m<button[39m
            [33maria-label[39m=[32m"交易库"[39m
            [33mclass[39m=[32m""[39m
            [33mtitle[39m=[32m"交易库"[39m
            [33mtype[39m=[32m"button"[39m
          [36m>[39m
            [36m<svg[39m
              [33maria-hidden[39m=[32m"true"[39m
              [33mclass[39m=[32m"lucide lucide-book-open-check"[39m
              [33mfill[39m=[32m"none"[39m
              [33mheight[39m=[32m"16"[39m
              [33mstroke[39m=[32m"currentColo...
 ❯ waitForWrapper node_modules/@testing-library/dom/dist/wait-for.js:163:27
 ❯ node_modules/@testing-library/dom/dist/query-helpers.js:86:33
 ❯ app/components/trade-review-workspace.test.tsx:5310:18
    5308|     await within(holdings).findByText("1 个未平仓回合");
    5309|     await user.click(within(holdings).getByRole("button", { name: "打开持…
    5310|     await screen.findByLabelText("图表工具栏");
       |                  ^
    5311|     await user.click(screen.getByRole("button", { name: "我的交易室" }));
    5312|

⎯⎯⎯⎯⎯⎯⎯⎯⎯⎯⎯⎯⎯⎯⎯⎯⎯⎯⎯⎯⎯⎯[38/39]⎯

 FAIL  app/lib/reviews/trading-room-holdings.test.ts > trading room holdings model > falls through invalid source dates before applying the market calendar fallback
AssertionError: expected { …(30) } to match object { quoteStatus: 'available', …(1) }
(48 matching properties omitted from actual)

- Expected
+ Received

  {
-   "quoteStatus": "available",
-   "unrealizedPnlStatus": "available",
+   "quoteStatus": "stale",
+   "unrealizedPnlStatus": "stale",
  }

 ❯ app/lib/reviews/trading-room-holdings.test.ts:521:27
    519|     });
    520|
    521|     expect(model.rows[0]).toMatchObject({ quoteStatus: "available", un…
       |                           ^
    522|   });
    523|

⎯⎯⎯⎯⎯⎯⎯⎯⎯⎯⎯⎯⎯⎯⎯⎯⎯⎯⎯⎯⎯⎯[39/39]⎯


 Test Files  3 failed | 316 passed | 3 skipped (322)
      Tests  39 failed | 3025 passed | 6 skipped (3070)
   Start at  09:35:49
   Duration  257.84s (transform 25.54s, setup 119.17s, import 88.40s, tests 707.47s, environment 670.27s)

