
> trade-reviewer@0.1.0 test:unit
> vitest run


 RUN  v4.1.10 /Users/zhoulin/.codex/worktrees/afc8/TradeReview

(node:13602) [DEP0205] DeprecationWarning: `module.register()` is deprecated. Use `module.registerHooks()` instead.
(Use `node --trace-deprecation ...` to show where the warning was created)
 ❯ app/lib/reviews/trading-room-holdings.test.ts (30 tests | 1 failed) 217ms
     × falls through invalid source dates before applying the market calendar fallback 52ms
 ❯ app/components/trade-review-workspace.refresh.test.tsx (8 tests | 4 failed) 34572ms
     × cancels a running batch, persists a terminal job, and waits before the next batch 5213ms
     × refreshes the global saved summary after a single instrument update 5226ms
     × refreshes the global failure summary and details after a single hard failure 5222ms
     × keeps a running global batch in control when a single refresh is requested 5407ms
 ❯ app/components/trade-review-workspace.import-flow.test.tsx (33 tests | 3 failed) 75893ms
     × refreshes metadata without blocking cached candles when metadata is unresolved 1331ms
     × applies a refreshed canonical name to every execution and keeps it after candle failure and reload 1750ms
     × merges a deferred metadata name with an overlapping import confirmation without losing either 2019ms
 ❯ app/components/library/trade-library.acceptance.test.tsx (4 tests | 1 failed) 16724ms
     × resets both page cursors when scope, sort, or reset changes 5473ms
 ❯ app/components/dashboard/review-dashboard.test.tsx (42 tests | 2 failed) 101708ms
   × reactively bounds all observation history by selected account, nature/run and refreshed entries 7812ms
   × restores only applied dashboard filters and statistics period after a reload, then keeps reset cleared 9875ms
 ❯ app/components/trade-review-workspace.recall-bridge.test.tsx (3 tests | 3 failed) 6695ms
     × uses only successful saved status, keeps drafts pending and restores persisted completion on remount 2514ms
     × quietly tolerates unavailable summaries and preserves saved state on failed dashboard refresh 2138ms
     × does not let a slow dashboard refresh overwrite a newly saved completion 2039ms
 ❯ app/lib/storage/storage-boundary.test.tsx (4 tests | 1 failed) 9104ms
     × persists an imported trade and chart settings through SQLite without legacy browser writes 5330ms
 ❯ scripts/deploy.test.mjs (58 tests | 3 failed) 126148ms
     × publishes a checked backup and applies config retention only to safe backup pairs 5020ms
     × restores a checked database through an atomic swap and returns healthy 15003ms
     × runs deployed operational Make targets from the target root 5003ms
 ❯ app/components/trade-review-workspace.test.tsx (91 tests | 47 failed) 330137ms
     × uses one shared primary navigation and reuses it from the narrow-screen menu 5073ms
     × returns notification reviews to their real analysis and data sources 5267ms
     × keeps imported review actions in the Recall frame without a duplicate page header 4917ms
     × keeps Recall header actions wired to data management, repair, and return navigation 5255ms
     × keeps the parent review mounted until a failed navigation save is retried successfully 4702ms
     × keeps a successful typed save observable when summary refresh fails, then retries with reads only 5201ms
     × keeps the saved fact and read-only retry after repeated summary failures 5629ms
     × drops a late save and summary failure after an actual caller scope A-B-A switch 5342ms
     × keeps a typed draft after a caller CAS conflict and saves again only after explicit reload 5981ms
     × opens production in the queue and stays on a rejected completion 5291ms
     × gold replay does not reveal the sale before the first bar is played 1675ms
     × gold replay explains missing historical bars when stepping its first available day 5196ms
     × gold replay keeps cached historical bars before and after its first step 5148ms
     × gold replay repairs the previously saved empty-chart entry cursor 5616ms
     × gold replay preserves saved progress after its first completed bar 5460ms
     × does not advance the training cursor when the target timeframe has no known candle yet 5492ms
     × keeps an actual parent timeframe change in Recall's saved working graph 8376ms
     × gold replay next execution lands on a market-open fill rather than the first bar close 5521ms
     × restores the prior sidebar layout after focusing the chart without changing the cursor 5044ms
     × supplements only the selected stock account and retries the same audited request 6070ms
     × does not re-read every instrument market cache when metadata hydration updates presentation 5072ms
     × keeps saved intraday replay state pending until lazy data settles 5479ms
     × does not label daily-only partial coverage as overall market data availability 5557ms
     × marks a short hourly cache as updatable even when daily data is absent 5292ms
     × does not block the selected replay on another stock's market data 5469ms
     × keeps a persisted hourly provider failure visible when no cache exists 5841ms
     × preserves the review timeframe and cursor while top navigation re-enters training mode 4957ms
     × retains a Recall drawing draft per episode and gates completion until a snapshot exists 5206ms
     × keeps the latest Recall drawing draft while completion is gated 5683ms
     × does not use candles before the bounded pre-entry context 1102ms
     × does not describe confirmed grey-market trades as a regular-market history gap 5284ms
     × shows all daily history by default and explains trades before the first candle 4997ms
     × scopes Recall history and replay to the selected episode 5110ms
     × starts before entry and advances to the first known candle when history begins after the trade 5103ms
     × refreshes every trade episode regardless of the selected episode 5255ms
     × uses META as the market-data symbol for historical FB trades 5248ms
     × keeps the library chart available after a cancelled import with failed market refresh 5310ms
     × keeps library context through a confirmed import with failed market refresh 5250ms
     × opens a library queue entry directly in the shared history workbench 5392ms
     × keeps complete-history executions within the selected account 5329ms
     × automatically syncs all episodes after importing a later episode 5236ms
     × automatically syncs all episodes when an import closes and opens positions 5079ms
     × uses the unified replay workspace for a cached imported episode 5487ms
     × exposes Recall snapshot controls for daily-only data 2093ms
     × returns to the trading room with its filters, period, and calendar view after opening a holding review 4555ms
     × returns to the library with its expanded stock context after opening a library round 4774ms
     × opens stock entries in the shared workbench and preserves library browsing state 5132ms

⎯⎯⎯⎯⎯⎯ Failed Tests 65 ⎯⎯⎯⎯⎯⎯⎯

 FAIL  scripts/deploy.test.mjs > SQLite operations > publishes a checked backup and applies config retention only to safe backup pairs
Error: Test timed out in 5000ms.
If this is a long-running test, pass a timeout value as the last argument or configure it globally with "testTimeout".
 ❯ scripts/deploy.test.mjs:417:7
    415|   });
    416|
    417|   test("publishes a checked backup and applies config retention only t…
       |       ^
    418|     const fixture = await createSqliteOperationalSandbox();
    419|     const backupsDir = join(fixture.targetDir, "data", "backups");

⎯⎯⎯⎯⎯⎯⎯⎯⎯⎯⎯⎯⎯⎯⎯⎯⎯⎯⎯⎯⎯⎯⎯[1/65]⎯

 FAIL  scripts/deploy.test.mjs > SQLite operations > restores a checked database through an atomic swap and returns healthy
Error: Test timed out in 15000ms.
If this is a long-running test, pass a timeout value as the last argument or configure it globally with "testTimeout".
 ❯ scripts/deploy.test.mjs:574:7
    572|   }, 15_000);
    573|
    574|   test("restores a checked database through an atomic swap and returns…
       |       ^
    575|     const fixture = await createSqliteOperationalSandbox();
    576|     const restorePath = join(fixture.sandbox, "restore.sqlite");

⎯⎯⎯⎯⎯⎯⎯⎯⎯⎯⎯⎯⎯⎯⎯⎯⎯⎯⎯⎯⎯⎯⎯[2/65]⎯

 FAIL  scripts/deploy.test.mjs > deployment filesystem integration > runs deployed operational Make targets from the target root
Error: Test timed out in 5000ms.
If this is a long-running test, pass a timeout value as the last argument or configure it globally with "testTimeout".
 ❯ scripts/deploy.test.mjs:1777:7
    1775|   });
    1776|
    1777|   test("runs deployed operational Make targets from the target root", …
       |       ^
    1778|     const sandbox = await mkdtemp(join(tmpdir(), "tradereview-target-m…
    1779|     const sourceDir = join(sandbox, "source");

⎯⎯⎯⎯⎯⎯⎯⎯⎯⎯⎯⎯⎯⎯⎯⎯⎯⎯⎯⎯⎯⎯⎯[3/65]⎯

 FAIL  app/components/trade-review-workspace.import-flow.test.tsx > TradeReviewWorkspace > refreshes metadata without blocking cached candles when metadata is unresolved
TestingLibraryElementError: Unable to find a label with the text of: 图表工具栏

Ignored nodes: comments, script, style
[36m<body>[39m
  [36m<div>[39m
    [36m<main[39m
      [33mclass[39m=[32m"trade-review-app is-review"[39m
    [36m>[39m
      [36m<input[39m
        [33maccept[39m=[32m".xlsx,.xls,.pdf"[39m
        [33maria-label[39m=[32m"导入交易记录"[39m
        [33mhidden[39m=[32m""[39m
        [33mmultiple[39m=[32m""[39m
        [33mtype[39m=[32m"file"[39m
      [36m/>[39m
      [36m<input[39m
        [33maccept[39m=[32m".csv,text/csv"[39m
        [33maria-label[39m=[32m"导入 TradingView 模拟交易"[39m
        [33mhidden[39m=[32m""[39m
        [33mtype[39m=[32m"file"[39m
      [36m/>[39m
      [36m<input[39m
        [33maccept[39m=[32m"image/jpeg,image/png,image/webp,.jpg,.jpeg,.png,.webp"[39m
        [33maria-label[39m=[32m"从截图恢复交易"[39m
        [33mhidden[39m=[32m""[39m
        [33mmultiple[39m=[32m""[39m
        [33mtype[39m=[32m"file"[39m
      [36m/>[39m
      [36m<aside[39m
        [33maria-label[39m=[32m"主导航"[39m
        [33mclass[39m=[32m"app-header app-sidebar "[39m
      [36m>[39m
        [36m<div[39m
          [33mclass[39m=[32m"brand"[39m
        [36m>[39m
          [36m<div[39m
            [33mclass[39m=[32m"brand-mark"[39m
          [36m>[39m
            [36m<svg[39m
              [33maria-hidden[39m=[32m"true"[39m
              [33mclass[39m=[32m"lucide lucide-book-open-check"[39m
              [33mfill[39m=[32m"none"[39m
              [33mheight[39m=[32m"19"[39m
              [33mstroke[39m=[32m"currentColor"[39m
              [33mstroke-linecap[39m=[32m"round"[39m
              [33mstroke-linejoin[39m=[32m"round"[39m
              [33mstroke-width[39m=[32m"2"[39m
              [33mviewBox[39m=[32m"0 0 24 24"[39m
              [33mwidth[39m=[32m"19"[39m
              [33mxmlns[39m=[32m"http://www.w3.org/2000/svg"[39m
            [36m>[39m
              [36m<path[39m
                [33md[39m=[32m"M12 5v16"[39m
              [36m/>[39m
              [36m<path[39m
                [33md[39m=[32m"m16 12 2 2 4-4"[39m
              [36m/>[39m
              [36m<path[39m
                [33md[39m=[32m"M22 6V5a2 2 0 00-1.999-2L16 3.002A5 5 0 0012 5a5 5 0 00-4-2H4a2 2 0 00-2 2v12a2 2 0 001.999 2H8a5 5 0 014 2 5 5 0 014-2h4.001A2 2 0 0022 17v-1.344"[39m
              [36m/>[39m
            [36m</svg>[39m
          [36m</div>[39m
          [36m<div>[39m
            [36m<strong>[39m
              [0mTradeReview[0m
            [36m</strong>[39m
            [36m<span>[39m
              [0m历史交易复盘[0m
            [36m</span>[39m
          [36m</div>[39m
        [36m</div>[39m
        [36m<button[39m
          [33maria-controls[39m=[32m"primary-navigation"[39m
          [33maria-expanded[39m=[32m"false"[39m
          [33maria-label[39m=[32m"导航"[39m
          [33mclass[39m=[32m"mobile-nav-trigger"[39m
          [33mtype[39m=[32m"button"[39m
        [36m>[39m
          [36m<svg[39m
            [33maria-hidden[39m=[32m"true"[39m
            [33mclass[39m=[32m"lucide lucide-menu"[39m
            [33mfill[39m=[32m"none"[39m
            [33mheight[39m=[32m"18"[39m
            [33mstroke[39m=[32m"currentColor"[39m
            [33mstroke-linecap[39m=[32m"round"[39m
            [33mstroke-linejoin[39m=[32m"round"[39m
            [33mstroke-width[39m=[32m"2"[39m
            [33mviewBox[39m=[32m"0 0 24 24"[39m
            [33mwidth[39m=[32m"18"[39m
            [33mxmlns[39m=[32m"http://www.w3.org/2000/svg"[39m
          [36m>[39m
            [36m<path[39m
              [33md[39m=[32m"M4 5h16"[39m
            [36m/>[39m
            [36m<path[39m
              [33md[39m=[32m"M4 12h16"[39m
            [36m/>[39m
            [36m<path[39m
              [33md[39m=[32m"M4 19h16"[39m
            [36m/>[39m
          [36m</svg>[39m
          [36m<span>[39m
            [0m导航[0m
          [36m</span>[39m
        [36m</button>[39m
        [36m<nav[39m
          [33maria-label[39m=[32m"主导航"[39m
          [33mclass[39m=[32m"app-nav"[39m
          [33mid[39m=[32m"primary-navigation"[39m
        [36m>[39m
          [36m<button[39m
            [33maria-label[39m=[32m"我的交易室"[39m
            [33mclass[39m=[32m""[39m
            [33mtitle[39m=[32m"我的交易室"[39m
            [33mtype[39m=[32m"button"[39m
          [36m>[39m
            [36m<svg[39m
              [33maria-hidden[39m=[32m"true"[39m
              [33mclass[39m=[32m"lucide lucide-layout-dashboard"[39m
              [33mfill[39m=[32m"none"[39m
              [33mheight[39m=[32m"16"[39m
              [33mstroke[39m=[32m"currentColor"[39m
              [33mstroke-linecap[39m=[32m"round"[39m
              [33mstroke-linejoin[39m=[32m"round"[39m
              [33mstroke-width[39m=[32m"2"[39m
              [33mviewBox[39m=[32m"0 0 24 24"[39m
              [33mwidth[39m=[32m"16"[39m
              [33mxmlns[39m=[32m"http://www.w3.org/2000/svg"[39m
            [36m>[39m
              [36m<rect[39m
                [33mheight[39m=[32m"9"[39m
                [33mrx[39m=[32m"1"[39m
                [33mwidth[39m=[32m"7"[39m
                [33mx[39m=[32m"3"[39m
                [33my[39m=[32m"3"[39m
              [36m/>[39m
              [36m<rect[39m
                [33mheight[39m=[32m"5"[39m
                [33mrx[39m=[32m"1"[39m
                [33mwidth[39m=[32m"7"[39m
                [33mx[39m=[32m"14"[39m
                [33my[39m=[32m"3"[39m
              [36m/>[39m
              [36m<rect[39m
                [33mheight[39m=[32m"9"[39m
                [33mrx[39m=[32m"1"[39m
                [33mwidth[39m=[32m"7"[39m
                [33mx[39m=[32m"14"[39m
                [33my[39m=[32m"12"[39m
              [36m/>[39m
              [36m<rect[39m
                [33mheight[39m=[32m"5"[39m
                [33mrx[39m=[32m"1"[39m
                [33mwidth[39m=[32m"7"[39m
                [33mx[39m=[32m"3"[39m
                [33my[39m=[32m"16"[39m
              [36m/>[39m
            [36m</svg>[39m
            [36m<span[39m
              [33mclass[39m=[32m"app-nav-label"[39m
            [36m>[39m
              [0m我的交易室[0m
            [36m</span>[39m
          [36m</button>[39m
          [36m<button[39m
            [33maria-label[39m=[32m"交易库"[39m
            [33mclass[39m=[32m""[39m
            [33mtitle[39m=[32m"交易库"[39m
            [33mtype[39m=[32m"button"[39m
          [36m>[39m
            [36m<svg[39m
              [33maria-hidden[39m=[32m"true"[39m
              [33mclass[39m=[32m"lucide lucide-book-open-check"[39m
              [33mfill[39m=[32m"none"[39m
              [33mheight[39m=[32m"16"[39m
              [33mstroke[39m=[32m"currentColo...

Ignored nodes: comments, script, style
[36m<body>[39m
  [36m<div>[39m
    [36m<main[39m
      [33mclass[39m=[32m"trade-review-app is-review"[39m
    [36m>[39m
      [36m<input[39m
        [33maccept[39m=[32m".xlsx,.xls,.pdf"[39m
        [33maria-label[39m=[32m"导入交易记录"[39m
        [33mhidden[39m=[32m""[39m
        [33mmultiple[39m=[32m""[39m
        [33mtype[39m=[32m"file"[39m
      [36m/>[39m
      [36m<input[39m
        [33maccept[39m=[32m".csv,text/csv"[39m
        [33maria-label[39m=[32m"导入 TradingView 模拟交易"[39m
        [33mhidden[39m=[32m""[39m
        [33mtype[39m=[32m"file"[39m
      [36m/>[39m
      [36m<input[39m
        [33maccept[39m=[32m"image/jpeg,image/png,image/webp,.jpg,.jpeg,.png,.webp"[39m
        [33maria-label[39m=[32m"从截图恢复交易"[39m
        [33mhidden[39m=[32m""[39m
        [33mmultiple[39m=[32m""[39m
        [33mtype[39m=[32m"file"[39m
      [36m/>[39m
      [36m<aside[39m
        [33maria-label[39m=[32m"主导航"[39m
        [33mclass[39m=[32m"app-header app-sidebar "[39m
      [36m>[39m
        [36m<div[39m
          [33mclass[39m=[32m"brand"[39m
        [36m>[39m
          [36m<div[39m
            [33mclass[39m=[32m"brand-mark"[39m
          [36m>[39m
            [36m<svg[39m
              [33maria-hidden[39m=[32m"true"[39m
              [33mclass[39m=[32m"lucide lucide-book-open-check"[39m
              [33mfill[39m=[32m"none"[39m
              [33mheight[39m=[32m"19"[39m
              [33mstroke[39m=[32m"currentColor"[39m
              [33mstroke-linecap[39m=[32m"round"[39m
              [33mstroke-linejoin[39m=[32m"round"[39m
              [33mstroke-width[39m=[32m"2"[39m
              [33mviewBox[39m=[32m"0 0 24 24"[39m
              [33mwidth[39m=[32m"19"[39m
              [33mxmlns[39m=[32m"http://www.w3.org/2000/svg"[39m
            [36m>[39m
              [36m<path[39m
                [33md[39m=[32m"M12 5v16"[39m
              [36m/>[39m
              [36m<path[39m
                [33md[39m=[32m"m16 12 2 2 4-4"[39m
              [36m/>[39m
              [36m<path[39m
                [33md[39m=[32m"M22 6V5a2 2 0 00-1.999-2L16 3.002A5 5 0 0012 5a5 5 0 00-4-2H4a2 2 0 00-2 2v12a2 2 0 001.999 2H8a5 5 0 014 2 5 5 0 014-2h4.001A2 2 0 0022 17v-1.344"[39m
              [36m/>[39m
            [36m</svg>[39m
          [36m</div>[39m
          [36m<div>[39m
            [36m<strong>[39m
              [0mTradeReview[0m
            [36m</strong>[39m
            [36m<span>[39m
              [0m历史交易复盘[0m
            [36m</span>[39m
          [36m</div>[39m
        [36m</div>[39m
        [36m<button[39m
          [33maria-controls[39m=[32m"primary-navigation"[39m
          [33maria-expanded[39m=[32m"false"[39m
          [33maria-label[39m=[32m"导航"[39m
          [33mclass[39m=[32m"mobile-nav-trigger"[39m
          [33mtype[39m=[32m"button"[39m
        [36m>[39m
          [36m<svg[39m
            [33maria-hidden[39m=[32m"true"[39m
            [33mclass[39m=[32m"lucide lucide-menu"[39m
            [33mfill[39m=[32m"none"[39m
            [33mheight[39m=[32m"18"[39m
            [33mstroke[39m=[32m"currentColor"[39m
            [33mstroke-linecap[39m=[32m"round"[39m
            [33mstroke-linejoin[39m=[32m"round"[39m
            [33mstroke-width[39m=[32m"2"[39m
            [33mviewBox[39m=[32m"0 0 24 24"[39m
            [33mwidth[39m=[32m"18"[39m
            [33mxmlns[39m=[32m"http://www.w3.org/2000/svg"[39m
          [36m>[39m
            [36m<path[39m
              [33md[39m=[32m"M4 5h16"[39m
            [36m/>[39m
            [36m<path[39m
              [33md[39m=[32m"M4 12h16"[39m
            [36m/>[39m
            [36m<path[39m
              [33md[39m=[32m"M4 19h16"[39m
            [36m/>[39m
          [36m</svg>[39m
          [36m<span>[39m
            [0m导航[0m
          [36m</span>[39m
        [36m</button>[39m
        [36m<nav[39m
          [33maria-label[39m=[32m"主导航"[39m
          [33mclass[39m=[32m"app-nav"[39m
          [33mid[39m=[32m"primary-navigation"[39m
        [36m>[39m
          [36m<button[39m
            [33maria-label[39m=[32m"我的交易室"[39m
            [33mclass[39m=[32m""[39m
            [33mtitle[39m=[32m"我的交易室"[39m
            [33mtype[39m=[32m"button"[39m
          [36m>[39m
            [36m<svg[39m
              [33maria-hidden[39m=[32m"true"[39m
              [33mclass[39m=[32m"lucide lucide-layout-dashboard"[39m
              [33mfill[39m=[32m"none"[39m
              [33mheight[39m=[32m"16"[39m
              [33mstroke[39m=[32m"currentColor"[39m
              [33mstroke-linecap[39m=[32m"round"[39m
              [33mstroke-linejoin[39m=[32m"round"[39m
              [33mstroke-width[39m=[32m"2"[39m
              [33mviewBox[39m=[32m"0 0 24 24"[39m
              [33mwidth[39m=[32m"16"[39m
              [33mxmlns[39m=[32m"http://www.w3.org/2000/svg"[39m
            [36m>[39m
              [36m<rect[39m
                [33mheight[39m=[32m"9"[39m
                [33mrx[39m=[32m"1"[39m
                [33mwidth[39m=[32m"7"[39m
                [33mx[39m=[32m"3"[39m
                [33my[39m=[32m"3"[39m
              [36m/>[39m
              [36m<rect[39m
                [33mheight[39m=[32m"5"[39m
                [33mrx[39m=[32m"1"[39m
                [33mwidth[39m=[32m"7"[39m
                [33mx[39m=[32m"14"[39m
                [33my[39m=[32m"3"[39m
              [36m/>[39m
              [36m<rect[39m
                [33mheight[39m=[32m"9"[39m
                [33mrx[39m=[32m"1"[39m
                [33mwidth[39m=[32m"7"[39m
                [33mx[39m=[32m"14"[39m
                [33my[39m=[32m"12"[39m
              [36m/>[39m
              [36m<rect[39m
                [33mheight[39m=[32m"5"[39m
                [33mrx[39m=[32m"1"[39m
                [33mwidth[39m=[32m"7"[39m
                [33mx[39m=[32m"3"[39m
                [33my[39m=[32m"16"[39m
              [36m/>[39m
            [36m</svg>[39m
            [36m<span[39m
              [33mclass[39m=[32m"app-nav-label"[39m
            [36m>[39m
              [0m我的交易室[0m
            [36m</span>[39m
          [36m</button>[39m
          [36m<button[39m
            [33maria-label[39m=[32m"交易库"[39m
            [33mclass[39m=[32m""[39m
            [33mtitle[39m=[32m"交易库"[39m
            [33mtype[39m=[32m"button"[39m
          [36m>[39m
            [36m<svg[39m
              [33maria-hidden[39m=[32m"true"[39m
              [33mclass[39m=[32m"lucide lucide-book-open-check"[39m
              [33mfill[39m=[32m"none"[39m
              [33mheight[39m=[32m"16"[39m
              [33mstroke[39m=[32m"currentColo...
 ❯ waitForWrapper node_modules/@testing-library/dom/dist/wait-for.js:163:27
 ❯ node_modules/@testing-library/dom/dist/query-helpers.js:86:33
 ❯ app/components/trade-review-workspace.import-flow.test.tsx:1281:18
    1279|     render(<TradeReviewWorkspace initialFrame={initialFrame} />);
    1280|     await screen.findByRole("heading", { name: /小米集团-W/ });
    1281|     await screen.findByLabelText("图表工具栏");
       |                  ^
    1282|     expect(document.querySelector(".chart-stage")).toBeInTheDocument();
    1283|

⎯⎯⎯⎯⎯⎯⎯⎯⎯⎯⎯⎯⎯⎯⎯⎯⎯⎯⎯⎯⎯⎯⎯[4/65]⎯

 FAIL  app/components/trade-review-workspace.import-flow.test.tsx > TradeReviewWorkspace > applies a refreshed canonical name to every execution and keeps it after candle failure and reload
TestingLibraryElementError: Unable to find a label with the text of: 图表工具栏

Ignored nodes: comments, script, style
[36m<body>[39m
  [36m<div>[39m
    [36m<main[39m
      [33mclass[39m=[32m"trade-review-app is-review"[39m
    [36m>[39m
      [36m<input[39m
        [33maccept[39m=[32m".xlsx,.xls,.pdf"[39m
        [33maria-label[39m=[32m"导入交易记录"[39m
        [33mhidden[39m=[32m""[39m
        [33mmultiple[39m=[32m""[39m
        [33mtype[39m=[32m"file"[39m
      [36m/>[39m
      [36m<input[39m
        [33maccept[39m=[32m".csv,text/csv"[39m
        [33maria-label[39m=[32m"导入 TradingView 模拟交易"[39m
        [33mhidden[39m=[32m""[39m
        [33mtype[39m=[32m"file"[39m
      [36m/>[39m
      [36m<input[39m
        [33maccept[39m=[32m"image/jpeg,image/png,image/webp,.jpg,.jpeg,.png,.webp"[39m
        [33maria-label[39m=[32m"从截图恢复交易"[39m
        [33mhidden[39m=[32m""[39m
        [33mmultiple[39m=[32m""[39m
        [33mtype[39m=[32m"file"[39m
      [36m/>[39m
      [36m<aside[39m
        [33maria-label[39m=[32m"主导航"[39m
        [33mclass[39m=[32m"app-header app-sidebar "[39m
      [36m>[39m
        [36m<div[39m
          [33mclass[39m=[32m"brand"[39m
        [36m>[39m
          [36m<div[39m
            [33mclass[39m=[32m"brand-mark"[39m
          [36m>[39m
            [36m<svg[39m
              [33maria-hidden[39m=[32m"true"[39m
              [33mclass[39m=[32m"lucide lucide-book-open-check"[39m
              [33mfill[39m=[32m"none"[39m
              [33mheight[39m=[32m"19"[39m
              [33mstroke[39m=[32m"currentColor"[39m
              [33mstroke-linecap[39m=[32m"round"[39m
              [33mstroke-linejoin[39m=[32m"round"[39m
              [33mstroke-width[39m=[32m"2"[39m
              [33mviewBox[39m=[32m"0 0 24 24"[39m
              [33mwidth[39m=[32m"19"[39m
              [33mxmlns[39m=[32m"http://www.w3.org/2000/svg"[39m
            [36m>[39m
              [36m<path[39m
                [33md[39m=[32m"M12 5v16"[39m
              [36m/>[39m
              [36m<path[39m
                [33md[39m=[32m"m16 12 2 2 4-4"[39m
              [36m/>[39m
              [36m<path[39m
                [33md[39m=[32m"M22 6V5a2 2 0 00-1.999-2L16 3.002A5 5 0 0012 5a5 5 0 00-4-2H4a2 2 0 00-2 2v12a2 2 0 001.999 2H8a5 5 0 014 2 5 5 0 014-2h4.001A2 2 0 0022 17v-1.344"[39m
              [36m/>[39m
            [36m</svg>[39m
          [36m</div>[39m
          [36m<div>[39m
            [36m<strong>[39m
              [0mTradeReview[0m
            [36m</strong>[39m
            [36m<span>[39m
              [0m历史交易复盘[0m
            [36m</span>[39m
          [36m</div>[39m
        [36m</div>[39m
        [36m<button[39m
          [33maria-controls[39m=[32m"primary-navigation"[39m
          [33maria-expanded[39m=[32m"false"[39m
          [33maria-label[39m=[32m"导航"[39m
          [33mclass[39m=[32m"mobile-nav-trigger"[39m
          [33mtype[39m=[32m"button"[39m
        [36m>[39m
          [36m<svg[39m
            [33maria-hidden[39m=[32m"true"[39m
            [33mclass[39m=[32m"lucide lucide-menu"[39m
            [33mfill[39m=[32m"none"[39m
            [33mheight[39m=[32m"18"[39m
            [33mstroke[39m=[32m"currentColor"[39m
            [33mstroke-linecap[39m=[32m"round"[39m
            [33mstroke-linejoin[39m=[32m"round"[39m
            [33mstroke-width[39m=[32m"2"[39m
            [33mviewBox[39m=[32m"0 0 24 24"[39m
            [33mwidth[39m=[32m"18"[39m
            [33mxmlns[39m=[32m"http://www.w3.org/2000/svg"[39m
          [36m>[39m
            [36m<path[39m
              [33md[39m=[32m"M4 5h16"[39m
            [36m/>[39m
            [36m<path[39m
              [33md[39m=[32m"M4 12h16"[39m
            [36m/>[39m
            [36m<path[39m
              [33md[39m=[32m"M4 19h16"[39m
            [36m/>[39m
          [36m</svg>[39m
          [36m<span>[39m
            [0m导航[0m
          [36m</span>[39m
        [36m</button>[39m
        [36m<nav[39m
          [33maria-label[39m=[32m"主导航"[39m
          [33mclass[39m=[32m"app-nav"[39m
          [33mid[39m=[32m"primary-navigation"[39m
        [36m>[39m
          [36m<button[39m
            [33maria-label[39m=[32m"我的交易室"[39m
            [33mclass[39m=[32m""[39m
            [33mtitle[39m=[32m"我的交易室"[39m
            [33mtype[39m=[32m"button"[39m
          [36m>[39m
            [36m<svg[39m
              [33maria-hidden[39m=[32m"true"[39m
              [33mclass[39m=[32m"lucide lucide-layout-dashboard"[39m
              [33mfill[39m=[32m"none"[39m
              [33mheight[39m=[32m"16"[39m
              [33mstroke[39m=[32m"currentColor"[39m
              [33mstroke-linecap[39m=[32m"round"[39m
              [33mstroke-linejoin[39m=[32m"round"[39m
              [33mstroke-width[39m=[32m"2"[39m
              [33mviewBox[39m=[32m"0 0 24 24"[39m
              [33mwidth[39m=[32m"16"[39m
              [33mxmlns[39m=[32m"http://www.w3.org/2000/svg"[39m
            [36m>[39m
              [36m<rect[39m
                [33mheight[39m=[32m"9"[39m
                [33mrx[39m=[32m"1"[39m
                [33mwidth[39m=[32m"7"[39m
                [33mx[39m=[32m"3"[39m
                [33my[39m=[32m"3"[39m
              [36m/>[39m
              [36m<rect[39m
                [33mheight[39m=[32m"5"[39m
                [33mrx[39m=[32m"1"[39m
                [33mwidth[39m=[32m"7"[39m
                [33mx[39m=[32m"14"[39m
                [33my[39m=[32m"3"[39m
              [36m/>[39m
              [36m<rect[39m
                [33mheight[39m=[32m"9"[39m
                [33mrx[39m=[32m"1"[39m
                [33mwidth[39m=[32m"7"[39m
                [33mx[39m=[32m"14"[39m
                [33my[39m=[32m"12"[39m
              [36m/>[39m
              [36m<rect[39m
                [33mheight[39m=[32m"5"[39m
                [33mrx[39m=[32m"1"[39m
                [33mwidth[39m=[32m"7"[39m
                [33mx[39m=[32m"3"[39m
                [33my[39m=[32m"16"[39m
              [36m/>[39m
            [36m</svg>[39m
            [36m<span[39m
              [33mclass[39m=[32m"app-nav-label"[39m
            [36m>[39m
              [0m我的交易室[0m
            [36m</span>[39m
          [36m</button>[39m
          [36m<button[39m
            [33maria-label[39m=[32m"交易库"[39m
            [33mclass[39m=[32m""[39m
            [33mtitle[39m=[32m"交易库"[39m
            [33mtype[39m=[32m"button"[39m
          [36m>[39m
            [36m<svg[39m
              [33maria-hidden[39m=[32m"true"[39m
              [33mclass[39m=[32m"lucide lucide-book-open-check"[39m
              [33mfill[39m=[32m"none"[39m
              [33mheight[39m=[32m"16"[39m
              [33mstroke[39m=[32m"currentColo...

Ignored nodes: comments, script, style
[36m<body>[39m
  [36m<div>[39m
    [36m<main[39m
      [33mclass[39m=[32m"trade-review-app is-review"[39m
    [36m>[39m
      [36m<input[39m
        [33maccept[39m=[32m".xlsx,.xls,.pdf"[39m
        [33maria-label[39m=[32m"导入交易记录"[39m
        [33mhidden[39m=[32m""[39m
        [33mmultiple[39m=[32m""[39m
        [33mtype[39m=[32m"file"[39m
      [36m/>[39m
      [36m<input[39m
        [33maccept[39m=[32m".csv,text/csv"[39m
        [33maria-label[39m=[32m"导入 TradingView 模拟交易"[39m
        [33mhidden[39m=[32m""[39m
        [33mtype[39m=[32m"file"[39m
      [36m/>[39m
      [36m<input[39m
        [33maccept[39m=[32m"image/jpeg,image/png,image/webp,.jpg,.jpeg,.png,.webp"[39m
        [33maria-label[39m=[32m"从截图恢复交易"[39m
        [33mhidden[39m=[32m""[39m
        [33mmultiple[39m=[32m""[39m
        [33mtype[39m=[32m"file"[39m
      [36m/>[39m
      [36m<aside[39m
        [33maria-label[39m=[32m"主导航"[39m
        [33mclass[39m=[32m"app-header app-sidebar "[39m
      [36m>[39m
        [36m<div[39m
          [33mclass[39m=[32m"brand"[39m
        [36m>[39m
          [36m<div[39m
            [33mclass[39m=[32m"brand-mark"[39m
          [36m>[39m
            [36m<svg[39m
              [33maria-hidden[39m=[32m"true"[39m
              [33mclass[39m=[32m"lucide lucide-book-open-check"[39m
              [33mfill[39m=[32m"none"[39m
              [33mheight[39m=[32m"19"[39m
              [33mstroke[39m=[32m"currentColor"[39m
              [33mstroke-linecap[39m=[32m"round"[39m
              [33mstroke-linejoin[39m=[32m"round"[39m
              [33mstroke-width[39m=[32m"2"[39m
              [33mviewBox[39m=[32m"0 0 24 24"[39m
              [33mwidth[39m=[32m"19"[39m
              [33mxmlns[39m=[32m"http://www.w3.org/2000/svg"[39m
            [36m>[39m
              [36m<path[39m
                [33md[39m=[32m"M12 5v16"[39m
              [36m/>[39m
              [36m<path[39m
                [33md[39m=[32m"m16 12 2 2 4-4"[39m
              [36m/>[39m
              [36m<path[39m
                [33md[39m=[32m"M22 6V5a2 2 0 00-1.999-2L16 3.002A5 5 0 0012 5a5 5 0 00-4-2H4a2 2 0 00-2 2v12a2 2 0 001.999 2H8a5 5 0 014 2 5 5 0 014-2h4.001A2 2 0 0022 17v-1.344"[39m
              [36m/>[39m
            [36m</svg>[39m
          [36m</div>[39m
          [36m<div>[39m
            [36m<strong>[39m
              [0mTradeReview[0m
            [36m</strong>[39m
            [36m<span>[39m
              [0m历史交易复盘[0m
            [36m</span>[39m
          [36m</div>[39m
        [36m</div>[39m
        [36m<button[39m
          [33maria-controls[39m=[32m"primary-navigation"[39m
          [33maria-expanded[39m=[32m"false"[39m
          [33maria-label[39m=[32m"导航"[39m
          [33mclass[39m=[32m"mobile-nav-trigger"[39m
          [33mtype[39m=[32m"button"[39m
        [36m>[39m
          [36m<svg[39m
            [33maria-hidden[39m=[32m"true"[39m
            [33mclass[39m=[32m"lucide lucide-menu"[39m
            [33mfill[39m=[32m"none"[39m
            [33mheight[39m=[32m"18"[39m
            [33mstroke[39m=[32m"currentColor"[39m
            [33mstroke-linecap[39m=[32m"round"[39m
            [33mstroke-linejoin[39m=[32m"round"[39m
            [33mstroke-width[39m=[32m"2"[39m
            [33mviewBox[39m=[32m"0 0 24 24"[39m
            [33mwidth[39m=[32m"18"[39m
            [33mxmlns[39m=[32m"http://www.w3.org/2000/svg"[39m
          [36m>[39m
            [36m<path[39m
              [33md[39m=[32m"M4 5h16"[39m
            [36m/>[39m
            [36m<path[39m
              [33md[39m=[32m"M4 12h16"[39m
            [36m/>[39m
            [36m<path[39m
              [33md[39m=[32m"M4 19h16"[39m
            [36m/>[39m
          [36m</svg>[39m
          [36m<span>[39m
            [0m导航[0m
          [36m</span>[39m
        [36m</button>[39m
        [36m<nav[39m
          [33maria-label[39m=[32m"主导航"[39m
          [33mclass[39m=[32m"app-nav"[39m
          [33mid[39m=[32m"primary-navigation"[39m
        [36m>[39m
          [36m<button[39m
            [33maria-label[39m=[32m"我的交易室"[39m
            [33mclass[39m=[32m""[39m
            [33mtitle[39m=[32m"我的交易室"[39m
            [33mtype[39m=[32m"button"[39m
          [36m>[39m
            [36m<svg[39m
              [33maria-hidden[39m=[32m"true"[39m
              [33mclass[39m=[32m"lucide lucide-layout-dashboard"[39m
              [33mfill[39m=[32m"none"[39m
              [33mheight[39m=[32m"16"[39m
              [33mstroke[39m=[32m"currentColor"[39m
              [33mstroke-linecap[39m=[32m"round"[39m
              [33mstroke-linejoin[39m=[32m"round"[39m
              [33mstroke-width[39m=[32m"2"[39m
              [33mviewBox[39m=[32m"0 0 24 24"[39m
              [33mwidth[39m=[32m"16"[39m
              [33mxmlns[39m=[32m"http://www.w3.org/2000/svg"[39m
            [36m>[39m
              [36m<rect[39m
                [33mheight[39m=[32m"9"[39m
                [33mrx[39m=[32m"1"[39m
                [33mwidth[39m=[32m"7"[39m
                [33mx[39m=[32m"3"[39m
                [33my[39m=[32m"3"[39m
              [36m/>[39m
              [36m<rect[39m
                [33mheight[39m=[32m"5"[39m
                [33mrx[39m=[32m"1"[39m
                [33mwidth[39m=[32m"7"[39m
                [33mx[39m=[32m"14"[39m
                [33my[39m=[32m"3"[39m
              [36m/>[39m
              [36m<rect[39m
                [33mheight[39m=[32m"9"[39m
                [33mrx[39m=[32m"1"[39m
                [33mwidth[39m=[32m"7"[39m
                [33mx[39m=[32m"14"[39m
                [33my[39m=[32m"12"[39m
              [36m/>[39m
              [36m<rect[39m
                [33mheight[39m=[32m"5"[39m
                [33mrx[39m=[32m"1"[39m
                [33mwidth[39m=[32m"7"[39m
                [33mx[39m=[32m"3"[39m
                [33my[39m=[32m"16"[39m
              [36m/>[39m
            [36m</svg>[39m
            [36m<span[39m
              [33mclass[39m=[32m"app-nav-label"[39m
            [36m>[39m
              [0m我的交易室[0m
            [36m</span>[39m
          [36m</button>[39m
          [36m<button[39m
            [33maria-label[39m=[32m"交易库"[39m
            [33mclass[39m=[32m""[39m
            [33mtitle[39m=[32m"交易库"[39m
            [33mtype[39m=[32m"button"[39m
          [36m>[39m
            [36m<svg[39m
              [33maria-hidden[39m=[32m"true"[39m
              [33mclass[39m=[32m"lucide lucide-book-open-check"[39m
              [33mfill[39m=[32m"none"[39m
              [33mheight[39m=[32m"16"[39m
              [33mstroke[39m=[32m"currentColo...
 ❯ waitForWrapper node_modules/@testing-library/dom/dist/wait-for.js:163:27
 ❯ node_modules/@testing-library/dom/dist/query-helpers.js:86:33
 ❯ app/components/trade-review-workspace.import-flow.test.tsx:1348:18
    1346|     );
    1347|     await screen.findByRole("heading", { name: /旧证券名称/ });
    1348|     await screen.findByLabelText("图表工具栏");
       |                  ^
    1349|     await user.click(screen.getByRole("button", { name: "行情数据详情" }));
    1350|     await user.click(screen.getByRole("button", { name: "刷新行情数据" }));

⎯⎯⎯⎯⎯⎯⎯⎯⎯⎯⎯⎯⎯⎯⎯⎯⎯⎯⎯⎯⎯⎯⎯[5/65]⎯

 FAIL  app/components/trade-review-workspace.import-flow.test.tsx > TradeReviewWorkspace > merges a deferred metadata name with an overlapping import confirmation without losing either
TestingLibraryElementError: Unable to find a label with the text of: 图表工具栏

Ignored nodes: comments, script, style
[36m<body>[39m
  [36m<div>[39m
    [36m<main[39m
      [33mclass[39m=[32m"trade-review-app is-review"[39m
    [36m>[39m
      [36m<input[39m
        [33maccept[39m=[32m".xlsx,.xls,.pdf"[39m
        [33maria-label[39m=[32m"导入交易记录"[39m
        [33mhidden[39m=[32m""[39m
        [33mmultiple[39m=[32m""[39m
        [33mtype[39m=[32m"file"[39m
      [36m/>[39m
      [36m<input[39m
        [33maccept[39m=[32m".csv,text/csv"[39m
        [33maria-label[39m=[32m"导入 TradingView 模拟交易"[39m
        [33mhidden[39m=[32m""[39m
        [33mtype[39m=[32m"file"[39m
      [36m/>[39m
      [36m<input[39m
        [33maccept[39m=[32m"image/jpeg,image/png,image/webp,.jpg,.jpeg,.png,.webp"[39m
        [33maria-label[39m=[32m"从截图恢复交易"[39m
        [33mhidden[39m=[32m""[39m
        [33mmultiple[39m=[32m""[39m
        [33mtype[39m=[32m"file"[39m
      [36m/>[39m
      [36m<aside[39m
        [33maria-label[39m=[32m"主导航"[39m
        [33mclass[39m=[32m"app-header app-sidebar "[39m
      [36m>[39m
        [36m<div[39m
          [33mclass[39m=[32m"brand"[39m
        [36m>[39m
          [36m<div[39m
            [33mclass[39m=[32m"brand-mark"[39m
          [36m>[39m
            [36m<svg[39m
              [33maria-hidden[39m=[32m"true"[39m
              [33mclass[39m=[32m"lucide lucide-book-open-check"[39m
              [33mfill[39m=[32m"none"[39m
              [33mheight[39m=[32m"19"[39m
              [33mstroke[39m=[32m"currentColor"[39m
              [33mstroke-linecap[39m=[32m"round"[39m
              [33mstroke-linejoin[39m=[32m"round"[39m
              [33mstroke-width[39m=[32m"2"[39m
              [33mviewBox[39m=[32m"0 0 24 24"[39m
              [33mwidth[39m=[32m"19"[39m
              [33mxmlns[39m=[32m"http://www.w3.org/2000/svg"[39m
            [36m>[39m
              [36m<path[39m
                [33md[39m=[32m"M12 5v16"[39m
              [36m/>[39m
              [36m<path[39m
                [33md[39m=[32m"m16 12 2 2 4-4"[39m
              [36m/>[39m
              [36m<path[39m
                [33md[39m=[32m"M22 6V5a2 2 0 00-1.999-2L16 3.002A5 5 0 0012 5a5 5 0 00-4-2H4a2 2 0 00-2 2v12a2 2 0 001.999 2H8a5 5 0 014 2 5 5 0 014-2h4.001A2 2 0 0022 17v-1.344"[39m
              [36m/>[39m
            [36m</svg>[39m
          [36m</div>[39m
          [36m<div>[39m
            [36m<strong>[39m
              [0mTradeReview[0m
            [36m</strong>[39m
            [36m<span>[39m
              [0m历史交易复盘[0m
            [36m</span>[39m
          [36m</div>[39m
        [36m</div>[39m
        [36m<button[39m
          [33maria-controls[39m=[32m"primary-navigation"[39m
          [33maria-expanded[39m=[32m"false"[39m
          [33maria-label[39m=[32m"导航"[39m
          [33mclass[39m=[32m"mobile-nav-trigger"[39m
          [33mtype[39m=[32m"button"[39m
        [36m>[39m
          [36m<svg[39m
            [33maria-hidden[39m=[32m"true"[39m
            [33mclass[39m=[32m"lucide lucide-menu"[39m
            [33mfill[39m=[32m"none"[39m
            [33mheight[39m=[32m"18"[39m
            [33mstroke[39m=[32m"currentColor"[39m
            [33mstroke-linecap[39m=[32m"round"[39m
            [33mstroke-linejoin[39m=[32m"round"[39m
            [33mstroke-width[39m=[32m"2"[39m
            [33mviewBox[39m=[32m"0 0 24 24"[39m
            [33mwidth[39m=[32m"18"[39m
            [33mxmlns[39m=[32m"http://www.w3.org/2000/svg"[39m
          [36m>[39m
            [36m<path[39m
              [33md[39m=[32m"M4 5h16"[39m
            [36m/>[39m
            [36m<path[39m
              [33md[39m=[32m"M4 12h16"[39m
            [36m/>[39m
            [36m<path[39m
              [33md[39m=[32m"M4 19h16"[39m
            [36m/>[39m
          [36m</svg>[39m
          [36m<span>[39m
            [0m导航[0m
          [36m</span>[39m
        [36m</button>[39m
        [36m<nav[39m
          [33maria-label[39m=[32m"主导航"[39m
          [33mclass[39m=[32m"app-nav"[39m
          [33mid[39m=[32m"primary-navigation"[39m
        [36m>[39m
          [36m<button[39m
            [33maria-label[39m=[32m"我的交易室"[39m
            [33mclass[39m=[32m""[39m
            [33mtitle[39m=[32m"我的交易室"[39m
            [33mtype[39m=[32m"button"[39m
          [36m>[39m
            [36m<svg[39m
              [33maria-hidden[39m=[32m"true"[39m
              [33mclass[39m=[32m"lucide lucide-layout-dashboard"[39m
              [33mfill[39m=[32m"none"[39m
              [33mheight[39m=[32m"16"[39m
              [33mstroke[39m=[32m"currentColor"[39m
              [33mstroke-linecap[39m=[32m"round"[39m
              [33mstroke-linejoin[39m=[32m"round"[39m
              [33mstroke-width[39m=[32m"2"[39m
              [33mviewBox[39m=[32m"0 0 24 24"[39m
              [33mwidth[39m=[32m"16"[39m
              [33mxmlns[39m=[32m"http://www.w3.org/2000/svg"[39m
            [36m>[39m
              [36m<rect[39m
                [33mheight[39m=[32m"9"[39m
                [33mrx[39m=[32m"1"[39m
                [33mwidth[39m=[32m"7"[39m
                [33mx[39m=[32m"3"[39m
                [33my[39m=[32m"3"[39m
              [36m/>[39m
              [36m<rect[39m
                [33mheight[39m=[32m"5"[39m
                [33mrx[39m=[32m"1"[39m
                [33mwidth[39m=[32m"7"[39m
                [33mx[39m=[32m"14"[39m
                [33my[39m=[32m"3"[39m
              [36m/>[39m
              [36m<rect[39m
                [33mheight[39m=[32m"9"[39m
                [33mrx[39m=[32m"1"[39m
                [33mwidth[39m=[32m"7"[39m
                [33mx[39m=[32m"14"[39m
                [33my[39m=[32m"12"[39m
              [36m/>[39m
              [36m<rect[39m
                [33mheight[39m=[32m"5"[39m
                [33mrx[39m=[32m"1"[39m
                [33mwidth[39m=[32m"7"[39m
                [33mx[39m=[32m"3"[39m
                [33my[39m=[32m"16"[39m
              [36m/>[39m
            [36m</svg>[39m
            [36m<span[39m
              [33mclass[39m=[32m"app-nav-label"[39m
            [36m>[39m
              [0m我的交易室[0m
            [36m</span>[39m
          [36m</button>[39m
          [36m<button[39m
            [33maria-label[39m=[32m"交易库"[39m
            [33mclass[39m=[32m""[39m
            [33mtitle[39m=[32m"交易库"[39m
            [33mtype[39m=[32m"button"[39m
          [36m>[39m
            [36m<svg[39m
              [33maria-hidden[39m=[32m"true"[39m
              [33mclass[39m=[32m"lucide lucide-book-open-check"[39m
              [33mfill[39m=[32m"none"[39m
              [33mheight[39m=[32m"16"[39m
              [33mstroke[39m=[32m"currentColo...

Ignored nodes: comments, script, style
[36m<body>[39m
  [36m<div>[39m
    [36m<main[39m
      [33mclass[39m=[32m"trade-review-app is-review"[39m
    [36m>[39m
      [36m<input[39m
        [33maccept[39m=[32m".xlsx,.xls,.pdf"[39m
        [33maria-label[39m=[32m"导入交易记录"[39m
        [33mhidden[39m=[32m""[39m
        [33mmultiple[39m=[32m""[39m
        [33mtype[39m=[32m"file"[39m
      [36m/>[39m
      [36m<input[39m
        [33maccept[39m=[32m".csv,text/csv"[39m
        [33maria-label[39m=[32m"导入 TradingView 模拟交易"[39m
        [33mhidden[39m=[32m""[39m
        [33mtype[39m=[32m"file"[39m
      [36m/>[39m
      [36m<input[39m
        [33maccept[39m=[32m"image/jpeg,image/png,image/webp,.jpg,.jpeg,.png,.webp"[39m
        [33maria-label[39m=[32m"从截图恢复交易"[39m
        [33mhidden[39m=[32m""[39m
        [33mmultiple[39m=[32m""[39m
        [33mtype[39m=[32m"file"[39m
      [36m/>[39m
      [36m<aside[39m
        [33maria-label[39m=[32m"主导航"[39m
        [33mclass[39m=[32m"app-header app-sidebar "[39m
      [36m>[39m
        [36m<div[39m
          [33mclass[39m=[32m"brand"[39m
        [36m>[39m
          [36m<div[39m
            [33mclass[39m=[32m"brand-mark"[39m
          [36m>[39m
            [36m<svg[39m
              [33maria-hidden[39m=[32m"true"[39m
              [33mclass[39m=[32m"lucide lucide-book-open-check"[39m
              [33mfill[39m=[32m"none"[39m
              [33mheight[39m=[32m"19"[39m
              [33mstroke[39m=[32m"currentColor"[39m
              [33mstroke-linecap[39m=[32m"round"[39m
              [33mstroke-linejoin[39m=[32m"round"[39m
              [33mstroke-width[39m=[32m"2"[39m
              [33mviewBox[39m=[32m"0 0 24 24"[39m
              [33mwidth[39m=[32m"19"[39m
              [33mxmlns[39m=[32m"http://www.w3.org/2000/svg"[39m
            [36m>[39m
              [36m<path[39m
                [33md[39m=[32m"M12 5v16"[39m
              [36m/>[39m
              [36m<path[39m
                [33md[39m=[32m"m16 12 2 2 4-4"[39m
              [36m/>[39m
              [36m<path[39m
                [33md[39m=[32m"M22 6V5a2 2 0 00-1.999-2L16 3.002A5 5 0 0012 5a5 5 0 00-4-2H4a2 2 0 00-2 2v12a2 2 0 001.999 2H8a5 5 0 014 2 5 5 0 014-2h4.001A2 2 0 0022 17v-1.344"[39m
              [36m/>[39m
            [36m</svg>[39m
          [36m</div>[39m
          [36m<div>[39m
            [36m<strong>[39m
              [0mTradeReview[0m
            [36m</strong>[39m
            [36m<span>[39m
              [0m历史交易复盘[0m
            [36m</span>[39m
          [36m</div>[39m
        [36m</div>[39m
        [36m<button[39m
          [33maria-controls[39m=[32m"primary-navigation"[39m
          [33maria-expanded[39m=[32m"false"[39m
          [33maria-label[39m=[32m"导航"[39m
          [33mclass[39m=[32m"mobile-nav-trigger"[39m
          [33mtype[39m=[32m"button"[39m
        [36m>[39m
          [36m<svg[39m
            [33maria-hidden[39m=[32m"true"[39m
            [33mclass[39m=[32m"lucide lucide-menu"[39m
            [33mfill[39m=[32m"none"[39m
            [33mheight[39m=[32m"18"[39m
            [33mstroke[39m=[32m"currentColor"[39m
            [33mstroke-linecap[39m=[32m"round"[39m
            [33mstroke-linejoin[39m=[32m"round"[39m
            [33mstroke-width[39m=[32m"2"[39m
            [33mviewBox[39m=[32m"0 0 24 24"[39m
            [33mwidth[39m=[32m"18"[39m
            [33mxmlns[39m=[32m"http://www.w3.org/2000/svg"[39m
          [36m>[39m
            [36m<path[39m
              [33md[39m=[32m"M4 5h16"[39m
            [36m/>[39m
            [36m<path[39m
              [33md[39m=[32m"M4 12h16"[39m
            [36m/>[39m
            [36m<path[39m
              [33md[39m=[32m"M4 19h16"[39m
            [36m/>[39m
          [36m</svg>[39m
          [36m<span>[39m
            [0m导航[0m
          [36m</span>[39m
        [36m</button>[39m
        [36m<nav[39m
          [33maria-label[39m=[32m"主导航"[39m
          [33mclass[39m=[32m"app-nav"[39m
          [33mid[39m=[32m"primary-navigation"[39m
        [36m>[39m
          [36m<button[39m
            [33maria-label[39m=[32m"我的交易室"[39m
            [33mclass[39m=[32m""[39m
            [33mtitle[39m=[32m"我的交易室"[39m
            [33mtype[39m=[32m"button"[39m
          [36m>[39m
            [36m<svg[39m
              [33maria-hidden[39m=[32m"true"[39m
              [33mclass[39m=[32m"lucide lucide-layout-dashboard"[39m
              [33mfill[39m=[32m"none"[39m
              [33mheight[39m=[32m"16"[39m
              [33mstroke[39m=[32m"currentColor"[39m
              [33mstroke-linecap[39m=[32m"round"[39m
              [33mstroke-linejoin[39m=[32m"round"[39m
              [33mstroke-width[39m=[32m"2"[39m
              [33mviewBox[39m=[32m"0 0 24 24"[39m
              [33mwidth[39m=[32m"16"[39m
              [33mxmlns[39m=[32m"http://www.w3.org/2000/svg"[39m
            [36m>[39m
              [36m<rect[39m
                [33mheight[39m=[32m"9"[39m
                [33mrx[39m=[32m"1"[39m
                [33mwidth[39m=[32m"7"[39m
                [33mx[39m=[32m"3"[39m
                [33my[39m=[32m"3"[39m
              [36m/>[39m
              [36m<rect[39m
                [33mheight[39m=[32m"5"[39m
                [33mrx[39m=[32m"1"[39m
                [33mwidth[39m=[32m"7"[39m
                [33mx[39m=[32m"14"[39m
                [33my[39m=[32m"3"[39m
              [36m/>[39m
              [36m<rect[39m
                [33mheight[39m=[32m"9"[39m
                [33mrx[39m=[32m"1"[39m
                [33mwidth[39m=[32m"7"[39m
                [33mx[39m=[32m"14"[39m
                [33my[39m=[32m"12"[39m
              [36m/>[39m
              [36m<rect[39m
                [33mheight[39m=[32m"5"[39m
                [33mrx[39m=[32m"1"[39m
                [33mwidth[39m=[32m"7"[39m
                [33mx[39m=[32m"3"[39m
                [33my[39m=[32m"16"[39m
              [36m/>[39m
            [36m</svg>[39m
            [36m<span[39m
              [33mclass[39m=[32m"app-nav-label"[39m
            [36m>[39m
              [0m我的交易室[0m
            [36m</span>[39m
          [36m</button>[39m
          [36m<button[39m
            [33maria-label[39m=[32m"交易库"[39m
            [33mclass[39m=[32m""[39m
            [33mtitle[39m=[32m"交易库"[39m
            [33mtype[39m=[32m"button"[39m
          [36m>[39m
            [36m<svg[39m
              [33maria-hidden[39m=[32m"true"[39m
              [33mclass[39m=[32m"lucide lucide-book-open-check"[39m
              [33mfill[39m=[32m"none"[39m
              [33mheight[39m=[32m"16"[39m
              [33mstroke[39m=[32m"currentColo...
 ❯ waitForWrapper node_modules/@testing-library/dom/dist/wait-for.js:163:27
 ❯ node_modules/@testing-library/dom/dist/query-helpers.js:86:33
 ❯ app/components/trade-review-workspace.import-flow.test.tsx:1422:18
    1420|     render(<TradeReviewWorkspace initialFrame={initialFrame} />);
    1421|     await screen.findByRole("heading", { name: /小米旧名称/ });
    1422|     await screen.findByLabelText("图表工具栏");
       |                  ^
    1423|
    1424|     await user.click(screen.getByRole("button", { name: "行情数据详情" }));

⎯⎯⎯⎯⎯⎯⎯⎯⎯⎯⎯⎯⎯⎯⎯⎯⎯⎯⎯⎯⎯⎯⎯[6/65]⎯

 FAIL  app/components/trade-review-workspace.recall-bridge.test.tsx > Recall summary homepage bridge > uses only successful saved status, keeps drafts pending and restores persisted completion on remount
TestingLibraryElementError: Unable to find an element with the text: recall editor. This could be because the text is broken up by multiple elements. In this case, you can provide a function for your text matcher to make your matcher more flexible.

Ignored nodes: comments, script, style
[36m<body>[39m
  [36m<div>[39m
    [36m<main[39m
      [33mclass[39m=[32m"trade-review-app is-review"[39m
    [36m>[39m
      [36m<input[39m
        [33maccept[39m=[32m".xlsx,.xls,.pdf"[39m
        [33maria-label[39m=[32m"导入交易记录"[39m
        [33mhidden[39m=[32m""[39m
        [33mmultiple[39m=[32m""[39m
        [33mtype[39m=[32m"file"[39m
      [36m/>[39m
      [36m<input[39m
        [33maccept[39m=[32m".csv,text/csv"[39m
        [33maria-label[39m=[32m"导入 TradingView 模拟交易"[39m
        [33mhidden[39m=[32m""[39m
        [33mtype[39m=[32m"file"[39m
      [36m/>[39m
      [36m<input[39m
        [33maccept[39m=[32m"image/jpeg,image/png,image/webp,.jpg,.jpeg,.png,.webp"[39m
        [33maria-label[39m=[32m"从截图恢复交易"[39m
        [33mhidden[39m=[32m""[39m
        [33mmultiple[39m=[32m""[39m
        [33mtype[39m=[32m"file"[39m
      [36m/>[39m
      [36m<aside[39m
        [33maria-label[39m=[32m"主导航"[39m
        [33mclass[39m=[32m"app-header app-sidebar "[39m
      [36m>[39m
        [36m<div[39m
          [33mclass[39m=[32m"brand"[39m
        [36m>[39m
          [36m<div[39m
            [33mclass[39m=[32m"brand-mark"[39m
          [36m>[39m
            [36m<svg[39m
              [33maria-hidden[39m=[32m"true"[39m
              [33mclass[39m=[32m"lucide lucide-book-open-check"[39m
              [33mfill[39m=[32m"none"[39m
              [33mheight[39m=[32m"19"[39m
              [33mstroke[39m=[32m"currentColor"[39m
              [33mstroke-linecap[39m=[32m"round"[39m
              [33mstroke-linejoin[39m=[32m"round"[39m
              [33mstroke-width[39m=[32m"2"[39m
              [33mviewBox[39m=[32m"0 0 24 24"[39m
              [33mwidth[39m=[32m"19"[39m
              [33mxmlns[39m=[32m"http://www.w3.org/2000/svg"[39m
            [36m>[39m
              [36m<path[39m
                [33md[39m=[32m"M12 5v16"[39m
              [36m/>[39m
              [36m<path[39m
                [33md[39m=[32m"m16 12 2 2 4-4"[39m
              [36m/>[39m
              [36m<path[39m
                [33md[39m=[32m"M22 6V5a2 2 0 00-1.999-2L16 3.002A5 5 0 0012 5a5 5 0 00-4-2H4a2 2 0 00-2 2v12a2 2 0 001.999 2H8a5 5 0 014 2 5 5 0 014-2h4.001A2 2 0 0022 17v-1.344"[39m
              [36m/>[39m
            [36m</svg>[39m
          [36m</div>[39m
          [36m<div>[39m
            [36m<strong>[39m
              [0mTradeReview[0m
            [36m</strong>[39m
            [36m<span>[39m
              [0m历史交易复盘[0m
            [36m</span>[39m
          [36m</div>[39m
        [36m</div>[39m
        [36m<button[39m
          [33maria-controls[39m=[32m"primary-navigation"[39m
          [33maria-expanded[39m=[32m"false"[39m
          [33maria-label[39m=[32m"导航"[39m
          [33mclass[39m=[32m"mobile-nav-trigger"[39m
          [33mtype[39m=[32m"button"[39m
        [36m>[39m
          [36m<svg[39m
            [33maria-hidden[39m=[32m"true"[39m
            [33mclass[39m=[32m"lucide lucide-menu"[39m
            [33mfill[39m=[32m"none"[39m
            [33mheight[39m=[32m"18"[39m
            [33mstroke[39m=[32m"currentColor"[39m
            [33mstroke-linecap[39m=[32m"round"[39m
            [33mstroke-linejoin[39m=[32m"round"[39m
            [33mstroke-width[39m=[32m"2"[39m
            [33mviewBox[39m=[32m"0 0 24 24"[39m
            [33mwidth[39m=[32m"18"[39m
            [33mxmlns[39m=[32m"http://www.w3.org/2000/svg"[39m
          [36m>[39m
            [36m<path[39m
              [33md[39m=[32m"M4 5h16"[39m
            [36m/>[39m
            [36m<path[39m
              [33md[39m=[32m"M4 12h16"[39m
            [36m/>[39m
            [36m<path[39m
              [33md[39m=[32m"M4 19h16"[39m
            [36m/>[39m
          [36m</svg>[39m
          [36m<span>[39m
            [0m导航[0m
          [36m</span>[39m
        [36m</button>[39m
        [36m<nav[39m
          [33maria-label[39m=[32m"主导航"[39m
          [33mclass[39m=[32m"app-nav"[39m
          [33mid[39m=[32m"primary-navigation"[39m
        [36m>[39m
          [36m<button[39m
            [33maria-label[39m=[32m"我的交易室"[39m
            [33mclass[39m=[32m""[39m
            [33mtitle[39m=[32m"我的交易室"[39m
            [33mtype[39m=[32m"button"[39m
          [36m>[39m
            [36m<svg[39m
              [33maria-hidden[39m=[32m"true"[39m
              [33mclass[39m=[32m"lucide lucide-layout-dashboard"[39m
              [33mfill[39m=[32m"none"[39m
              [33mheight[39m=[32m"16"[39m
              [33mstroke[39m=[32m"currentColor"[39m
              [33mstroke-linecap[39m=[32m"round"[39m
              [33mstroke-linejoin[39m=[32m"round"[39m
              [33mstroke-width[39m=[32m"2"[39m
              [33mviewBox[39m=[32m"0 0 24 24"[39m
              [33mwidth[39m=[32m"16"[39m
              [33mxmlns[39m=[32m"http://www.w3.org/2000/svg"[39m
            [36m>[39m
              [36m<rect[39m
                [33mheight[39m=[32m"9"[39m
                [33mrx[39m=[32m"1"[39m
                [33mwidth[39m=[32m"7"[39m
                [33mx[39m=[32m"3"[39m
                [33my[39m=[32m"3"[39m
              [36m/>[39m
              [36m<rect[39m
                [33mheight[39m=[32m"5"[39m
                [33mrx[39m=[32m"1"[39m
                [33mwidth[39m=[32m"7"[39m
                [33mx[39m=[32m"14"[39m
                [33my[39m=[32m"3"[39m
              [36m/>[39m
              [36m<rect[39m
                [33mheight[39m=[32m"9"[39m
                [33mrx[39m=[32m"1"[39m
                [33mwidth[39m=[32m"7"[39m
                [33mx[39m=[32m"14"[39m
                [33my[39m=[32m"12"[39m
              [36m/>[39m
              [36m<rect[39m
                [33mheight[39m=[32m"5"[39m
                [33mrx[39m=[32m"1"[39m
                [33mwidth[39m=[32m"7"[39m
                [33mx[39m=[32m"3"[39m
                [33my[39m=[32m"16"[39m
              [36m/>[39m
            [36m</svg>[39m
            [36m<span[39m
              [33mclass[39m=[32m"app-nav-label"[39m
            [36m>[39m
              [0m我的交易室[0m
            [36m</span>[39m
          [36m</button>[39m
          [36m<button[39m
            [33maria-label[39m=[32m"交易库"[39m
            [33mclass[39m=[32m""[39m
            [33mtitle[39m=[32m"交易库"[39m
            [33mtype[39m=[32m"button"[39m
          [36m>[39m
            [36m<svg[39m
              [33maria-hidden[39m=[32m"true"[39m
              [33mclass[39m=[32m"lucide lucide-book-open-check"[39m
              [33mfill[39m=[32m"none"[39m
              [33mheight[39m=[32m"16"[39m
              [33mstroke[39m=[32m"currentColo...

Ignored nodes: comments, script, style
[36m<body>[39m
  [36m<div>[39m
    [36m<main[39m
      [33mclass[39m=[32m"trade-review-app is-review"[39m
    [36m>[39m
      [36m<input[39m
        [33maccept[39m=[32m".xlsx,.xls,.pdf"[39m
        [33maria-label[39m=[32m"导入交易记录"[39m
        [33mhidden[39m=[32m""[39m
        [33mmultiple[39m=[32m""[39m
        [33mtype[39m=[32m"file"[39m
      [36m/>[39m
      [36m<input[39m
        [33maccept[39m=[32m".csv,text/csv"[39m
        [33maria-label[39m=[32m"导入 TradingView 模拟交易"[39m
        [33mhidden[39m=[32m""[39m
        [33mtype[39m=[32m"file"[39m
      [36m/>[39m
      [36m<input[39m
        [33maccept[39m=[32m"image/jpeg,image/png,image/webp,.jpg,.jpeg,.png,.webp"[39m
        [33maria-label[39m=[32m"从截图恢复交易"[39m
        [33mhidden[39m=[32m""[39m
        [33mmultiple[39m=[32m""[39m
        [33mtype[39m=[32m"file"[39m
      [36m/>[39m
      [36m<aside[39m
        [33maria-label[39m=[32m"主导航"[39m
        [33mclass[39m=[32m"app-header app-sidebar "[39m
      [36m>[39m
        [36m<div[39m
          [33mclass[39m=[32m"brand"[39m
        [36m>[39m
          [36m<div[39m
            [33mclass[39m=[32m"brand-mark"[39m
          [36m>[39m
            [36m<svg[39m
              [33maria-hidden[39m=[32m"true"[39m
              [33mclass[39m=[32m"lucide lucide-book-open-check"[39m
              [33mfill[39m=[32m"none"[39m
              [33mheight[39m=[32m"19"[39m
              [33mstroke[39m=[32m"currentColor"[39m
              [33mstroke-linecap[39m=[32m"round"[39m
              [33mstroke-linejoin[39m=[32m"round"[39m
              [33mstroke-width[39m=[32m"2"[39m
              [33mviewBox[39m=[32m"0 0 24 24"[39m
              [33mwidth[39m=[32m"19"[39m
              [33mxmlns[39m=[32m"http://www.w3.org/2000/svg"[39m
            [36m>[39m
              [36m<path[39m
                [33md[39m=[32m"M12 5v16"[39m
              [36m/>[39m
              [36m<path[39m
                [33md[39m=[32m"m16 12 2 2 4-4"[39m
              [36m/>[39m
              [36m<path[39m
                [33md[39m=[32m"M22 6V5a2 2 0 00-1.999-2L16 3.002A5 5 0 0012 5a5 5 0 00-4-2H4a2 2 0 00-2 2v12a2 2 0 001.999 2H8a5 5 0 014 2 5 5 0 014-2h4.001A2 2 0 0022 17v-1.344"[39m
              [36m/>[39m
            [36m</svg>[39m
          [36m</div>[39m
          [36m<div>[39m
            [36m<strong>[39m
              [0mTradeReview[0m
            [36m</strong>[39m
            [36m<span>[39m
              [0m历史交易复盘[0m
            [36m</span>[39m
          [36m</div>[39m
        [36m</div>[39m
        [36m<button[39m
          [33maria-controls[39m=[32m"primary-navigation"[39m
          [33maria-expanded[39m=[32m"false"[39m
          [33maria-label[39m=[32m"导航"[39m
          [33mclass[39m=[32m"mobile-nav-trigger"[39m
          [33mtype[39m=[32m"button"[39m
        [36m>[39m
          [36m<svg[39m
            [33maria-hidden[39m=[32m"true"[39m
            [33mclass[39m=[32m"lucide lucide-menu"[39m
            [33mfill[39m=[32m"none"[39m
            [33mheight[39m=[32m"18"[39m
            [33mstroke[39m=[32m"currentColor"[39m
            [33mstroke-linecap[39m=[32m"round"[39m
            [33mstroke-linejoin[39m=[32m"round"[39m
            [33mstroke-width[39m=[32m"2"[39m
            [33mviewBox[39m=[32m"0 0 24 24"[39m
            [33mwidth[39m=[32m"18"[39m
            [33mxmlns[39m=[32m"http://www.w3.org/2000/svg"[39m
          [36m>[39m
            [36m<path[39m
              [33md[39m=[32m"M4 5h16"[39m
            [36m/>[39m
            [36m<path[39m
              [33md[39m=[32m"M4 12h16"[39m
            [36m/>[39m
            [36m<path[39m
              [33md[39m=[32m"M4 19h16"[39m
            [36m/>[39m
          [36m</svg>[39m
          [36m<span>[39m
            [0m导航[0m
          [36m</span>[39m
        [36m</button>[39m
        [36m<nav[39m
          [33maria-label[39m=[32m"主导航"[39m
          [33mclass[39m=[32m"app-nav"[39m
          [33mid[39m=[32m"primary-navigation"[39m
        [36m>[39m
          [36m<button[39m
            [33maria-label[39m=[32m"我的交易室"[39m
            [33mclass[39m=[32m""[39m
            [33mtitle[39m=[32m"我的交易室"[39m
            [33mtype[39m=[32m"button"[39m
          [36m>[39m
            [36m<svg[39m
              [33maria-hidden[39m=[32m"true"[39m
              [33mclass[39m=[32m"lucide lucide-layout-dashboard"[39m
              [33mfill[39m=[32m"none"[39m
              [33mheight[39m=[32m"16"[39m
              [33mstroke[39m=[32m"currentColor"[39m
              [33mstroke-linecap[39m=[32m"round"[39m
              [33mstroke-linejoin[39m=[32m"round"[39m
              [33mstroke-width[39m=[32m"2"[39m
              [33mviewBox[39m=[32m"0 0 24 24"[39m
              [33mwidth[39m=[32m"16"[39m
              [33mxmlns[39m=[32m"http://www.w3.org/2000/svg"[39m
            [36m>[39m
              [36m<rect[39m
                [33mheight[39m=[32m"9"[39m
                [33mrx[39m=[32m"1"[39m
                [33mwidth[39m=[32m"7"[39m
                [33mx[39m=[32m"3"[39m
                [33my[39m=[32m"3"[39m
              [36m/>[39m
              [36m<rect[39m
                [33mheight[39m=[32m"5"[39m
                [33mrx[39m=[32m"1"[39m
                [33mwidth[39m=[32m"7"[39m
                [33mx[39m=[32m"14"[39m
                [33my[39m=[32m"3"[39m
              [36m/>[39m
              [36m<rect[39m
                [33mheight[39m=[32m"9"[39m
                [33mrx[39m=[32m"1"[39m
                [33mwidth[39m=[32m"7"[39m
                [33mx[39m=[32m"14"[39m
                [33my[39m=[32m"12"[39m
              [36m/>[39m
              [36m<rect[39m
                [33mheight[39m=[32m"5"[39m
                [33mrx[39m=[32m"1"[39m
                [33mwidth[39m=[32m"7"[39m
                [33mx[39m=[32m"3"[39m
                [33my[39m=[32m"16"[39m
              [36m/>[39m
            [36m</svg>[39m
            [36m<span[39m
              [33mclass[39m=[32m"app-nav-label"[39m
            [36m>[39m
              [0m我的交易室[0m
            [36m</span>[39m
          [36m</button>[39m
          [36m<button[39m
            [33maria-label[39m=[32m"交易库"[39m
            [33mclass[39m=[32m""[39m
            [33mtitle[39m=[32m"交易库"[39m
            [33mtype[39m=[32m"button"[39m
          [36m>[39m
            [36m<svg[39m
              [33maria-hidden[39m=[32m"true"[39m
              [33mclass[39m=[32m"lucide lucide-book-open-check"[39m
              [33mfill[39m=[32m"none"[39m
              [33mheight[39m=[32m"16"[39m
              [33mstroke[39m=[32m"currentColo...
 ❯ waitForWrapper node_modules/@testing-library/dom/dist/wait-for.js:163:27
 ❯ node_modules/@testing-library/dom/dist/query-helpers.js:86:33
 ❯ app/components/trade-review-workspace.recall-bridge.test.tsx:44:18
     42|     expect(screen.getByTestId("pending-count")).toHaveTextContent("2");
     43|     fireEvent.click(screen.getByText("open pending"));
     44|     await screen.findByText("recall editor");
       |                  ^
     45|     const doc = createRecallDocument(harness.props!.episode, "2026-09-…
     46|     fireEvent.click(screen.getByRole("button", { name: "我的交易室" }));

⎯⎯⎯⎯⎯⎯⎯⎯⎯⎯⎯⎯⎯⎯⎯⎯⎯⎯⎯⎯⎯⎯⎯[7/65]⎯

 FAIL  app/components/trade-review-workspace.recall-bridge.test.tsx > Recall summary homepage bridge > quietly tolerates unavailable summaries and preserves saved state on failed dashboard refresh
TestingLibraryElementError: Unable to find an element with the text: recall editor. This could be because the text is broken up by multiple elements. In this case, you can provide a function for your text matcher to make your matcher more flexible.

Ignored nodes: comments, script, style
[36m<body>[39m
  [36m<div>[39m
    [36m<main[39m
      [33mclass[39m=[32m"trade-review-app is-review"[39m
    [36m>[39m
      [36m<input[39m
        [33maccept[39m=[32m".xlsx,.xls,.pdf"[39m
        [33maria-label[39m=[32m"导入交易记录"[39m
        [33mhidden[39m=[32m""[39m
        [33mmultiple[39m=[32m""[39m
        [33mtype[39m=[32m"file"[39m
      [36m/>[39m
      [36m<input[39m
        [33maccept[39m=[32m".csv,text/csv"[39m
        [33maria-label[39m=[32m"导入 TradingView 模拟交易"[39m
        [33mhidden[39m=[32m""[39m
        [33mtype[39m=[32m"file"[39m
      [36m/>[39m
      [36m<input[39m
        [33maccept[39m=[32m"image/jpeg,image/png,image/webp,.jpg,.jpeg,.png,.webp"[39m
        [33maria-label[39m=[32m"从截图恢复交易"[39m
        [33mhidden[39m=[32m""[39m
        [33mmultiple[39m=[32m""[39m
        [33mtype[39m=[32m"file"[39m
      [36m/>[39m
      [36m<aside[39m
        [33maria-label[39m=[32m"主导航"[39m
        [33mclass[39m=[32m"app-header app-sidebar "[39m
      [36m>[39m
        [36m<div[39m
          [33mclass[39m=[32m"brand"[39m
        [36m>[39m
          [36m<div[39m
            [33mclass[39m=[32m"brand-mark"[39m
          [36m>[39m
            [36m<svg[39m
              [33maria-hidden[39m=[32m"true"[39m
              [33mclass[39m=[32m"lucide lucide-book-open-check"[39m
              [33mfill[39m=[32m"none"[39m
              [33mheight[39m=[32m"19"[39m
              [33mstroke[39m=[32m"currentColor"[39m
              [33mstroke-linecap[39m=[32m"round"[39m
              [33mstroke-linejoin[39m=[32m"round"[39m
              [33mstroke-width[39m=[32m"2"[39m
              [33mviewBox[39m=[32m"0 0 24 24"[39m
              [33mwidth[39m=[32m"19"[39m
              [33mxmlns[39m=[32m"http://www.w3.org/2000/svg"[39m
            [36m>[39m
              [36m<path[39m
                [33md[39m=[32m"M12 5v16"[39m
              [36m/>[39m
              [36m<path[39m
                [33md[39m=[32m"m16 12 2 2 4-4"[39m
              [36m/>[39m
              [36m<path[39m
                [33md[39m=[32m"M22 6V5a2 2 0 00-1.999-2L16 3.002A5 5 0 0012 5a5 5 0 00-4-2H4a2 2 0 00-2 2v12a2 2 0 001.999 2H8a5 5 0 014 2 5 5 0 014-2h4.001A2 2 0 0022 17v-1.344"[39m
              [36m/>[39m
            [36m</svg>[39m
          [36m</div>[39m
          [36m<div>[39m
            [36m<strong>[39m
              [0mTradeReview[0m
            [36m</strong>[39m
            [36m<span>[39m
              [0m历史交易复盘[0m
            [36m</span>[39m
          [36m</div>[39m
        [36m</div>[39m
        [36m<button[39m
          [33maria-controls[39m=[32m"primary-navigation"[39m
          [33maria-expanded[39m=[32m"false"[39m
          [33maria-label[39m=[32m"导航"[39m
          [33mclass[39m=[32m"mobile-nav-trigger"[39m
          [33mtype[39m=[32m"button"[39m
        [36m>[39m
          [36m<svg[39m
            [33maria-hidden[39m=[32m"true"[39m
            [33mclass[39m=[32m"lucide lucide-menu"[39m
            [33mfill[39m=[32m"none"[39m
            [33mheight[39m=[32m"18"[39m
            [33mstroke[39m=[32m"currentColor"[39m
            [33mstroke-linecap[39m=[32m"round"[39m
            [33mstroke-linejoin[39m=[32m"round"[39m
            [33mstroke-width[39m=[32m"2"[39m
            [33mviewBox[39m=[32m"0 0 24 24"[39m
            [33mwidth[39m=[32m"18"[39m
            [33mxmlns[39m=[32m"http://www.w3.org/2000/svg"[39m
          [36m>[39m
            [36m<path[39m
              [33md[39m=[32m"M4 5h16"[39m
            [36m/>[39m
            [36m<path[39m
              [33md[39m=[32m"M4 12h16"[39m
            [36m/>[39m
            [36m<path[39m
              [33md[39m=[32m"M4 19h16"[39m
            [36m/>[39m
          [36m</svg>[39m
          [36m<span>[39m
            [0m导航[0m
          [36m</span>[39m
        [36m</button>[39m
        [36m<nav[39m
          [33maria-label[39m=[32m"主导航"[39m
          [33mclass[39m=[32m"app-nav"[39m
          [33mid[39m=[32m"primary-navigation"[39m
        [36m>[39m
          [36m<button[39m
            [33maria-label[39m=[32m"我的交易室"[39m
            [33mclass[39m=[32m""[39m
            [33mtitle[39m=[32m"我的交易室"[39m
            [33mtype[39m=[32m"button"[39m
          [36m>[39m
            [36m<svg[39m
              [33maria-hidden[39m=[32m"true"[39m
              [33mclass[39m=[32m"lucide lucide-layout-dashboard"[39m
              [33mfill[39m=[32m"none"[39m
              [33mheight[39m=[32m"16"[39m
              [33mstroke[39m=[32m"currentColor"[39m
              [33mstroke-linecap[39m=[32m"round"[39m
              [33mstroke-linejoin[39m=[32m"round"[39m
              [33mstroke-width[39m=[32m"2"[39m
              [33mviewBox[39m=[32m"0 0 24 24"[39m
              [33mwidth[39m=[32m"16"[39m
              [33mxmlns[39m=[32m"http://www.w3.org/2000/svg"[39m
            [36m>[39m
              [36m<rect[39m
                [33mheight[39m=[32m"9"[39m
                [33mrx[39m=[32m"1"[39m
                [33mwidth[39m=[32m"7"[39m
                [33mx[39m=[32m"3"[39m
                [33my[39m=[32m"3"[39m
              [36m/>[39m
              [36m<rect[39m
                [33mheight[39m=[32m"5"[39m
                [33mrx[39m=[32m"1"[39m
                [33mwidth[39m=[32m"7"[39m
                [33mx[39m=[32m"14"[39m
                [33my[39m=[32m"3"[39m
              [36m/>[39m
              [36m<rect[39m
                [33mheight[39m=[32m"9"[39m
                [33mrx[39m=[32m"1"[39m
                [33mwidth[39m=[32m"7"[39m
                [33mx[39m=[32m"14"[39m
                [33my[39m=[32m"12"[39m
              [36m/>[39m
              [36m<rect[39m
                [33mheight[39m=[32m"5"[39m
                [33mrx[39m=[32m"1"[39m
                [33mwidth[39m=[32m"7"[39m
                [33mx[39m=[32m"3"[39m
                [33my[39m=[32m"16"[39m
              [36m/>[39m
            [36m</svg>[39m
            [36m<span[39m
              [33mclass[39m=[32m"app-nav-label"[39m
            [36m>[39m
              [0m我的交易室[0m
            [36m</span>[39m
          [36m</button>[39m
          [36m<button[39m
            [33maria-label[39m=[32m"交易库"[39m
            [33mclass[39m=[32m""[39m
            [33mtitle[39m=[32m"交易库"[39m
            [33mtype[39m=[32m"button"[39m
          [36m>[39m
            [36m<svg[39m
              [33maria-hidden[39m=[32m"true"[39m
              [33mclass[39m=[32m"lucide lucide-book-open-check"[39m
              [33mfill[39m=[32m"none"[39m
              [33mheight[39m=[32m"16"[39m
              [33mstroke[39m=[32m"currentColo...

Ignored nodes: comments, script, style
[36m<body>[39m
  [36m<div>[39m
    [36m<main[39m
      [33mclass[39m=[32m"trade-review-app is-review"[39m
    [36m>[39m
      [36m<input[39m
        [33maccept[39m=[32m".xlsx,.xls,.pdf"[39m
        [33maria-label[39m=[32m"导入交易记录"[39m
        [33mhidden[39m=[32m""[39m
        [33mmultiple[39m=[32m""[39m
        [33mtype[39m=[32m"file"[39m
      [36m/>[39m
      [36m<input[39m
        [33maccept[39m=[32m".csv,text/csv"[39m
        [33maria-label[39m=[32m"导入 TradingView 模拟交易"[39m
        [33mhidden[39m=[32m""[39m
        [33mtype[39m=[32m"file"[39m
      [36m/>[39m
      [36m<input[39m
        [33maccept[39m=[32m"image/jpeg,image/png,image/webp,.jpg,.jpeg,.png,.webp"[39m
        [33maria-label[39m=[32m"从截图恢复交易"[39m
        [33mhidden[39m=[32m""[39m
        [33mmultiple[39m=[32m""[39m
        [33mtype[39m=[32m"file"[39m
      [36m/>[39m
      [36m<aside[39m
        [33maria-label[39m=[32m"主导航"[39m
        [33mclass[39m=[32m"app-header app-sidebar "[39m
      [36m>[39m
        [36m<div[39m
          [33mclass[39m=[32m"brand"[39m
        [36m>[39m
          [36m<div[39m
            [33mclass[39m=[32m"brand-mark"[39m
          [36m>[39m
            [36m<svg[39m
              [33maria-hidden[39m=[32m"true"[39m
              [33mclass[39m=[32m"lucide lucide-book-open-check"[39m
              [33mfill[39m=[32m"none"[39m
              [33mheight[39m=[32m"19"[39m
              [33mstroke[39m=[32m"currentColor"[39m
              [33mstroke-linecap[39m=[32m"round"[39m
              [33mstroke-linejoin[39m=[32m"round"[39m
              [33mstroke-width[39m=[32m"2"[39m
              [33mviewBox[39m=[32m"0 0 24 24"[39m
              [33mwidth[39m=[32m"19"[39m
              [33mxmlns[39m=[32m"http://www.w3.org/2000/svg"[39m
            [36m>[39m
              [36m<path[39m
                [33md[39m=[32m"M12 5v16"[39m
              [36m/>[39m
              [36m<path[39m
                [33md[39m=[32m"m16 12 2 2 4-4"[39m
              [36m/>[39m
              [36m<path[39m
                [33md[39m=[32m"M22 6V5a2 2 0 00-1.999-2L16 3.002A5 5 0 0012 5a5 5 0 00-4-2H4a2 2 0 00-2 2v12a2 2 0 001.999 2H8a5 5 0 014 2 5 5 0 014-2h4.001A2 2 0 0022 17v-1.344"[39m
              [36m/>[39m
            [36m</svg>[39m
          [36m</div>[39m
          [36m<div>[39m
            [36m<strong>[39m
              [0mTradeReview[0m
            [36m</strong>[39m
            [36m<span>[39m
              [0m历史交易复盘[0m
            [36m</span>[39m
          [36m</div>[39m
        [36m</div>[39m
        [36m<button[39m
          [33maria-controls[39m=[32m"primary-navigation"[39m
          [33maria-expanded[39m=[32m"false"[39m
          [33maria-label[39m=[32m"导航"[39m
          [33mclass[39m=[32m"mobile-nav-trigger"[39m
          [33mtype[39m=[32m"button"[39m
        [36m>[39m
          [36m<svg[39m
            [33maria-hidden[39m=[32m"true"[39m
            [33mclass[39m=[32m"lucide lucide-menu"[39m
            [33mfill[39m=[32m"none"[39m
            [33mheight[39m=[32m"18"[39m
            [33mstroke[39m=[32m"currentColor"[39m
            [33mstroke-linecap[39m=[32m"round"[39m
            [33mstroke-linejoin[39m=[32m"round"[39m
            [33mstroke-width[39m=[32m"2"[39m
            [33mviewBox[39m=[32m"0 0 24 24"[39m
            [33mwidth[39m=[32m"18"[39m
            [33mxmlns[39m=[32m"http://www.w3.org/2000/svg"[39m
          [36m>[39m
            [36m<path[39m
              [33md[39m=[32m"M4 5h16"[39m
            [36m/>[39m
            [36m<path[39m
              [33md[39m=[32m"M4 12h16"[39m
            [36m/>[39m
            [36m<path[39m
              [33md[39m=[32m"M4 19h16"[39m
            [36m/>[39m
          [36m</svg>[39m
          [36m<span>[39m
            [0m导航[0m
          [36m</span>[39m
        [36m</button>[39m
        [36m<nav[39m
          [33maria-label[39m=[32m"主导航"[39m
          [33mclass[39m=[32m"app-nav"[39m
          [33mid[39m=[32m"primary-navigation"[39m
        [36m>[39m
          [36m<button[39m
            [33maria-label[39m=[32m"我的交易室"[39m
            [33mclass[39m=[32m""[39m
            [33mtitle[39m=[32m"我的交易室"[39m
            [33mtype[39m=[32m"button"[39m
          [36m>[39m
            [36m<svg[39m
              [33maria-hidden[39m=[32m"true"[39m
              [33mclass[39m=[32m"lucide lucide-layout-dashboard"[39m
              [33mfill[39m=[32m"none"[39m
              [33mheight[39m=[32m"16"[39m
              [33mstroke[39m=[32m"currentColor"[39m
              [33mstroke-linecap[39m=[32m"round"[39m
              [33mstroke-linejoin[39m=[32m"round"[39m
              [33mstroke-width[39m=[32m"2"[39m
              [33mviewBox[39m=[32m"0 0 24 24"[39m
              [33mwidth[39m=[32m"16"[39m
              [33mxmlns[39m=[32m"http://www.w3.org/2000/svg"[39m
            [36m>[39m
              [36m<rect[39m
                [33mheight[39m=[32m"9"[39m
                [33mrx[39m=[32m"1"[39m
                [33mwidth[39m=[32m"7"[39m
                [33mx[39m=[32m"3"[39m
                [33my[39m=[32m"3"[39m
              [36m/>[39m
              [36m<rect[39m
                [33mheight[39m=[32m"5"[39m
                [33mrx[39m=[32m"1"[39m
                [33mwidth[39m=[32m"7"[39m
                [33mx[39m=[32m"14"[39m
                [33my[39m=[32m"3"[39m
              [36m/>[39m
              [36m<rect[39m
                [33mheight[39m=[32m"9"[39m
                [33mrx[39m=[32m"1"[39m
                [33mwidth[39m=[32m"7"[39m
                [33mx[39m=[32m"14"[39m
                [33my[39m=[32m"12"[39m
              [36m/>[39m
              [36m<rect[39m
                [33mheight[39m=[32m"5"[39m
                [33mrx[39m=[32m"1"[39m
                [33mwidth[39m=[32m"7"[39m
                [33mx[39m=[32m"3"[39m
                [33my[39m=[32m"16"[39m
              [36m/>[39m
            [36m</svg>[39m
            [36m<span[39m
              [33mclass[39m=[32m"app-nav-label"[39m
            [36m>[39m
              [0m我的交易室[0m
            [36m</span>[39m
          [36m</button>[39m
          [36m<button[39m
            [33maria-label[39m=[32m"交易库"[39m
            [33mclass[39m=[32m""[39m
            [33mtitle[39m=[32m"交易库"[39m
            [33mtype[39m=[32m"button"[39m
          [36m>[39m
            [36m<svg[39m
              [33maria-hidden[39m=[32m"true"[39m
              [33mclass[39m=[32m"lucide lucide-book-open-check"[39m
              [33mfill[39m=[32m"none"[39m
              [33mheight[39m=[32m"16"[39m
              [33mstroke[39m=[32m"currentColo...
 ❯ waitForWrapper node_modules/@testing-library/dom/dist/wait-for.js:163:27
 ❯ node_modules/@testing-library/dom/dist/query-helpers.js:86:33
 ❯ app/components/trade-review-workspace.recall-bridge.test.tsx:64:69
     62|     await mount();
     63|     expect(screen.getByTestId("pending-count")).toHaveTextContent("2");
     64|     fireEvent.click(screen.getByText("open pending")); await screen.fi…
       |                                                                     ^
     65|     const saved = { ...createRecallDocument(harness.props!.episode, "2…
     66|     harness.props!.onSaved?.(saved);

⎯⎯⎯⎯⎯⎯⎯⎯⎯⎯⎯⎯⎯⎯⎯⎯⎯⎯⎯⎯⎯⎯⎯[8/65]⎯

 FAIL  app/components/trade-review-workspace.recall-bridge.test.tsx > Recall summary homepage bridge > does not let a slow dashboard refresh overwrite a newly saved completion
TestingLibraryElementError: Unable to find an element with the text: recall editor. This could be because the text is broken up by multiple elements. In this case, you can provide a function for your text matcher to make your matcher more flexible.

Ignored nodes: comments, script, style
[36m<body>[39m
  [36m<div>[39m
    [36m<main[39m
      [33mclass[39m=[32m"trade-review-app is-review"[39m
    [36m>[39m
      [36m<input[39m
        [33maccept[39m=[32m".xlsx,.xls,.pdf"[39m
        [33maria-label[39m=[32m"导入交易记录"[39m
        [33mhidden[39m=[32m""[39m
        [33mmultiple[39m=[32m""[39m
        [33mtype[39m=[32m"file"[39m
      [36m/>[39m
      [36m<input[39m
        [33maccept[39m=[32m".csv,text/csv"[39m
        [33maria-label[39m=[32m"导入 TradingView 模拟交易"[39m
        [33mhidden[39m=[32m""[39m
        [33mtype[39m=[32m"file"[39m
      [36m/>[39m
      [36m<input[39m
        [33maccept[39m=[32m"image/jpeg,image/png,image/webp,.jpg,.jpeg,.png,.webp"[39m
        [33maria-label[39m=[32m"从截图恢复交易"[39m
        [33mhidden[39m=[32m""[39m
        [33mmultiple[39m=[32m""[39m
        [33mtype[39m=[32m"file"[39m
      [36m/>[39m
      [36m<aside[39m
        [33maria-label[39m=[32m"主导航"[39m
        [33mclass[39m=[32m"app-header app-sidebar "[39m
      [36m>[39m
        [36m<div[39m
          [33mclass[39m=[32m"brand"[39m
        [36m>[39m
          [36m<div[39m
            [33mclass[39m=[32m"brand-mark"[39m
          [36m>[39m
            [36m<svg[39m
              [33maria-hidden[39m=[32m"true"[39m
              [33mclass[39m=[32m"lucide lucide-book-open-check"[39m
              [33mfill[39m=[32m"none"[39m
              [33mheight[39m=[32m"19"[39m
              [33mstroke[39m=[32m"currentColor"[39m
              [33mstroke-linecap[39m=[32m"round"[39m
              [33mstroke-linejoin[39m=[32m"round"[39m
              [33mstroke-width[39m=[32m"2"[39m
              [33mviewBox[39m=[32m"0 0 24 24"[39m
              [33mwidth[39m=[32m"19"[39m
              [33mxmlns[39m=[32m"http://www.w3.org/2000/svg"[39m
            [36m>[39m
              [36m<path[39m
                [33md[39m=[32m"M12 5v16"[39m
              [36m/>[39m
              [36m<path[39m
                [33md[39m=[32m"m16 12 2 2 4-4"[39m
              [36m/>[39m
              [36m<path[39m
                [33md[39m=[32m"M22 6V5a2 2 0 00-1.999-2L16 3.002A5 5 0 0012 5a5 5 0 00-4-2H4a2 2 0 00-2 2v12a2 2 0 001.999 2H8a5 5 0 014 2 5 5 0 014-2h4.001A2 2 0 0022 17v-1.344"[39m
              [36m/>[39m
            [36m</svg>[39m
          [36m</div>[39m
          [36m<div>[39m
            [36m<strong>[39m
              [0mTradeReview[0m
            [36m</strong>[39m
            [36m<span>[39m
              [0m历史交易复盘[0m
            [36m</span>[39m
          [36m</div>[39m
        [36m</div>[39m
        [36m<button[39m
          [33maria-controls[39m=[32m"primary-navigation"[39m
          [33maria-expanded[39m=[32m"false"[39m
          [33maria-label[39m=[32m"导航"[39m
          [33mclass[39m=[32m"mobile-nav-trigger"[39m
          [33mtype[39m=[32m"button"[39m
        [36m>[39m
          [36m<svg[39m
            [33maria-hidden[39m=[32m"true"[39m
            [33mclass[39m=[32m"lucide lucide-menu"[39m
            [33mfill[39m=[32m"none"[39m
            [33mheight[39m=[32m"18"[39m
            [33mstroke[39m=[32m"currentColor"[39m
            [33mstroke-linecap[39m=[32m"round"[39m
            [33mstroke-linejoin[39m=[32m"round"[39m
            [33mstroke-width[39m=[32m"2"[39m
            [33mviewBox[39m=[32m"0 0 24 24"[39m
            [33mwidth[39m=[32m"18"[39m
            [33mxmlns[39m=[32m"http://www.w3.org/2000/svg"[39m
          [36m>[39m
            [36m<path[39m
              [33md[39m=[32m"M4 5h16"[39m
            [36m/>[39m
            [36m<path[39m
              [33md[39m=[32m"M4 12h16"[39m
            [36m/>[39m
            [36m<path[39m
              [33md[39m=[32m"M4 19h16"[39m
            [36m/>[39m
          [36m</svg>[39m
          [36m<span>[39m
            [0m导航[0m
          [36m</span>[39m
        [36m</button>[39m
        [36m<nav[39m
          [33maria-label[39m=[32m"主导航"[39m
          [33mclass[39m=[32m"app-nav"[39m
          [33mid[39m=[32m"primary-navigation"[39m
        [36m>[39m
          [36m<button[39m
            [33maria-label[39m=[32m"我的交易室"[39m
            [33mclass[39m=[32m""[39m
            [33mtitle[39m=[32m"我的交易室"[39m
            [33mtype[39m=[32m"button"[39m
          [36m>[39m
            [36m<svg[39m
              [33maria-hidden[39m=[32m"true"[39m
              [33mclass[39m=[32m"lucide lucide-layout-dashboard"[39m
              [33mfill[39m=[32m"none"[39m
              [33mheight[39m=[32m"16"[39m
              [33mstroke[39m=[32m"currentColor"[39m
              [33mstroke-linecap[39m=[32m"round"[39m
              [33mstroke-linejoin[39m=[32m"round"[39m
              [33mstroke-width[39m=[32m"2"[39m
              [33mviewBox[39m=[32m"0 0 24 24"[39m
              [33mwidth[39m=[32m"16"[39m
              [33mxmlns[39m=[32m"http://www.w3.org/2000/svg"[39m
            [36m>[39m
              [36m<rect[39m
                [33mheight[39m=[32m"9"[39m
                [33mrx[39m=[32m"1"[39m
                [33mwidth[39m=[32m"7"[39m
                [33mx[39m=[32m"3"[39m
                [33my[39m=[32m"3"[39m
              [36m/>[39m
              [36m<rect[39m
                [33mheight[39m=[32m"5"[39m
                [33mrx[39m=[32m"1"[39m
                [33mwidth[39m=[32m"7"[39m
                [33mx[39m=[32m"14"[39m
                [33my[39m=[32m"3"[39m
              [36m/>[39m
              [36m<rect[39m
                [33mheight[39m=[32m"9"[39m
                [33mrx[39m=[32m"1"[39m
                [33mwidth[39m=[32m"7"[39m
                [33mx[39m=[32m"14"[39m
                [33my[39m=[32m"12"[39m
              [36m/>[39m
              [36m<rect[39m
                [33mheight[39m=[32m"5"[39m
                [33mrx[39m=[32m"1"[39m
                [33mwidth[39m=[32m"7"[39m
                [33mx[39m=[32m"3"[39m
                [33my[39m=[32m"16"[39m
              [36m/>[39m
            [36m</svg>[39m
            [36m<span[39m
              [33mclass[39m=[32m"app-nav-label"[39m
            [36m>[39m
              [0m我的交易室[0m
            [36m</span>[39m
          [36m</button>[39m
          [36m<button[39m
            [33maria-label[39m=[32m"交易库"[39m
            [33mclass[39m=[32m""[39m
            [33mtitle[39m=[32m"交易库"[39m
            [33mtype[39m=[32m"button"[39m
          [36m>[39m
            [36m<svg[39m
              [33maria-hidden[39m=[32m"true"[39m
              [33mclass[39m=[32m"lucide lucide-book-open-check"[39m
              [33mfill[39m=[32m"none"[39m
              [33mheight[39m=[32m"16"[39m
              [33mstroke[39m=[32m"currentColo...

Ignored nodes: comments, script, style
[36m<body>[39m
  [36m<div>[39m
    [36m<main[39m
      [33mclass[39m=[32m"trade-review-app is-review"[39m
    [36m>[39m
      [36m<input[39m
        [33maccept[39m=[32m".xlsx,.xls,.pdf"[39m
        [33maria-label[39m=[32m"导入交易记录"[39m
        [33mhidden[39m=[32m""[39m
        [33mmultiple[39m=[32m""[39m
        [33mtype[39m=[32m"file"[39m
      [36m/>[39m
      [36m<input[39m
        [33maccept[39m=[32m".csv,text/csv"[39m
        [33maria-label[39m=[32m"导入 TradingView 模拟交易"[39m
        [33mhidden[39m=[32m""[39m
        [33mtype[39m=[32m"file"[39m
      [36m/>[39m
      [36m<input[39m
        [33maccept[39m=[32m"image/jpeg,image/png,image/webp,.jpg,.jpeg,.png,.webp"[39m
        [33maria-label[39m=[32m"从截图恢复交易"[39m
        [33mhidden[39m=[32m""[39m
        [33mmultiple[39m=[32m""[39m
        [33mtype[39m=[32m"file"[39m
      [36m/>[39m
      [36m<aside[39m
        [33maria-label[39m=[32m"主导航"[39m
        [33mclass[39m=[32m"app-header app-sidebar "[39m
      [36m>[39m
        [36m<div[39m
          [33mclass[39m=[32m"brand"[39m
        [36m>[39m
          [36m<div[39m
            [33mclass[39m=[32m"brand-mark"[39m
          [36m>[39m
            [36m<svg[39m
              [33maria-hidden[39m=[32m"true"[39m
              [33mclass[39m=[32m"lucide lucide-book-open-check"[39m
              [33mfill[39m=[32m"none"[39m
              [33mheight[39m=[32m"19"[39m
              [33mstroke[39m=[32m"currentColor"[39m
              [33mstroke-linecap[39m=[32m"round"[39m
              [33mstroke-linejoin[39m=[32m"round"[39m
              [33mstroke-width[39m=[32m"2"[39m
              [33mviewBox[39m=[32m"0 0 24 24"[39m
              [33mwidth[39m=[32m"19"[39m
              [33mxmlns[39m=[32m"http://www.w3.org/2000/svg"[39m
            [36m>[39m
              [36m<path[39m
                [33md[39m=[32m"M12 5v16"[39m
              [36m/>[39m
              [36m<path[39m
                [33md[39m=[32m"m16 12 2 2 4-4"[39m
              [36m/>[39m
              [36m<path[39m
                [33md[39m=[32m"M22 6V5a2 2 0 00-1.999-2L16 3.002A5 5 0 0012 5a5 5 0 00-4-2H4a2 2 0 00-2 2v12a2 2 0 001.999 2H8a5 5 0 014 2 5 5 0 014-2h4.001A2 2 0 0022 17v-1.344"[39m
              [36m/>[39m
            [36m</svg>[39m
          [36m</div>[39m
          [36m<div>[39m
            [36m<strong>[39m
              [0mTradeReview[0m
            [36m</strong>[39m
            [36m<span>[39m
              [0m历史交易复盘[0m
            [36m</span>[39m
          [36m</div>[39m
        [36m</div>[39m
        [36m<button[39m
          [33maria-controls[39m=[32m"primary-navigation"[39m
          [33maria-expanded[39m=[32m"false"[39m
          [33maria-label[39m=[32m"导航"[39m
          [33mclass[39m=[32m"mobile-nav-trigger"[39m
          [33mtype[39m=[32m"button"[39m
        [36m>[39m
          [36m<svg[39m
            [33maria-hidden[39m=[32m"true"[39m
            [33mclass[39m=[32m"lucide lucide-menu"[39m
            [33mfill[39m=[32m"none"[39m
            [33mheight[39m=[32m"18"[39m
            [33mstroke[39m=[32m"currentColor"[39m
            [33mstroke-linecap[39m=[32m"round"[39m
            [33mstroke-linejoin[39m=[32m"round"[39m
            [33mstroke-width[39m=[32m"2"[39m
            [33mviewBox[39m=[32m"0 0 24 24"[39m
            [33mwidth[39m=[32m"18"[39m
            [33mxmlns[39m=[32m"http://www.w3.org/2000/svg"[39m
          [36m>[39m
            [36m<path[39m
              [33md[39m=[32m"M4 5h16"[39m
            [36m/>[39m
            [36m<path[39m
              [33md[39m=[32m"M4 12h16"[39m
            [36m/>[39m
            [36m<path[39m
              [33md[39m=[32m"M4 19h16"[39m
            [36m/>[39m
          [36m</svg>[39m
          [36m<span>[39m
            [0m导航[0m
          [36m</span>[39m
        [36m</button>[39m
        [36m<nav[39m
          [33maria-label[39m=[32m"主导航"[39m
          [33mclass[39m=[32m"app-nav"[39m
          [33mid[39m=[32m"primary-navigation"[39m
        [36m>[39m
          [36m<button[39m
            [33maria-label[39m=[32m"我的交易室"[39m
            [33mclass[39m=[32m""[39m
            [33mtitle[39m=[32m"我的交易室"[39m
            [33mtype[39m=[32m"button"[39m
          [36m>[39m
            [36m<svg[39m
              [33maria-hidden[39m=[32m"true"[39m
              [33mclass[39m=[32m"lucide lucide-layout-dashboard"[39m
              [33mfill[39m=[32m"none"[39m
              [33mheight[39m=[32m"16"[39m
              [33mstroke[39m=[32m"currentColor"[39m
              [33mstroke-linecap[39m=[32m"round"[39m
              [33mstroke-linejoin[39m=[32m"round"[39m
              [33mstroke-width[39m=[32m"2"[39m
              [33mviewBox[39m=[32m"0 0 24 24"[39m
              [33mwidth[39m=[32m"16"[39m
              [33mxmlns[39m=[32m"http://www.w3.org/2000/svg"[39m
            [36m>[39m
              [36m<rect[39m
                [33mheight[39m=[32m"9"[39m
                [33mrx[39m=[32m"1"[39m
                [33mwidth[39m=[32m"7"[39m
                [33mx[39m=[32m"3"[39m
                [33my[39m=[32m"3"[39m
              [36m/>[39m
              [36m<rect[39m
                [33mheight[39m=[32m"5"[39m
                [33mrx[39m=[32m"1"[39m
                [33mwidth[39m=[32m"7"[39m
                [33mx[39m=[32m"14"[39m
                [33my[39m=[32m"3"[39m
              [36m/>[39m
              [36m<rect[39m
                [33mheight[39m=[32m"9"[39m
                [33mrx[39m=[32m"1"[39m
                [33mwidth[39m=[32m"7"[39m
                [33mx[39m=[32m"14"[39m
                [33my[39m=[32m"12"[39m
              [36m/>[39m
              [36m<rect[39m
                [33mheight[39m=[32m"5"[39m
                [33mrx[39m=[32m"1"[39m
                [33mwidth[39m=[32m"7"[39m
                [33mx[39m=[32m"3"[39m
                [33my[39m=[32m"16"[39m
              [36m/>[39m
            [36m</svg>[39m
            [36m<span[39m
              [33mclass[39m=[32m"app-nav-label"[39m
            [36m>[39m
              [0m我的交易室[0m
            [36m</span>[39m
          [36m</button>[39m
          [36m<button[39m
            [33maria-label[39m=[32m"交易库"[39m
            [33mclass[39m=[32m""[39m
            [33mtitle[39m=[32m"交易库"[39m
            [33mtype[39m=[32m"button"[39m
          [36m>[39m
            [36m<svg[39m
              [33maria-hidden[39m=[32m"true"[39m
              [33mclass[39m=[32m"lucide lucide-book-open-check"[39m
              [33mfill[39m=[32m"none"[39m
              [33mheight[39m=[32m"16"[39m
              [33mstroke[39m=[32m"currentColo...
 ❯ waitForWrapper node_modules/@testing-library/dom/dist/wait-for.js:163:27
 ❯ node_modules/@testing-library/dom/dist/query-helpers.js:86:33
 ❯ app/components/trade-review-workspace.recall-bridge.test.tsx:74:18
     72|     await mount();
     73|     fireEvent.click(screen.getByText("open pending"));
     74|     await screen.findByText("recall editor");
       |                  ^
     75|     const draft = createRecallDocument(harness.props!.episode, "2026-0…
     76|     let resolve!: (summaries: ReturnType<typeof summarizeRecallDocumen…

⎯⎯⎯⎯⎯⎯⎯⎯⎯⎯⎯⎯⎯⎯⎯⎯⎯⎯⎯⎯⎯⎯⎯[9/65]⎯

 FAIL  app/components/trade-review-workspace.refresh.test.tsx > TradeReviewWorkspace global refresh seam > cancels a running batch, persists a terminal job, and waits before the next batch
Error: Test timed out in 5000ms.
If this is a long-running test, pass a timeout value as the last argument or configure it globally with "testTimeout".
 ❯ app/components/trade-review-workspace.refresh.test.tsx:219:3
    217|   });
    218|
    219|   it("cancels a running batch, persists a terminal job, and waits befo…
       |   ^
    220|     const providerGate = deferred<void>();
    221|     const restoreGate = deferred<MarketDataJob>();

⎯⎯⎯⎯⎯⎯⎯⎯⎯⎯⎯⎯⎯⎯⎯⎯⎯⎯⎯⎯⎯⎯[10/65]⎯

 FAIL  app/components/trade-review-workspace.refresh.test.tsx > TradeReviewWorkspace global refresh seam > refreshes the global saved summary after a single instrument update
Error: Test timed out in 5000ms.
If this is a long-running test, pass a timeout value as the last argument or configure it globally with "testTimeout".
 ❯ app/components/trade-review-workspace.refresh.test.tsx:380:3
    378|   });
    379|
    380|   it("refreshes the global saved summary after a single instrument upd…
       |   ^
    381|     const user = userEvent.setup();
    382|     saveMarketDataJob({

⎯⎯⎯⎯⎯⎯⎯⎯⎯⎯⎯⎯⎯⎯⎯⎯⎯⎯⎯⎯⎯⎯[11/65]⎯

 FAIL  app/components/trade-review-workspace.refresh.test.tsx > TradeReviewWorkspace global refresh seam > refreshes the global failure summary and details after a single hard failure
Error: Test timed out in 5000ms.
If this is a long-running test, pass a timeout value as the last argument or configure it globally with "testTimeout".
 ❯ app/components/trade-review-workspace.refresh.test.tsx:451:3
    449|   });
    450|
    451|   it("refreshes the global failure summary and details after a single …
       |   ^
    452|     const user = userEvent.setup();
    453|     saveMarketDataJob({

⎯⎯⎯⎯⎯⎯⎯⎯⎯⎯⎯⎯⎯⎯⎯⎯⎯⎯⎯⎯⎯⎯[12/65]⎯

 FAIL  app/components/trade-review-workspace.refresh.test.tsx > TradeReviewWorkspace global refresh seam > keeps a running global batch in control when a single refresh is requested
Error: Test timed out in 5000ms.
If this is a long-running test, pass a timeout value as the last argument or configure it globally with "testTimeout".
 ❯ app/components/trade-review-workspace.refresh.test.tsx:505:3
    503|   });
    504|
    505|   it("keeps a running global batch in control when a single refresh is…
       |   ^
    506|     const user = userEvent.setup();
    507|     const providerGate = deferred<void>();

⎯⎯⎯⎯⎯⎯⎯⎯⎯⎯⎯⎯⎯⎯⎯⎯⎯⎯⎯⎯⎯⎯[13/65]⎯

 FAIL  app/components/trade-review-workspace.test.tsx > TradeReviewWorkspace > uses one shared primary navigation and reuses it from the narrow-screen menu
Error: Test timed out in 5000ms.
If this is a long-running test, pass a timeout value as the last argument or configure it globally with "testTimeout".
 ❯ app/components/trade-review-workspace.test.tsx:660:3
    658|   });
    659|
    660|   it("uses one shared primary navigation and reuses it from the narrow…
       |   ^
    661|     const user = userEvent.setup();
    662|

⎯⎯⎯⎯⎯⎯⎯⎯⎯⎯⎯⎯⎯⎯⎯⎯⎯⎯⎯⎯⎯⎯[14/65]⎯

 FAIL  app/components/trade-review-workspace.test.tsx > TradeReviewWorkspace > returns notification reviews to their real analysis and data sources
TestingLibraryElementError: Unable to find role="button" and name "返回分析"

Ignored nodes: comments, script, style
[36m<body>[39m
  [36m<div>[39m
    [36m<main[39m
      [33mclass[39m=[32m"trade-review-app is-review"[39m
    [36m>[39m
      [36m<input[39m
        [33maccept[39m=[32m".xlsx,.xls,.pdf"[39m
        [33maria-label[39m=[32m"导入交易记录"[39m
        [33mhidden[39m=[32m""[39m
        [33mmultiple[39m=[32m""[39m
        [33mtype[39m=[32m"file"[39m
      [36m/>[39m
      [36m<input[39m
        [33maccept[39m=[32m".csv,text/csv"[39m
        [33maria-label[39m=[32m"导入 TradingView 模拟交易"[39m
        [33mhidden[39m=[32m""[39m
        [33mtype[39m=[32m"file"[39m
      [36m/>[39m
      [36m<input[39m
        [33maccept[39m=[32m"image/jpeg,image/png,image/webp,.jpg,.jpeg,.png,.webp"[39m
        [33maria-label[39m=[32m"从截图恢复交易"[39m
        [33mhidden[39m=[32m""[39m
        [33mmultiple[39m=[32m""[39m
        [33mtype[39m=[32m"file"[39m
      [36m/>[39m
      [36m<aside[39m
        [33maria-label[39m=[32m"主导航"[39m
        [33mclass[39m=[32m"app-header app-sidebar "[39m
      [36m>[39m
        [36m<div[39m
          [33mclass[39m=[32m"brand"[39m
        [36m>[39m
          [36m<div[39m
            [33mclass[39m=[32m"brand-mark"[39m
          [36m>[39m
            [36m<svg[39m
              [33maria-hidden[39m=[32m"true"[39m
              [33mclass[39m=[32m"lucide lucide-book-open-check"[39m
              [33mfill[39m=[32m"none"[39m
              [33mheight[39m=[32m"19"[39m
              [33mstroke[39m=[32m"currentColor"[39m
              [33mstroke-linecap[39m=[32m"round"[39m
              [33mstroke-linejoin[39m=[32m"round"[39m
              [33mstroke-width[39m=[32m"2"[39m
              [33mviewBox[39m=[32m"0 0 24 24"[39m
              [33mwidth[39m=[32m"19"[39m
              [33mxmlns[39m=[32m"http://www.w3.org/2000/svg"[39m
            [36m>[39m
              [36m<path[39m
                [33md[39m=[32m"M12 5v16"[39m
              [36m/>[39m
              [36m<path[39m
                [33md[39m=[32m"m16 12 2 2 4-4"[39m
              [36m/>[39m
              [36m<path[39m
                [33md[39m=[32m"M22 6V5a2 2 0 00-1.999-2L16 3.002A5 5 0 0012 5a5 5 0 00-4-2H4a2 2 0 00-2 2v12a2 2 0 001.999 2H8a5 5 0 014 2 5 5 0 014-2h4.001A2 2 0 0022 17v-1.344"[39m
              [36m/>[39m
            [36m</svg>[39m
          [36m</div>[39m
          [36m<div>[39m
            [36m<strong>[39m
              [0mTradeReview[0m
            [36m</strong>[39m
            [36m<span>[39m
              [0m历史交易复盘[0m
            [36m</span>[39m
          [36m</div>[39m
        [36m</div>[39m
        [36m<button[39m
          [33maria-controls[39m=[32m"primary-navigation"[39m
          [33maria-expanded[39m=[32m"false"[39m
          [33maria-label[39m=[32m"导航"[39m
          [33mclass[39m=[32m"mobile-nav-trigger"[39m
          [33mtype[39m=[32m"button"[39m
        [36m>[39m
          [36m<svg[39m
            [33maria-hidden[39m=[32m"true"[39m
            [33mclass[39m=[32m"lucide lucide-menu"[39m
            [33mfill[39m=[32m"none"[39m
            [33mheight[39m=[32m"18"[39m
            [33mstroke[39m=[32m"currentColor"[39m
            [33mstroke-linecap[39m=[32m"round"[39m
            [33mstroke-linejoin[39m=[32m"round"[39m
            [33mstroke-width[39m=[32m"2"[39m
            [33mviewBox[39m=[32m"0 0 24 24"[39m
            [33mwidth[39m=[32m"18"[39m
            [33mxmlns[39m=[32m"http://www.w3.org/2000/svg"[39m
          [36m>[39m
            [36m<path[39m
              [33md[39m=[32m"M4 5h16"[39m
            [36m/>[39m
            [36m<path[39m
              [33md[39m=[32m"M4 12h16"[39m
            [36m/>[39m
            [36m<path[39m
              [33md[39m=[32m"M4 19h16"[39m
            [36m/>[39m
          [36m</svg>[39m
          [36m<span>[39m
            [0m导航[0m
          [36m</span>[39m
        [36m</button>[39m
        [36m<nav[39m
          [33maria-label[39m=[32m"主导航"[39m
          [33mclass[39m=[32m"app-nav"[39m
          [33mid[39m=[32m"primary-navigation"[39m
        [36m>[39m
          [36m<button[39m
            [33maria-label[39m=[32m"我的交易室"[39m
            [33mclass[39m=[32m""[39m
            [33mtitle[39m=[32m"我的交易室"[39m
            [33mtype[39m=[32m"button"[39m
          [36m>[39m
            [36m<svg[39m
              [33maria-hidden[39m=[32m"true"[39m
              [33mclass[39m=[32m"lucide lucide-layout-dashboard"[39m
              [33mfill[39m=[32m"none"[39m
              [33mheight[39m=[32m"16"[39m
              [33mstroke[39m=[32m"currentColor"[39m
              [33mstroke-linecap[39m=[32m"round"[39m
              [33mstroke-linejoin[39m=[32m"round"[39m
              [33mstroke-width[39m=[32m"2"[39m
              [33mviewBox[39m=[32m"0 0 24 24"[39m
              [33mwidth[39m=[32m"16"[39m
              [33mxmlns[39m=[32m"http://www.w3.org/2000/svg"[39m
            [36m>[39m
              [36m<rect[39m
                [33mheight[39m=[32m"9"[39m
                [33mrx[39m=[32m"1"[39m
                [33mwidth[39m=[32m"7"[39m
                [33mx[39m=[32m"3"[39m
                [33my[39m=[32m"3"[39m
              [36m/>[39m
              [36m<rect[39m
                [33mheight[39m=[32m"5"[39m
                [33mrx[39m=[32m"1"[39m
                [33mwidth[39m=[32m"7"[39m
                [33mx[39m=[32m"14"[39m
                [33my[39m=[32m"3"[39m
              [36m/>[39m
              [36m<rect[39m
                [33mheight[39m=[32m"9"[39m
                [33mrx[39m=[32m"1"[39m
                [33mwidth[39m=[32m"7"[39m
                [33mx[39m=[32m"14"[39m
                [33my[39m=[32m"12"[39m
              [36m/>[39m
              [36m<rect[39m
                [33mheight[39m=[32m"5"[39m
                [33mrx[39m=[32m"1"[39m
                [33mwidth[39m=[32m"7"[39m
                [33mx[39m=[32m"3"[39m
                [33my[39m=[32m"16"[39m
              [36m/>[39m
            [36m</svg>[39m
            [36m<span[39m
              [33mclass[39m=[32m"app-nav-label"[39m
            [36m>[39m
              [0m我的交易室[0m
            [36m</span>[39m
          [36m</button>[39m
          [36m<button[39m
            [33maria-label[39m=[32m"交易库"[39m
            [33mclass[39m=[32m""[39m
            [33mtitle[39m=[32m"交易库"[39m
            [33mtype[39m=[32m"button"[39m
          [36m>[39m
            [36m<svg[39m
              [33maria-hidden[39m=[32m"true"[39m
              [33mclass[39m=[32m"lucide lucide-book-open-check"[39m
              [33mfill[39m=[32m"none"[39m
              [33mheight[39m=[32m"16"[39m
              [33mstroke[39m=[32m"currentColo...

Ignored nodes: comments, script, style
[36m<body>[39m
  [36m<div>[39m
    [36m<main[39m
      [33mclass[39m=[32m"trade-review-app is-review"[39m
    [36m>[39m
      [36m<input[39m
        [33maccept[39m=[32m".xlsx,.xls,.pdf"[39m
        [33maria-label[39m=[32m"导入交易记录"[39m
        [33mhidden[39m=[32m""[39m
        [33mmultiple[39m=[32m""[39m
        [33mtype[39m=[32m"file"[39m
      [36m/>[39m
      [36m<input[39m
        [33maccept[39m=[32m".csv,text/csv"[39m
        [33maria-label[39m=[32m"导入 TradingView 模拟交易"[39m
        [33mhidden[39m=[32m""[39m
        [33mtype[39m=[32m"file"[39m
      [36m/>[39m
      [36m<input[39m
        [33maccept[39m=[32m"image/jpeg,image/png,image/webp,.jpg,.jpeg,.png,.webp"[39m
        [33maria-label[39m=[32m"从截图恢复交易"[39m
        [33mhidden[39m=[32m""[39m
        [33mmultiple[39m=[32m""[39m
        [33mtype[39m=[32m"file"[39m
      [36m/>[39m
      [36m<aside[39m
        [33maria-label[39m=[32m"主导航"[39m
        [33mclass[39m=[32m"app-header app-sidebar "[39m
      [36m>[39m
        [36m<div[39m
          [33mclass[39m=[32m"brand"[39m
        [36m>[39m
          [36m<div[39m
            [33mclass[39m=[32m"brand-mark"[39m
          [36m>[39m
            [36m<svg[39m
              [33maria-hidden[39m=[32m"true"[39m
              [33mclass[39m=[32m"lucide lucide-book-open-check"[39m
              [33mfill[39m=[32m"none"[39m
              [33mheight[39m=[32m"19"[39m
              [33mstroke[39m=[32m"currentColor"[39m
              [33mstroke-linecap[39m=[32m"round"[39m
              [33mstroke-linejoin[39m=[32m"round"[39m
              [33mstroke-width[39m=[32m"2"[39m
              [33mviewBox[39m=[32m"0 0 24 24"[39m
              [33mwidth[39m=[32m"19"[39m
              [33mxmlns[39m=[32m"http://www.w3.org/2000/svg"[39m
            [36m>[39m
              [36m<path[39m
                [33md[39m=[32m"M12 5v16"[39m
              [36m/>[39m
              [36m<path[39m
                [33md[39m=[32m"m16 12 2 2 4-4"[39m
              [36m/>[39m
              [36m<path[39m
                [33md[39m=[32m"M22 6V5a2 2 0 00-1.999-2L16 3.002A5 5 0 0012 5a5 5 0 00-4-2H4a2 2 0 00-2 2v12a2 2 0 001.999 2H8a5 5 0 014 2 5 5 0 014-2h4.001A2 2 0 0022 17v-1.344"[39m
              [36m/>[39m
            [36m</svg>[39m
          [36m</div>[39m
          [36m<div>[39m
            [36m<strong>[39m
              [0mTradeReview[0m
            [36m</strong>[39m
            [36m<span>[39m
              [0m历史交易复盘[0m
            [36m</span>[39m
          [36m</div>[39m
        [36m</div>[39m
        [36m<button[39m
          [33maria-controls[39m=[32m"primary-navigation"[39m
          [33maria-expanded[39m=[32m"false"[39m
          [33maria-label[39m=[32m"导航"[39m
          [33mclass[39m=[32m"mobile-nav-trigger"[39m
          [33mtype[39m=[32m"button"[39m
        [36m>[39m
          [36m<svg[39m
            [33maria-hidden[39m=[32m"true"[39m
            [33mclass[39m=[32m"lucide lucide-menu"[39m
            [33mfill[39m=[32m"none"[39m
            [33mheight[39m=[32m"18"[39m
            [33mstroke[39m=[32m"currentColor"[39m
            [33mstroke-linecap[39m=[32m"round"[39m
            [33mstroke-linejoin[39m=[32m"round"[39m
            [33mstroke-width[39m=[32m"2"[39m
            [33mviewBox[39m=[32m"0 0 24 24"[39m
            [33mwidth[39m=[32m"18"[39m
            [33mxmlns[39m=[32m"http://www.w3.org/2000/svg"[39m
          [36m>[39m
            [36m<path[39m
              [33md[39m=[32m"M4 5h16"[39m
            [36m/>[39m
            [36m<path[39m
              [33md[39m=[32m"M4 12h16"[39m
            [36m/>[39m
            [36m<path[39m
              [33md[39m=[32m"M4 19h16"[39m
            [36m/>[39m
          [36m</svg>[39m
          [36m<span>[39m
            [0m导航[0m
          [36m</span>[39m
        [36m</button>[39m
        [36m<nav[39m
          [33maria-label[39m=[32m"主导航"[39m
          [33mclass[39m=[32m"app-nav"[39m
          [33mid[39m=[32m"primary-navigation"[39m
        [36m>[39m
          [36m<button[39m
            [33maria-label[39m=[32m"我的交易室"[39m
            [33mclass[39m=[32m""[39m
            [33mtitle[39m=[32m"我的交易室"[39m
            [33mtype[39m=[32m"button"[39m
          [36m>[39m
            [36m<svg[39m
              [33maria-hidden[39m=[32m"true"[39m
              [33mclass[39m=[32m"lucide lucide-layout-dashboard"[39m
              [33mfill[39m=[32m"none"[39m
              [33mheight[39m=[32m"16"[39m
              [33mstroke[39m=[32m"currentColor"[39m
              [33mstroke-linecap[39m=[32m"round"[39m
              [33mstroke-linejoin[39m=[32m"round"[39m
              [33mstroke-width[39m=[32m"2"[39m
              [33mviewBox[39m=[32m"0 0 24 24"[39m
              [33mwidth[39m=[32m"16"[39m
              [33mxmlns[39m=[32m"http://www.w3.org/2000/svg"[39m
            [36m>[39m
              [36m<rect[39m
                [33mheight[39m=[32m"9"[39m
                [33mrx[39m=[32m"1"[39m
                [33mwidth[39m=[32m"7"[39m
                [33mx[39m=[32m"3"[39m
                [33my[39m=[32m"3"[39m
              [36m/>[39m
              [36m<rect[39m
                [33mheight[39m=[32m"5"[39m
                [33mrx[39m=[32m"1"[39m
                [33mwidth[39m=[32m"7"[39m
                [33mx[39m=[32m"14"[39m
                [33my[39m=[32m"3"[39m
              [36m/>[39m
              [36m<rect[39m
                [33mheight[39m=[32m"9"[39m
                [33mrx[39m=[32m"1"[39m
                [33mwidth[39m=[32m"7"[39m
                [33mx[39m=[32m"14"[39m
                [33my[39m=[32m"12"[39m
              [36m/>[39m
              [36m<rect[39m
                [33mheight[39m=[32m"5"[39m
                [33mrx[39m=[32m"1"[39m
                [33mwidth[39m=[32m"7"[39m
                [33mx[39m=[32m"3"[39m
                [33my[39m=[32m"16"[39m
              [36m/>[39m
            [36m</svg>[39m
            [36m<span[39m
              [33mclass[39m=[32m"app-nav-label"[39m
            [36m>[39m
              [0m我的交易室[0m
            [36m</span>[39m
          [36m</button>[39m
          [36m<button[39m
            [33maria-label[39m=[32m"交易库"[39m
            [33mclass[39m=[32m""[39m
            [33mtitle[39m=[32m"交易库"[39m
            [33mtype[39m=[32m"button"[39m
          [36m>[39m
            [36m<svg[39m
              [33maria-hidden[39m=[32m"true"[39m
              [33mclass[39m=[32m"lucide lucide-book-open-check"[39m
              [33mfill[39m=[32m"none"[39m
              [33mheight[39m=[32m"16"[39m
              [33mstroke[39m=[32m"currentColo...
 ❯ waitForWrapper node_modules/@testing-library/dom/dist/wait-for.js:163:27
 ❯ node_modules/@testing-library/dom/dist/query-helpers.js:86:33
 ❯ app/components/trade-review-workspace.test.tsx:718:25
    716|     await user.click(screen.getByRole("button", { name: "打开待处理事项" }));
    717|     await user.click(screen.getByRole("button", { name: /已平仓待复盘/ }));
    718|     expect(await screen.findByRole("button", { name: "返回分析" })).toBeIn…
       |                         ^
    719|     await user.click(screen.getByRole("button", { name: "返回分析" }));
    720|     expect(await screen.findByRole("heading", { name: "分析", level: 1 }…

⎯⎯⎯⎯⎯⎯⎯⎯⎯⎯⎯⎯⎯⎯⎯⎯⎯⎯⎯⎯⎯⎯[15/65]⎯

 FAIL  app/components/trade-review-workspace.test.tsx > TradeReviewWorkspace > keeps imported review actions in the Recall frame without a duplicate page header
TestingLibraryElementError: Unable to find a label with the text of: 图表工具栏

Ignored nodes: comments, script, style
[36m<body>[39m
  [36m<div>[39m
    [36m<main[39m
      [33mclass[39m=[32m"trade-review-app is-review"[39m
    [36m>[39m
      [36m<input[39m
        [33maccept[39m=[32m".xlsx,.xls,.pdf"[39m
        [33maria-label[39m=[32m"导入交易记录"[39m
        [33mhidden[39m=[32m""[39m
        [33mmultiple[39m=[32m""[39m
        [33mtype[39m=[32m"file"[39m
      [36m/>[39m
      [36m<input[39m
        [33maccept[39m=[32m".csv,text/csv"[39m
        [33maria-label[39m=[32m"导入 TradingView 模拟交易"[39m
        [33mhidden[39m=[32m""[39m
        [33mtype[39m=[32m"file"[39m
      [36m/>[39m
      [36m<input[39m
        [33maccept[39m=[32m"image/jpeg,image/png,image/webp,.jpg,.jpeg,.png,.webp"[39m
        [33maria-label[39m=[32m"从截图恢复交易"[39m
        [33mhidden[39m=[32m""[39m
        [33mmultiple[39m=[32m""[39m
        [33mtype[39m=[32m"file"[39m
      [36m/>[39m
      [36m<aside[39m
        [33maria-label[39m=[32m"主导航"[39m
        [33mclass[39m=[32m"app-header app-sidebar "[39m
      [36m>[39m
        [36m<div[39m
          [33mclass[39m=[32m"brand"[39m
        [36m>[39m
          [36m<div[39m
            [33mclass[39m=[32m"brand-mark"[39m
          [36m>[39m
            [36m<svg[39m
              [33maria-hidden[39m=[32m"true"[39m
              [33mclass[39m=[32m"lucide lucide-book-open-check"[39m
              [33mfill[39m=[32m"none"[39m
              [33mheight[39m=[32m"19"[39m
              [33mstroke[39m=[32m"currentColor"[39m
              [33mstroke-linecap[39m=[32m"round"[39m
              [33mstroke-linejoin[39m=[32m"round"[39m
              [33mstroke-width[39m=[32m"2"[39m
              [33mviewBox[39m=[32m"0 0 24 24"[39m
              [33mwidth[39m=[32m"19"[39m
              [33mxmlns[39m=[32m"http://www.w3.org/2000/svg"[39m
            [36m>[39m
              [36m<path[39m
                [33md[39m=[32m"M12 5v16"[39m
              [36m/>[39m
              [36m<path[39m
                [33md[39m=[32m"m16 12 2 2 4-4"[39m
              [36m/>[39m
              [36m<path[39m
                [33md[39m=[32m"M22 6V5a2 2 0 00-1.999-2L16 3.002A5 5 0 0012 5a5 5 0 00-4-2H4a2 2 0 00-2 2v12a2 2 0 001.999 2H8a5 5 0 014 2 5 5 0 014-2h4.001A2 2 0 0022 17v-1.344"[39m
              [36m/>[39m
            [36m</svg>[39m
          [36m</div>[39m
          [36m<div>[39m
            [36m<strong>[39m
              [0mTradeReview[0m
            [36m</strong>[39m
            [36m<span>[39m
              [0m历史交易复盘[0m
            [36m</span>[39m
          [36m</div>[39m
        [36m</div>[39m
        [36m<button[39m
          [33maria-controls[39m=[32m"primary-navigation"[39m
          [33maria-expanded[39m=[32m"false"[39m
          [33maria-label[39m=[32m"导航"[39m
          [33mclass[39m=[32m"mobile-nav-trigger"[39m
          [33mtype[39m=[32m"button"[39m
        [36m>[39m
          [36m<svg[39m
            [33maria-hidden[39m=[32m"true"[39m
            [33mclass[39m=[32m"lucide lucide-menu"[39m
            [33mfill[39m=[32m"none"[39m
            [33mheight[39m=[32m"18"[39m
            [33mstroke[39m=[32m"currentColor"[39m
            [33mstroke-linecap[39m=[32m"round"[39m
            [33mstroke-linejoin[39m=[32m"round"[39m
            [33mstroke-width[39m=[32m"2"[39m
            [33mviewBox[39m=[32m"0 0 24 24"[39m
            [33mwidth[39m=[32m"18"[39m
            [33mxmlns[39m=[32m"http://www.w3.org/2000/svg"[39m
          [36m>[39m
            [36m<path[39m
              [33md[39m=[32m"M4 5h16"[39m
            [36m/>[39m
            [36m<path[39m
              [33md[39m=[32m"M4 12h16"[39m
            [36m/>[39m
            [36m<path[39m
              [33md[39m=[32m"M4 19h16"[39m
            [36m/>[39m
          [36m</svg>[39m
          [36m<span>[39m
            [0m导航[0m
          [36m</span>[39m
        [36m</button>[39m
        [36m<nav[39m
          [33maria-label[39m=[32m"主导航"[39m
          [33mclass[39m=[32m"app-nav"[39m
          [33mid[39m=[32m"primary-navigation"[39m
        [36m>[39m
          [36m<button[39m
            [33maria-label[39m=[32m"我的交易室"[39m
            [33mclass[39m=[32m""[39m
            [33mtitle[39m=[32m"我的交易室"[39m
            [33mtype[39m=[32m"button"[39m
          [36m>[39m
            [36m<svg[39m
              [33maria-hidden[39m=[32m"true"[39m
              [33mclass[39m=[32m"lucide lucide-layout-dashboard"[39m
              [33mfill[39m=[32m"none"[39m
              [33mheight[39m=[32m"16"[39m
              [33mstroke[39m=[32m"currentColor"[39m
              [33mstroke-linecap[39m=[32m"round"[39m
              [33mstroke-linejoin[39m=[32m"round"[39m
              [33mstroke-width[39m=[32m"2"[39m
              [33mviewBox[39m=[32m"0 0 24 24"[39m
              [33mwidth[39m=[32m"16"[39m
              [33mxmlns[39m=[32m"http://www.w3.org/2000/svg"[39m
            [36m>[39m
              [36m<rect[39m
                [33mheight[39m=[32m"9"[39m
                [33mrx[39m=[32m"1"[39m
                [33mwidth[39m=[32m"7"[39m
                [33mx[39m=[32m"3"[39m
                [33my[39m=[32m"3"[39m
              [36m/>[39m
              [36m<rect[39m
                [33mheight[39m=[32m"5"[39m
                [33mrx[39m=[32m"1"[39m
                [33mwidth[39m=[32m"7"[39m
                [33mx[39m=[32m"14"[39m
                [33my[39m=[32m"3"[39m
              [36m/>[39m
              [36m<rect[39m
                [33mheight[39m=[32m"9"[39m
                [33mrx[39m=[32m"1"[39m
                [33mwidth[39m=[32m"7"[39m
                [33mx[39m=[32m"14"[39m
                [33my[39m=[32m"12"[39m
              [36m/>[39m
              [36m<rect[39m
                [33mheight[39m=[32m"5"[39m
                [33mrx[39m=[32m"1"[39m
                [33mwidth[39m=[32m"7"[39m
                [33mx[39m=[32m"3"[39m
                [33my[39m=[32m"16"[39m
              [36m/>[39m
            [36m</svg>[39m
            [36m<span[39m
              [33mclass[39m=[32m"app-nav-label"[39m
            [36m>[39m
              [0m我的交易室[0m
            [36m</span>[39m
          [36m</button>[39m
          [36m<button[39m
            [33maria-label[39m=[32m"交易库"[39m
            [33mclass[39m=[32m""[39m
            [33mtitle[39m=[32m"交易库"[39m
            [33mtype[39m=[32m"button"[39m
          [36m>[39m
            [36m<svg[39m
              [33maria-hidden[39m=[32m"true"[39m
              [33mclass[39m=[32m"lucide lucide-book-open-check"[39m
              [33mfill[39m=[32m"none"[39m
              [33mheight[39m=[32m"16"[39m
              [33mstroke[39m=[32m"currentColo...

Ignored nodes: comments, script, style
[36m<body>[39m
  [36m<div>[39m
    [36m<main[39m
      [33mclass[39m=[32m"trade-review-app is-review"[39m
    [36m>[39m
      [36m<input[39m
        [33maccept[39m=[32m".xlsx,.xls,.pdf"[39m
        [33maria-label[39m=[32m"导入交易记录"[39m
        [33mhidden[39m=[32m""[39m
        [33mmultiple[39m=[32m""[39m
        [33mtype[39m=[32m"file"[39m
      [36m/>[39m
      [36m<input[39m
        [33maccept[39m=[32m".csv,text/csv"[39m
        [33maria-label[39m=[32m"导入 TradingView 模拟交易"[39m
        [33mhidden[39m=[32m""[39m
        [33mtype[39m=[32m"file"[39m
      [36m/>[39m
      [36m<input[39m
        [33maccept[39m=[32m"image/jpeg,image/png,image/webp,.jpg,.jpeg,.png,.webp"[39m
        [33maria-label[39m=[32m"从截图恢复交易"[39m
        [33mhidden[39m=[32m""[39m
        [33mmultiple[39m=[32m""[39m
        [33mtype[39m=[32m"file"[39m
      [36m/>[39m
      [36m<aside[39m
        [33maria-label[39m=[32m"主导航"[39m
        [33mclass[39m=[32m"app-header app-sidebar "[39m
      [36m>[39m
        [36m<div[39m
          [33mclass[39m=[32m"brand"[39m
        [36m>[39m
          [36m<div[39m
            [33mclass[39m=[32m"brand-mark"[39m
          [36m>[39m
            [36m<svg[39m
              [33maria-hidden[39m=[32m"true"[39m
              [33mclass[39m=[32m"lucide lucide-book-open-check"[39m
              [33mfill[39m=[32m"none"[39m
              [33mheight[39m=[32m"19"[39m
              [33mstroke[39m=[32m"currentColor"[39m
              [33mstroke-linecap[39m=[32m"round"[39m
              [33mstroke-linejoin[39m=[32m"round"[39m
              [33mstroke-width[39m=[32m"2"[39m
              [33mviewBox[39m=[32m"0 0 24 24"[39m
              [33mwidth[39m=[32m"19"[39m
              [33mxmlns[39m=[32m"http://www.w3.org/2000/svg"[39m
            [36m>[39m
              [36m<path[39m
                [33md[39m=[32m"M12 5v16"[39m
              [36m/>[39m
              [36m<path[39m
                [33md[39m=[32m"m16 12 2 2 4-4"[39m
              [36m/>[39m
              [36m<path[39m
                [33md[39m=[32m"M22 6V5a2 2 0 00-1.999-2L16 3.002A5 5 0 0012 5a5 5 0 00-4-2H4a2 2 0 00-2 2v12a2 2 0 001.999 2H8a5 5 0 014 2 5 5 0 014-2h4.001A2 2 0 0022 17v-1.344"[39m
              [36m/>[39m
            [36m</svg>[39m
          [36m</div>[39m
          [36m<div>[39m
            [36m<strong>[39m
              [0mTradeReview[0m
            [36m</strong>[39m
            [36m<span>[39m
              [0m历史交易复盘[0m
            [36m</span>[39m
          [36m</div>[39m
        [36m</div>[39m
        [36m<button[39m
          [33maria-controls[39m=[32m"primary-navigation"[39m
          [33maria-expanded[39m=[32m"false"[39m
          [33maria-label[39m=[32m"导航"[39m
          [33mclass[39m=[32m"mobile-nav-trigger"[39m
          [33mtype[39m=[32m"button"[39m
        [36m>[39m
          [36m<svg[39m
            [33maria-hidden[39m=[32m"true"[39m
            [33mclass[39m=[32m"lucide lucide-menu"[39m
            [33mfill[39m=[32m"none"[39m
            [33mheight[39m=[32m"18"[39m
            [33mstroke[39m=[32m"currentColor"[39m
            [33mstroke-linecap[39m=[32m"round"[39m
            [33mstroke-linejoin[39m=[32m"round"[39m
            [33mstroke-width[39m=[32m"2"[39m
            [33mviewBox[39m=[32m"0 0 24 24"[39m
            [33mwidth[39m=[32m"18"[39m
            [33mxmlns[39m=[32m"http://www.w3.org/2000/svg"[39m
          [36m>[39m
            [36m<path[39m
              [33md[39m=[32m"M4 5h16"[39m
            [36m/>[39m
            [36m<path[39m
              [33md[39m=[32m"M4 12h16"[39m
            [36m/>[39m
            [36m<path[39m
              [33md[39m=[32m"M4 19h16"[39m
            [36m/>[39m
          [36m</svg>[39m
          [36m<span>[39m
            [0m导航[0m
          [36m</span>[39m
        [36m</button>[39m
        [36m<nav[39m
          [33maria-label[39m=[32m"主导航"[39m
          [33mclass[39m=[32m"app-nav"[39m
          [33mid[39m=[32m"primary-navigation"[39m
        [36m>[39m
          [36m<button[39m
            [33maria-label[39m=[32m"我的交易室"[39m
            [33mclass[39m=[32m""[39m
            [33mtitle[39m=[32m"我的交易室"[39m
            [33mtype[39m=[32m"button"[39m
          [36m>[39m
            [36m<svg[39m
              [33maria-hidden[39m=[32m"true"[39m
              [33mclass[39m=[32m"lucide lucide-layout-dashboard"[39m
              [33mfill[39m=[32m"none"[39m
              [33mheight[39m=[32m"16"[39m
              [33mstroke[39m=[32m"currentColor"[39m
              [33mstroke-linecap[39m=[32m"round"[39m
              [33mstroke-linejoin[39m=[32m"round"[39m
              [33mstroke-width[39m=[32m"2"[39m
              [33mviewBox[39m=[32m"0 0 24 24"[39m
              [33mwidth[39m=[32m"16"[39m
              [33mxmlns[39m=[32m"http://www.w3.org/2000/svg"[39m
            [36m>[39m
              [36m<rect[39m
                [33mheight[39m=[32m"9"[39m
                [33mrx[39m=[32m"1"[39m
                [33mwidth[39m=[32m"7"[39m
                [33mx[39m=[32m"3"[39m
                [33my[39m=[32m"3"[39m
              [36m/>[39m
              [36m<rect[39m
                [33mheight[39m=[32m"5"[39m
                [33mrx[39m=[32m"1"[39m
                [33mwidth[39m=[32m"7"[39m
                [33mx[39m=[32m"14"[39m
                [33my[39m=[32m"3"[39m
              [36m/>[39m
              [36m<rect[39m
                [33mheight[39m=[32m"9"[39m
                [33mrx[39m=[32m"1"[39m
                [33mwidth[39m=[32m"7"[39m
                [33mx[39m=[32m"14"[39m
                [33my[39m=[32m"12"[39m
              [36m/>[39m
              [36m<rect[39m
                [33mheight[39m=[32m"5"[39m
                [33mrx[39m=[32m"1"[39m
                [33mwidth[39m=[32m"7"[39m
                [33mx[39m=[32m"3"[39m
                [33my[39m=[32m"16"[39m
              [36m/>[39m
            [36m</svg>[39m
            [36m<span[39m
              [33mclass[39m=[32m"app-nav-label"[39m
            [36m>[39m
              [0m我的交易室[0m
            [36m</span>[39m
          [36m</button>[39m
          [36m<button[39m
            [33maria-label[39m=[32m"交易库"[39m
            [33mclass[39m=[32m""[39m
            [33mtitle[39m=[32m"交易库"[39m
            [33mtype[39m=[32m"button"[39m
          [36m>[39m
            [36m<svg[39m
              [33maria-hidden[39m=[32m"true"[39m
              [33mclass[39m=[32m"lucide lucide-book-open-check"[39m
              [33mfill[39m=[32m"none"[39m
              [33mheight[39m=[32m"16"[39m
              [33mstroke[39m=[32m"currentColo...
 ❯ waitForWrapper node_modules/@testing-library/dom/dist/wait-for.js:163:27
 ❯ node_modules/@testing-library/dom/dist/query-helpers.js:86:33
 ❯ enterImportedReviewFromDashboard app/components/trade-review-workspace.test.tsx:1040:18
    1038|     if (!round) throw new Error("目标标的没有可打开的交易回合");
    1039|     await user.click(round);
    1040|     await screen.findByLabelText("图表工具栏");
       |                  ^
    1041|   }
    1042|
 ❯ renderGoldReplay app/components/trade-review-workspace.test.tsx:861:7
 ❯ app/components/trade-review-workspace.test.tsx:878:5

⎯⎯⎯⎯⎯⎯⎯⎯⎯⎯⎯⎯⎯⎯⎯⎯⎯⎯⎯⎯⎯⎯[16/65]⎯

 FAIL  app/components/trade-review-workspace.test.tsx > TradeReviewWorkspace > keeps Recall header actions wired to data management, repair, and return navigation
TestingLibraryElementError: Unable to find a label with the text of: 图表工具栏

Ignored nodes: comments, script, style
[36m<body>[39m
  [36m<div>[39m
    [36m<main[39m
      [33mclass[39m=[32m"trade-review-app is-review"[39m
    [36m>[39m
      [36m<input[39m
        [33maccept[39m=[32m".xlsx,.xls,.pdf"[39m
        [33maria-label[39m=[32m"导入交易记录"[39m
        [33mhidden[39m=[32m""[39m
        [33mmultiple[39m=[32m""[39m
        [33mtype[39m=[32m"file"[39m
      [36m/>[39m
      [36m<input[39m
        [33maccept[39m=[32m".csv,text/csv"[39m
        [33maria-label[39m=[32m"导入 TradingView 模拟交易"[39m
        [33mhidden[39m=[32m""[39m
        [33mtype[39m=[32m"file"[39m
      [36m/>[39m
      [36m<input[39m
        [33maccept[39m=[32m"image/jpeg,image/png,image/webp,.jpg,.jpeg,.png,.webp"[39m
        [33maria-label[39m=[32m"从截图恢复交易"[39m
        [33mhidden[39m=[32m""[39m
        [33mmultiple[39m=[32m""[39m
        [33mtype[39m=[32m"file"[39m
      [36m/>[39m
      [36m<aside[39m
        [33maria-label[39m=[32m"主导航"[39m
        [33mclass[39m=[32m"app-header app-sidebar "[39m
      [36m>[39m
        [36m<div[39m
          [33mclass[39m=[32m"brand"[39m
        [36m>[39m
          [36m<div[39m
            [33mclass[39m=[32m"brand-mark"[39m
          [36m>[39m
            [36m<svg[39m
              [33maria-hidden[39m=[32m"true"[39m
              [33mclass[39m=[32m"lucide lucide-book-open-check"[39m
              [33mfill[39m=[32m"none"[39m
              [33mheight[39m=[32m"19"[39m
              [33mstroke[39m=[32m"currentColor"[39m
              [33mstroke-linecap[39m=[32m"round"[39m
              [33mstroke-linejoin[39m=[32m"round"[39m
              [33mstroke-width[39m=[32m"2"[39m
              [33mviewBox[39m=[32m"0 0 24 24"[39m
              [33mwidth[39m=[32m"19"[39m
              [33mxmlns[39m=[32m"http://www.w3.org/2000/svg"[39m
            [36m>[39m
              [36m<path[39m
                [33md[39m=[32m"M12 5v16"[39m
              [36m/>[39m
              [36m<path[39m
                [33md[39m=[32m"m16 12 2 2 4-4"[39m
              [36m/>[39m
              [36m<path[39m
                [33md[39m=[32m"M22 6V5a2 2 0 00-1.999-2L16 3.002A5 5 0 0012 5a5 5 0 00-4-2H4a2 2 0 00-2 2v12a2 2 0 001.999 2H8a5 5 0 014 2 5 5 0 014-2h4.001A2 2 0 0022 17v-1.344"[39m
              [36m/>[39m
            [36m</svg>[39m
          [36m</div>[39m
          [36m<div>[39m
            [36m<strong>[39m
              [0mTradeReview[0m
            [36m</strong>[39m
            [36m<span>[39m
              [0m历史交易复盘[0m
            [36m</span>[39m
          [36m</div>[39m
        [36m</div>[39m
        [36m<button[39m
          [33maria-controls[39m=[32m"primary-navigation"[39m
          [33maria-expanded[39m=[32m"false"[39m
          [33maria-label[39m=[32m"导航"[39m
          [33mclass[39m=[32m"mobile-nav-trigger"[39m
          [33mtype[39m=[32m"button"[39m
        [36m>[39m
          [36m<svg[39m
            [33maria-hidden[39m=[32m"true"[39m
            [33mclass[39m=[32m"lucide lucide-menu"[39m
            [33mfill[39m=[32m"none"[39m
            [33mheight[39m=[32m"18"[39m
            [33mstroke[39m=[32m"currentColor"[39m
            [33mstroke-linecap[39m=[32m"round"[39m
            [33mstroke-linejoin[39m=[32m"round"[39m
            [33mstroke-width[39m=[32m"2"[39m
            [33mviewBox[39m=[32m"0 0 24 24"[39m
            [33mwidth[39m=[32m"18"[39m
            [33mxmlns[39m=[32m"http://www.w3.org/2000/svg"[39m
          [36m>[39m
            [36m<path[39m
              [33md[39m=[32m"M4 5h16"[39m
            [36m/>[39m
            [36m<path[39m
              [33md[39m=[32m"M4 12h16"[39m
            [36m/>[39m
            [36m<path[39m
              [33md[39m=[32m"M4 19h16"[39m
            [36m/>[39m
          [36m</svg>[39m
          [36m<span>[39m
            [0m导航[0m
          [36m</span>[39m
        [36m</button>[39m
        [36m<nav[39m
          [33maria-label[39m=[32m"主导航"[39m
          [33mclass[39m=[32m"app-nav"[39m
          [33mid[39m=[32m"primary-navigation"[39m
        [36m>[39m
          [36m<button[39m
            [33maria-label[39m=[32m"我的交易室"[39m
            [33mclass[39m=[32m""[39m
            [33mtitle[39m=[32m"我的交易室"[39m
            [33mtype[39m=[32m"button"[39m
          [36m>[39m
            [36m<svg[39m
              [33maria-hidden[39m=[32m"true"[39m
              [33mclass[39m=[32m"lucide lucide-layout-dashboard"[39m
              [33mfill[39m=[32m"none"[39m
              [33mheight[39m=[32m"16"[39m
              [33mstroke[39m=[32m"currentColor"[39m
              [33mstroke-linecap[39m=[32m"round"[39m
              [33mstroke-linejoin[39m=[32m"round"[39m
              [33mstroke-width[39m=[32m"2"[39m
              [33mviewBox[39m=[32m"0 0 24 24"[39m
              [33mwidth[39m=[32m"16"[39m
              [33mxmlns[39m=[32m"http://www.w3.org/2000/svg"[39m
            [36m>[39m
              [36m<rect[39m
                [33mheight[39m=[32m"9"[39m
                [33mrx[39m=[32m"1"[39m
                [33mwidth[39m=[32m"7"[39m
                [33mx[39m=[32m"3"[39m
                [33my[39m=[32m"3"[39m
              [36m/>[39m
              [36m<rect[39m
                [33mheight[39m=[32m"5"[39m
                [33mrx[39m=[32m"1"[39m
                [33mwidth[39m=[32m"7"[39m
                [33mx[39m=[32m"14"[39m
                [33my[39m=[32m"3"[39m
              [36m/>[39m
              [36m<rect[39m
                [33mheight[39m=[32m"9"[39m
                [33mrx[39m=[32m"1"[39m
                [33mwidth[39m=[32m"7"[39m
                [33mx[39m=[32m"14"[39m
                [33my[39m=[32m"12"[39m
              [36m/>[39m
              [36m<rect[39m
                [33mheight[39m=[32m"5"[39m
                [33mrx[39m=[32m"1"[39m
                [33mwidth[39m=[32m"7"[39m
                [33mx[39m=[32m"3"[39m
                [33my[39m=[32m"16"[39m
              [36m/>[39m
            [36m</svg>[39m
            [36m<span[39m
              [33mclass[39m=[32m"app-nav-label"[39m
            [36m>[39m
              [0m我的交易室[0m
            [36m</span>[39m
          [36m</button>[39m
          [36m<button[39m
            [33maria-label[39m=[32m"交易库"[39m
            [33mclass[39m=[32m""[39m
            [33mtitle[39m=[32m"交易库"[39m
            [33mtype[39m=[32m"button"[39m
          [36m>[39m
            [36m<svg[39m
              [33maria-hidden[39m=[32m"true"[39m
              [33mclass[39m=[32m"lucide lucide-book-open-check"[39m
              [33mfill[39m=[32m"none"[39m
              [33mheight[39m=[32m"16"[39m
              [33mstroke[39m=[32m"currentColo...

Ignored nodes: comments, script, style
[36m<body>[39m
  [36m<div>[39m
    [36m<main[39m
      [33mclass[39m=[32m"trade-review-app is-review"[39m
    [36m>[39m
      [36m<input[39m
        [33maccept[39m=[32m".xlsx,.xls,.pdf"[39m
        [33maria-label[39m=[32m"导入交易记录"[39m
        [33mhidden[39m=[32m""[39m
        [33mmultiple[39m=[32m""[39m
        [33mtype[39m=[32m"file"[39m
      [36m/>[39m
      [36m<input[39m
        [33maccept[39m=[32m".csv,text/csv"[39m
        [33maria-label[39m=[32m"导入 TradingView 模拟交易"[39m
        [33mhidden[39m=[32m""[39m
        [33mtype[39m=[32m"file"[39m
      [36m/>[39m
      [36m<input[39m
        [33maccept[39m=[32m"image/jpeg,image/png,image/webp,.jpg,.jpeg,.png,.webp"[39m
        [33maria-label[39m=[32m"从截图恢复交易"[39m
        [33mhidden[39m=[32m""[39m
        [33mmultiple[39m=[32m""[39m
        [33mtype[39m=[32m"file"[39m
      [36m/>[39m
      [36m<aside[39m
        [33maria-label[39m=[32m"主导航"[39m
        [33mclass[39m=[32m"app-header app-sidebar "[39m
      [36m>[39m
        [36m<div[39m
          [33mclass[39m=[32m"brand"[39m
        [36m>[39m
          [36m<div[39m
            [33mclass[39m=[32m"brand-mark"[39m
          [36m>[39m
            [36m<svg[39m
              [33maria-hidden[39m=[32m"true"[39m
              [33mclass[39m=[32m"lucide lucide-book-open-check"[39m
              [33mfill[39m=[32m"none"[39m
              [33mheight[39m=[32m"19"[39m
              [33mstroke[39m=[32m"currentColor"[39m
              [33mstroke-linecap[39m=[32m"round"[39m
              [33mstroke-linejoin[39m=[32m"round"[39m
              [33mstroke-width[39m=[32m"2"[39m
              [33mviewBox[39m=[32m"0 0 24 24"[39m
              [33mwidth[39m=[32m"19"[39m
              [33mxmlns[39m=[32m"http://www.w3.org/2000/svg"[39m
            [36m>[39m
              [36m<path[39m
                [33md[39m=[32m"M12 5v16"[39m
              [36m/>[39m
              [36m<path[39m
                [33md[39m=[32m"m16 12 2 2 4-4"[39m
              [36m/>[39m
              [36m<path[39m
                [33md[39m=[32m"M22 6V5a2 2 0 00-1.999-2L16 3.002A5 5 0 0012 5a5 5 0 00-4-2H4a2 2 0 00-2 2v12a2 2 0 001.999 2H8a5 5 0 014 2 5 5 0 014-2h4.001A2 2 0 0022 17v-1.344"[39m
              [36m/>[39m
            [36m</svg>[39m
          [36m</div>[39m
          [36m<div>[39m
            [36m<strong>[39m
              [0mTradeReview[0m
            [36m</strong>[39m
            [36m<span>[39m
              [0m历史交易复盘[0m
            [36m</span>[39m
          [36m</div>[39m
        [36m</div>[39m
        [36m<button[39m
          [33maria-controls[39m=[32m"primary-navigation"[39m
          [33maria-expanded[39m=[32m"false"[39m
          [33maria-label[39m=[32m"导航"[39m
          [33mclass[39m=[32m"mobile-nav-trigger"[39m
          [33mtype[39m=[32m"button"[39m
        [36m>[39m
          [36m<svg[39m
            [33maria-hidden[39m=[32m"true"[39m
            [33mclass[39m=[32m"lucide lucide-menu"[39m
            [33mfill[39m=[32m"none"[39m
            [33mheight[39m=[32m"18"[39m
            [33mstroke[39m=[32m"currentColor"[39m
            [33mstroke-linecap[39m=[32m"round"[39m
            [33mstroke-linejoin[39m=[32m"round"[39m
            [33mstroke-width[39m=[32m"2"[39m
            [33mviewBox[39m=[32m"0 0 24 24"[39m
            [33mwidth[39m=[32m"18"[39m
            [33mxmlns[39m=[32m"http://www.w3.org/2000/svg"[39m
          [36m>[39m
            [36m<path[39m
              [33md[39m=[32m"M4 5h16"[39m
            [36m/>[39m
            [36m<path[39m
              [33md[39m=[32m"M4 12h16"[39m
            [36m/>[39m
            [36m<path[39m
              [33md[39m=[32m"M4 19h16"[39m
            [36m/>[39m
          [36m</svg>[39m
          [36m<span>[39m
            [0m导航[0m
          [36m</span>[39m
        [36m</button>[39m
        [36m<nav[39m
          [33maria-label[39m=[32m"主导航"[39m
          [33mclass[39m=[32m"app-nav"[39m
          [33mid[39m=[32m"primary-navigation"[39m
        [36m>[39m
          [36m<button[39m
            [33maria-label[39m=[32m"我的交易室"[39m
            [33mclass[39m=[32m""[39m
            [33mtitle[39m=[32m"我的交易室"[39m
            [33mtype[39m=[32m"button"[39m
          [36m>[39m
            [36m<svg[39m
              [33maria-hidden[39m=[32m"true"[39m
              [33mclass[39m=[32m"lucide lucide-layout-dashboard"[39m
              [33mfill[39m=[32m"none"[39m
              [33mheight[39m=[32m"16"[39m
              [33mstroke[39m=[32m"currentColor"[39m
              [33mstroke-linecap[39m=[32m"round"[39m
              [33mstroke-linejoin[39m=[32m"round"[39m
              [33mstroke-width[39m=[32m"2"[39m
              [33mviewBox[39m=[32m"0 0 24 24"[39m
              [33mwidth[39m=[32m"16"[39m
              [33mxmlns[39m=[32m"http://www.w3.org/2000/svg"[39m
            [36m>[39m
              [36m<rect[39m
                [33mheight[39m=[32m"9"[39m
                [33mrx[39m=[32m"1"[39m
                [33mwidth[39m=[32m"7"[39m
                [33mx[39m=[32m"3"[39m
                [33my[39m=[32m"3"[39m
              [36m/>[39m
              [36m<rect[39m
                [33mheight[39m=[32m"5"[39m
                [33mrx[39m=[32m"1"[39m
                [33mwidth[39m=[32m"7"[39m
                [33mx[39m=[32m"14"[39m
                [33my[39m=[32m"3"[39m
              [36m/>[39m
              [36m<rect[39m
                [33mheight[39m=[32m"9"[39m
                [33mrx[39m=[32m"1"[39m
                [33mwidth[39m=[32m"7"[39m
                [33mx[39m=[32m"14"[39m
                [33my[39m=[32m"12"[39m
              [36m/>[39m
              [36m<rect[39m
                [33mheight[39m=[32m"5"[39m
                [33mrx[39m=[32m"1"[39m
                [33mwidth[39m=[32m"7"[39m
                [33mx[39m=[32m"3"[39m
                [33my[39m=[32m"16"[39m
              [36m/>[39m
            [36m</svg>[39m
            [36m<span[39m
              [33mclass[39m=[32m"app-nav-label"[39m
            [36m>[39m
              [0m我的交易室[0m
            [36m</span>[39m
          [36m</button>[39m
          [36m<button[39m
            [33maria-label[39m=[32m"交易库"[39m
            [33mclass[39m=[32m""[39m
            [33mtitle[39m=[32m"交易库"[39m
            [33mtype[39m=[32m"button"[39m
          [36m>[39m
            [36m<svg[39m
              [33maria-hidden[39m=[32m"true"[39m
              [33mclass[39m=[32m"lucide lucide-book-open-check"[39m
              [33mfill[39m=[32m"none"[39m
              [33mheight[39m=[32m"16"[39m
              [33mstroke[39m=[32m"currentColo...
 ❯ waitForWrapper node_modules/@testing-library/dom/dist/wait-for.js:163:27
 ❯ node_modules/@testing-library/dom/dist/query-helpers.js:86:33
 ❯ enterImportedReviewFromDashboard app/components/trade-review-workspace.test.tsx:1040:18
    1038|     if (!round) throw new Error("目标标的没有可打开的交易回合");
    1039|     await user.click(round);
    1040|     await screen.findByLabelText("图表工具栏");
       |                  ^
    1041|   }
    1042|
 ❯ renderGoldReplay app/components/trade-review-workspace.test.tsx:861:7
 ❯ app/components/trade-review-workspace.test.tsx:894:5

⎯⎯⎯⎯⎯⎯⎯⎯⎯⎯⎯⎯⎯⎯⎯⎯⎯⎯⎯⎯⎯⎯[17/65]⎯

 FAIL  app/components/trade-review-workspace.test.tsx > TradeReviewWorkspace > keeps the parent review mounted until a failed navigation save is retried successfully
TestingLibraryElementError: Unable to find a label with the text of: 图表工具栏

Ignored nodes: comments, script, style
[36m<body>[39m
  [36m<div>[39m
    [36m<main[39m
      [33mclass[39m=[32m"trade-review-app is-review"[39m
    [36m>[39m
      [36m<input[39m
        [33maccept[39m=[32m".xlsx,.xls,.pdf"[39m
        [33maria-label[39m=[32m"导入交易记录"[39m
        [33mhidden[39m=[32m""[39m
        [33mmultiple[39m=[32m""[39m
        [33mtype[39m=[32m"file"[39m
      [36m/>[39m
      [36m<input[39m
        [33maccept[39m=[32m".csv,text/csv"[39m
        [33maria-label[39m=[32m"导入 TradingView 模拟交易"[39m
        [33mhidden[39m=[32m""[39m
        [33mtype[39m=[32m"file"[39m
      [36m/>[39m
      [36m<input[39m
        [33maccept[39m=[32m"image/jpeg,image/png,image/webp,.jpg,.jpeg,.png,.webp"[39m
        [33maria-label[39m=[32m"从截图恢复交易"[39m
        [33mhidden[39m=[32m""[39m
        [33mmultiple[39m=[32m""[39m
        [33mtype[39m=[32m"file"[39m
      [36m/>[39m
      [36m<aside[39m
        [33maria-label[39m=[32m"主导航"[39m
        [33mclass[39m=[32m"app-header app-sidebar "[39m
      [36m>[39m
        [36m<div[39m
          [33mclass[39m=[32m"brand"[39m
        [36m>[39m
          [36m<div[39m
            [33mclass[39m=[32m"brand-mark"[39m
          [36m>[39m
            [36m<svg[39m
              [33maria-hidden[39m=[32m"true"[39m
              [33mclass[39m=[32m"lucide lucide-book-open-check"[39m
              [33mfill[39m=[32m"none"[39m
              [33mheight[39m=[32m"19"[39m
              [33mstroke[39m=[32m"currentColor"[39m
              [33mstroke-linecap[39m=[32m"round"[39m
              [33mstroke-linejoin[39m=[32m"round"[39m
              [33mstroke-width[39m=[32m"2"[39m
              [33mviewBox[39m=[32m"0 0 24 24"[39m
              [33mwidth[39m=[32m"19"[39m
              [33mxmlns[39m=[32m"http://www.w3.org/2000/svg"[39m
            [36m>[39m
              [36m<path[39m
                [33md[39m=[32m"M12 5v16"[39m
              [36m/>[39m
              [36m<path[39m
                [33md[39m=[32m"m16 12 2 2 4-4"[39m
              [36m/>[39m
              [36m<path[39m
                [33md[39m=[32m"M22 6V5a2 2 0 00-1.999-2L16 3.002A5 5 0 0012 5a5 5 0 00-4-2H4a2 2 0 00-2 2v12a2 2 0 001.999 2H8a5 5 0 014 2 5 5 0 014-2h4.001A2 2 0 0022 17v-1.344"[39m
              [36m/>[39m
            [36m</svg>[39m
          [36m</div>[39m
          [36m<div>[39m
            [36m<strong>[39m
              [0mTradeReview[0m
            [36m</strong>[39m
            [36m<span>[39m
              [0m历史交易复盘[0m
            [36m</span>[39m
          [36m</div>[39m
        [36m</div>[39m
        [36m<button[39m
          [33maria-controls[39m=[32m"primary-navigation"[39m
          [33maria-expanded[39m=[32m"false"[39m
          [33maria-label[39m=[32m"导航"[39m
          [33mclass[39m=[32m"mobile-nav-trigger"[39m
          [33mtype[39m=[32m"button"[39m
        [36m>[39m
          [36m<svg[39m
            [33maria-hidden[39m=[32m"true"[39m
            [33mclass[39m=[32m"lucide lucide-menu"[39m
            [33mfill[39m=[32m"none"[39m
            [33mheight[39m=[32m"18"[39m
            [33mstroke[39m=[32m"currentColor"[39m
            [33mstroke-linecap[39m=[32m"round"[39m
            [33mstroke-linejoin[39m=[32m"round"[39m
            [33mstroke-width[39m=[32m"2"[39m
            [33mviewBox[39m=[32m"0 0 24 24"[39m
            [33mwidth[39m=[32m"18"[39m
            [33mxmlns[39m=[32m"http://www.w3.org/2000/svg"[39m
          [36m>[39m
            [36m<path[39m
              [33md[39m=[32m"M4 5h16"[39m
            [36m/>[39m
            [36m<path[39m
              [33md[39m=[32m"M4 12h16"[39m
            [36m/>[39m
            [36m<path[39m
              [33md[39m=[32m"M4 19h16"[39m
            [36m/>[39m
          [36m</svg>[39m
          [36m<span>[39m
            [0m导航[0m
          [36m</span>[39m
        [36m</button>[39m
        [36m<nav[39m
          [33maria-label[39m=[32m"主导航"[39m
          [33mclass[39m=[32m"app-nav"[39m
          [33mid[39m=[32m"primary-navigation"[39m
        [36m>[39m
          [36m<button[39m
            [33maria-label[39m=[32m"我的交易室"[39m
            [33mclass[39m=[32m""[39m
            [33mtitle[39m=[32m"我的交易室"[39m
            [33mtype[39m=[32m"button"[39m
          [36m>[39m
            [36m<svg[39m
              [33maria-hidden[39m=[32m"true"[39m
              [33mclass[39m=[32m"lucide lucide-layout-dashboard"[39m
              [33mfill[39m=[32m"none"[39m
              [33mheight[39m=[32m"16"[39m
              [33mstroke[39m=[32m"currentColor"[39m
              [33mstroke-linecap[39m=[32m"round"[39m
              [33mstroke-linejoin[39m=[32m"round"[39m
              [33mstroke-width[39m=[32m"2"[39m
              [33mviewBox[39m=[32m"0 0 24 24"[39m
              [33mwidth[39m=[32m"16"[39m
              [33mxmlns[39m=[32m"http://www.w3.org/2000/svg"[39m
            [36m>[39m
              [36m<rect[39m
                [33mheight[39m=[32m"9"[39m
                [33mrx[39m=[32m"1"[39m
                [33mwidth[39m=[32m"7"[39m
                [33mx[39m=[32m"3"[39m
                [33my[39m=[32m"3"[39m
              [36m/>[39m
              [36m<rect[39m
                [33mheight[39m=[32m"5"[39m
                [33mrx[39m=[32m"1"[39m
                [33mwidth[39m=[32m"7"[39m
                [33mx[39m=[32m"14"[39m
                [33my[39m=[32m"3"[39m
              [36m/>[39m
              [36m<rect[39m
                [33mheight[39m=[32m"9"[39m
                [33mrx[39m=[32m"1"[39m
                [33mwidth[39m=[32m"7"[39m
                [33mx[39m=[32m"14"[39m
                [33my[39m=[32m"12"[39m
              [36m/>[39m
              [36m<rect[39m
                [33mheight[39m=[32m"5"[39m
                [33mrx[39m=[32m"1"[39m
                [33mwidth[39m=[32m"7"[39m
                [33mx[39m=[32m"3"[39m
                [33my[39m=[32m"16"[39m
              [36m/>[39m
            [36m</svg>[39m
            [36m<span[39m
              [33mclass[39m=[32m"app-nav-label"[39m
            [36m>[39m
              [0m我的交易室[0m
            [36m</span>[39m
          [36m</button>[39m
          [36m<button[39m
            [33maria-label[39m=[32m"交易库"[39m
            [33mclass[39m=[32m""[39m
            [33mtitle[39m=[32m"交易库"[39m
            [33mtype[39m=[32m"button"[39m
          [36m>[39m
            [36m<svg[39m
              [33maria-hidden[39m=[32m"true"[39m
              [33mclass[39m=[32m"lucide lucide-book-open-check"[39m
              [33mfill[39m=[32m"none"[39m
              [33mheight[39m=[32m"16"[39m
              [33mstroke[39m=[32m"currentColo...

Ignored nodes: comments, script, style
[36m<body>[39m
  [36m<div>[39m
    [36m<main[39m
      [33mclass[39m=[32m"trade-review-app is-review"[39m
    [36m>[39m
      [36m<input[39m
        [33maccept[39m=[32m".xlsx,.xls,.pdf"[39m
        [33maria-label[39m=[32m"导入交易记录"[39m
        [33mhidden[39m=[32m""[39m
        [33mmultiple[39m=[32m""[39m
        [33mtype[39m=[32m"file"[39m
      [36m/>[39m
      [36m<input[39m
        [33maccept[39m=[32m".csv,text/csv"[39m
        [33maria-label[39m=[32m"导入 TradingView 模拟交易"[39m
        [33mhidden[39m=[32m""[39m
        [33mtype[39m=[32m"file"[39m
      [36m/>[39m
      [36m<input[39m
        [33maccept[39m=[32m"image/jpeg,image/png,image/webp,.jpg,.jpeg,.png,.webp"[39m
        [33maria-label[39m=[32m"从截图恢复交易"[39m
        [33mhidden[39m=[32m""[39m
        [33mmultiple[39m=[32m""[39m
        [33mtype[39m=[32m"file"[39m
      [36m/>[39m
      [36m<aside[39m
        [33maria-label[39m=[32m"主导航"[39m
        [33mclass[39m=[32m"app-header app-sidebar "[39m
      [36m>[39m
        [36m<div[39m
          [33mclass[39m=[32m"brand"[39m
        [36m>[39m
          [36m<div[39m
            [33mclass[39m=[32m"brand-mark"[39m
          [36m>[39m
            [36m<svg[39m
              [33maria-hidden[39m=[32m"true"[39m
              [33mclass[39m=[32m"lucide lucide-book-open-check"[39m
              [33mfill[39m=[32m"none"[39m
              [33mheight[39m=[32m"19"[39m
              [33mstroke[39m=[32m"currentColor"[39m
              [33mstroke-linecap[39m=[32m"round"[39m
              [33mstroke-linejoin[39m=[32m"round"[39m
              [33mstroke-width[39m=[32m"2"[39m
              [33mviewBox[39m=[32m"0 0 24 24"[39m
              [33mwidth[39m=[32m"19"[39m
              [33mxmlns[39m=[32m"http://www.w3.org/2000/svg"[39m
            [36m>[39m
              [36m<path[39m
                [33md[39m=[32m"M12 5v16"[39m
              [36m/>[39m
              [36m<path[39m
                [33md[39m=[32m"m16 12 2 2 4-4"[39m
              [36m/>[39m
              [36m<path[39m
                [33md[39m=[32m"M22 6V5a2 2 0 00-1.999-2L16 3.002A5 5 0 0012 5a5 5 0 00-4-2H4a2 2 0 00-2 2v12a2 2 0 001.999 2H8a5 5 0 014 2 5 5 0 014-2h4.001A2 2 0 0022 17v-1.344"[39m
              [36m/>[39m
            [36m</svg>[39m
          [36m</div>[39m
          [36m<div>[39m
            [36m<strong>[39m
              [0mTradeReview[0m
            [36m</strong>[39m
            [36m<span>[39m
              [0m历史交易复盘[0m
            [36m</span>[39m
          [36m</div>[39m
        [36m</div>[39m
        [36m<button[39m
          [33maria-controls[39m=[32m"primary-navigation"[39m
          [33maria-expanded[39m=[32m"false"[39m
          [33maria-label[39m=[32m"导航"[39m
          [33mclass[39m=[32m"mobile-nav-trigger"[39m
          [33mtype[39m=[32m"button"[39m
        [36m>[39m
          [36m<svg[39m
            [33maria-hidden[39m=[32m"true"[39m
            [33mclass[39m=[32m"lucide lucide-menu"[39m
            [33mfill[39m=[32m"none"[39m
            [33mheight[39m=[32m"18"[39m
            [33mstroke[39m=[32m"currentColor"[39m
            [33mstroke-linecap[39m=[32m"round"[39m
            [33mstroke-linejoin[39m=[32m"round"[39m
            [33mstroke-width[39m=[32m"2"[39m
            [33mviewBox[39m=[32m"0 0 24 24"[39m
            [33mwidth[39m=[32m"18"[39m
            [33mxmlns[39m=[32m"http://www.w3.org/2000/svg"[39m
          [36m>[39m
            [36m<path[39m
              [33md[39m=[32m"M4 5h16"[39m
            [36m/>[39m
            [36m<path[39m
              [33md[39m=[32m"M4 12h16"[39m
            [36m/>[39m
            [36m<path[39m
              [33md[39m=[32m"M4 19h16"[39m
            [36m/>[39m
          [36m</svg>[39m
          [36m<span>[39m
            [0m导航[0m
          [36m</span>[39m
        [36m</button>[39m
        [36m<nav[39m
          [33maria-label[39m=[32m"主导航"[39m
          [33mclass[39m=[32m"app-nav"[39m
          [33mid[39m=[32m"primary-navigation"[39m
        [36m>[39m
          [36m<button[39m
            [33maria-label[39m=[32m"我的交易室"[39m
            [33mclass[39m=[32m""[39m
            [33mtitle[39m=[32m"我的交易室"[39m
            [33mtype[39m=[32m"button"[39m
          [36m>[39m
            [36m<svg[39m
              [33maria-hidden[39m=[32m"true"[39m
              [33mclass[39m=[32m"lucide lucide-layout-dashboard"[39m
              [33mfill[39m=[32m"none"[39m
              [33mheight[39m=[32m"16"[39m
              [33mstroke[39m=[32m"currentColor"[39m
              [33mstroke-linecap[39m=[32m"round"[39m
              [33mstroke-linejoin[39m=[32m"round"[39m
              [33mstroke-width[39m=[32m"2"[39m
              [33mviewBox[39m=[32m"0 0 24 24"[39m
              [33mwidth[39m=[32m"16"[39m
              [33mxmlns[39m=[32m"http://www.w3.org/2000/svg"[39m
            [36m>[39m
              [36m<rect[39m
                [33mheight[39m=[32m"9"[39m
                [33mrx[39m=[32m"1"[39m
                [33mwidth[39m=[32m"7"[39m
                [33mx[39m=[32m"3"[39m
                [33my[39m=[32m"3"[39m
              [36m/>[39m
              [36m<rect[39m
                [33mheight[39m=[32m"5"[39m
                [33mrx[39m=[32m"1"[39m
                [33mwidth[39m=[32m"7"[39m
                [33mx[39m=[32m"14"[39m
                [33my[39m=[32m"3"[39m
              [36m/>[39m
              [36m<rect[39m
                [33mheight[39m=[32m"9"[39m
                [33mrx[39m=[32m"1"[39m
                [33mwidth[39m=[32m"7"[39m
                [33mx[39m=[32m"14"[39m
                [33my[39m=[32m"12"[39m
              [36m/>[39m
              [36m<rect[39m
                [33mheight[39m=[32m"5"[39m
                [33mrx[39m=[32m"1"[39m
                [33mwidth[39m=[32m"7"[39m
                [33mx[39m=[32m"3"[39m
                [33my[39m=[32m"16"[39m
              [36m/>[39m
            [36m</svg>[39m
            [36m<span[39m
              [33mclass[39m=[32m"app-nav-label"[39m
            [36m>[39m
              [0m我的交易室[0m
            [36m</span>[39m
          [36m</button>[39m
          [36m<button[39m
            [33maria-label[39m=[32m"交易库"[39m
            [33mclass[39m=[32m""[39m
            [33mtitle[39m=[32m"交易库"[39m
            [33mtype[39m=[32m"button"[39m
          [36m>[39m
            [36m<svg[39m
              [33maria-hidden[39m=[32m"true"[39m
              [33mclass[39m=[32m"lucide lucide-book-open-check"[39m
              [33mfill[39m=[32m"none"[39m
              [33mheight[39m=[32m"16"[39m
              [33mstroke[39m=[32m"currentColo...
 ❯ waitForWrapper node_modules/@testing-library/dom/dist/wait-for.js:163:27
 ❯ node_modules/@testing-library/dom/dist/query-helpers.js:86:33
 ❯ renderGoldReplay app/components/trade-review-workspace.test.tsx:867:18
    865|       expect(within(screen.getByLabelText("复盘布局")).getByRole("button",…
    866|     }
    867|     await screen.findByLabelText("图表工具栏");
       |                  ^
    868|   }
    869|
 ❯ app/components/trade-review-workspace.test.tsx:961:5

⎯⎯⎯⎯⎯⎯⎯⎯⎯⎯⎯⎯⎯⎯⎯⎯⎯⎯⎯⎯⎯⎯[18/65]⎯

 FAIL  app/components/trade-review-workspace.test.tsx > TradeReviewWorkspace > keeps a successful typed save observable when summary refresh fails, then retries with reads only
Error: Test timed out in 5000ms.
If this is a long-running test, pass a timeout value as the last argument or configure it globally with "testTimeout".
 ❯ app/components/trade-review-workspace.test.tsx:1305:3
    1303|   });
    1304|
    1305|   it("keeps a successful typed save observable when summary refresh fa…
       |   ^
    1306|     const user = userEvent.setup();
    1307|     seedCanonicalSharedScope();

⎯⎯⎯⎯⎯⎯⎯⎯⎯⎯⎯⎯⎯⎯⎯⎯⎯⎯⎯⎯⎯⎯[19/65]⎯

 FAIL  app/components/trade-review-workspace.test.tsx > TradeReviewWorkspace > keeps the saved fact and read-only retry after repeated summary failures
Error: Test timed out in 5000ms.
If this is a long-running test, pass a timeout value as the last argument or configure it globally with "testTimeout".
 ❯ app/components/trade-review-workspace.test.tsx:1340:3
    1338|   });
    1339|
    1340|   it("keeps the saved fact and read-only retry after repeated summary …
       |   ^
    1341|     const user = userEvent.setup();
    1342|     seedCanonicalSharedScope();

⎯⎯⎯⎯⎯⎯⎯⎯⎯⎯⎯⎯⎯⎯⎯⎯⎯⎯⎯⎯⎯⎯[20/65]⎯

 FAIL  app/components/trade-review-workspace.test.tsx > TradeReviewWorkspace > drops a late save and summary failure after an actual caller scope A-B-A switch
Error: Test timed out in 5000ms.
If this is a long-running test, pass a timeout value as the last argument or configure it globally with "testTimeout".
 ❯ app/components/trade-review-workspace.test.tsx:1385:3
    1383|   });
    1384|
    1385|   it("drops a late save and summary failure after an actual caller sco…
       |   ^
    1386|     const user = userEvent.setup();
    1387|     const accountA = "live-account-a";

⎯⎯⎯⎯⎯⎯⎯⎯⎯⎯⎯⎯⎯⎯⎯⎯⎯⎯⎯⎯⎯⎯[21/65]⎯

 FAIL  app/components/trade-review-workspace.test.tsx > TradeReviewWorkspace > keeps a typed draft after a caller CAS conflict and saves again only after explicit reload
Error: Test timed out in 5000ms.
If this is a long-running test, pass a timeout value as the last argument or configure it globally with "testTimeout".
 ❯ app/components/trade-review-workspace.test.tsx:1447:3
    1445|   });
    1446|
    1447|   it("keeps a typed draft after a caller CAS conflict and saves again …
       |   ^
    1448|     const user = userEvent.setup();
    1449|     seedCanonicalSharedScope();

⎯⎯⎯⎯⎯⎯⎯⎯⎯⎯⎯⎯⎯⎯⎯⎯⎯⎯⎯⎯⎯⎯[22/65]⎯

 FAIL  app/components/trade-review-workspace.test.tsx > TradeReviewWorkspace > opens production in the queue and stays on a rejected completion
Error: Test timed out in 5000ms.
If this is a long-running test, pass a timeout value as the last argument or configure it globally with "testTimeout".
 ❯ app/components/trade-review-workspace.test.tsx:1489:3
    1487|   });
    1488|
    1489|   it("opens production in the queue and stays on a rejected completion…
       |   ^
    1490|     const user = userEvent.setup();
    1491|     saveImportedExecutions([availabilityExecution({id:"conflict-buy",r…

⎯⎯⎯⎯⎯⎯⎯⎯⎯⎯⎯⎯⎯⎯⎯⎯⎯⎯⎯⎯⎯⎯[23/65]⎯

 FAIL  app/components/trade-review-workspace.test.tsx > TradeReviewWorkspace > gold replay does not reveal the sale before the first bar is played
TestingLibraryElementError: Unable to find role="navigation" and name "主导航"

Ignored nodes: comments, script, style
[36m<body>[39m
  [36m<div>[39m
    [36m<main[39m
      [33maria-live[39m=[32m"polite"[39m
      [33mclass[39m=[32m"trade-review-app"[39m
    [36m>[39m
      [36m<section[39m
        [33maria-busy[39m=[32m"true"[39m
        [33maria-label[39m=[32m"SQLite 存储状态"[39m
        [33mclass[39m=[32m"review-workspace review-workspace-loading"[39m
      [36m>[39m
        [36m<strong>[39m
          [0m正在连接交易数据[0m
        [36m</strong>[39m
        [36m<span>[39m
          [0m正在从 SQLite 读取交易记录…[0m
        [36m</span>[39m
      [36m</section>[39m
    [36m</main>[39m
  [36m</div>[39m
[36m</body>[39m

Ignored nodes: comments, script, style
[36m<body>[39m
  [36m<div>[39m
    [36m<main[39m
      [33maria-live[39m=[32m"polite"[39m
      [33mclass[39m=[32m"trade-review-app"[39m
    [36m>[39m
      [36m<section[39m
        [33maria-busy[39m=[32m"true"[39m
        [33maria-label[39m=[32m"SQLite 存储状态"[39m
        [33mclass[39m=[32m"review-workspace review-workspace-loading"[39m
      [36m>[39m
        [36m<strong>[39m
          [0m正在连接交易数据[0m
        [36m</strong>[39m
        [36m<span>[39m
          [0m正在从 SQLite 读取交易记录…[0m
        [36m</span>[39m
      [36m</section>[39m
    [36m</main>[39m
  [36m</div>[39m
[36m</body>[39m
 ❯ waitForWrapper node_modules/@testing-library/dom/dist/wait-for.js:163:27
 ❯ node_modules/@testing-library/dom/dist/query-helpers.js:86:33
 ❯ enterImportedReviewFromDashboard app/components/trade-review-workspace.test.tsx:979:37
    977|   async function enterImportedReviewFromDashboard(instrumentName?: str…
    978|     const user = userEvent.setup();
    979|     const navigation = await screen.findByRole("navigation", { name: "…
       |                                     ^
    980|     const dashboard = await screen.findByRole("region", { name: "我的交易室…
    981|
 ❯ renderGoldReplay app/components/trade-review-workspace.test.tsx:861:13
 ❯ app/components/trade-review-workspace.test.tsx:1505:5

⎯⎯⎯⎯⎯⎯⎯⎯⎯⎯⎯⎯⎯⎯⎯⎯⎯⎯⎯⎯⎯⎯[24/65]⎯

 FAIL  app/components/trade-review-workspace.test.tsx > TradeReviewWorkspace > gold replay explains missing historical bars when stepping its first available day
Error: Test timed out in 5000ms.
If this is a long-running test, pass a timeout value as the last argument or configure it globally with "testTimeout".
 ❯ app/components/trade-review-workspace.test.tsx:1510:3
    1508|   });
    1509|
    1510|   it("gold replay explains missing historical bars when stepping its f…
       |   ^
    1511|     const user = userEvent.setup();
    1512|     await renderGoldReplay();

⎯⎯⎯⎯⎯⎯⎯⎯⎯⎯⎯⎯⎯⎯⎯⎯⎯⎯⎯⎯⎯⎯[25/65]⎯

 FAIL  app/components/trade-review-workspace.test.tsx > TradeReviewWorkspace > gold replay keeps cached historical bars before and after its first step
Error: Test timed out in 5000ms.
If this is a long-running test, pass a timeout value as the last argument or configure it globally with "testTimeout".
 ❯ app/components/trade-review-workspace.test.tsx:1520:3
    1518|   });
    1519|
    1520|   it("gold replay keeps cached historical bars before and after its fi…
       |   ^
    1521|     await renderGoldReplay(["2026-06-24","2026-06-25"]);
    1522|     expect(await screen.findByRole("heading", { name: /自由黄金-DRS/, leve…

⎯⎯⎯⎯⎯⎯⎯⎯⎯⎯⎯⎯⎯⎯⎯⎯⎯⎯⎯⎯⎯⎯[26/65]⎯

 FAIL  app/components/trade-review-workspace.test.tsx > TradeReviewWorkspace > gold replay repairs the previously saved empty-chart entry cursor
Error: Test timed out in 5000ms.
If this is a long-running test, pass a timeout value as the last argument or configure it globally with "testTimeout".
 ❯ app/components/trade-review-workspace.test.tsx:1527:3
    1525|   });
    1526|
    1527|   it("gold replay repairs the previously saved empty-chart entry curso…
       |   ^
    1528|     await renderGoldReplay([], "2026-06-26T02:22:37Z");
    1529|     expect(screen.getByRole("combobox", { name: "交易回合" })).toBeInTheDo…

⎯⎯⎯⎯⎯⎯⎯⎯⎯⎯⎯⎯⎯⎯⎯⎯⎯⎯⎯⎯⎯⎯[27/65]⎯

 FAIL  app/components/trade-review-workspace.test.tsx > TradeReviewWorkspace > gold replay preserves saved progress after its first completed bar
Error: Test timed out in 5000ms.
If this is a long-running test, pass a timeout value as the last argument or configure it globally with "testTimeout".
 ❯ app/components/trade-review-workspace.test.tsx:1533:3
    1531|   });
    1532|
    1533|   it("gold replay preserves saved progress after its first completed b…
       |   ^
    1534|     await renderGoldReplay([], "2026-06-26T08:30:00.000Z");
    1535|     expect(screen.getByRole("combobox", { name: "交易回合" })).toBeInTheDo…

⎯⎯⎯⎯⎯⎯⎯⎯⎯⎯⎯⎯⎯⎯⎯⎯⎯⎯⎯⎯⎯⎯[28/65]⎯

 FAIL  app/components/trade-review-workspace.test.tsx > TradeReviewWorkspace > does not advance the training cursor when the target timeframe has no known candle yet
Error: Test timed out in 5000ms.
If this is a long-running test, pass a timeout value as the last argument or configure it globally with "testTimeout".
 ❯ app/components/trade-review-workspace.test.tsx:1540:3
    1538|   });
    1539|
    1540|   it("does not advance the training cursor when the target timeframe h…
       |   ^
    1541|     const user = userEvent.setup();
    1542|     await renderGoldReplay([], "2026-06-26T02:30:00.000Z", "2026-06-26…

⎯⎯⎯⎯⎯⎯⎯⎯⎯⎯⎯⎯⎯⎯⎯⎯⎯⎯⎯⎯⎯⎯[29/65]⎯

 FAIL  app/components/trade-review-workspace.test.tsx > TradeReviewWorkspace > keeps an actual parent timeframe change in Recall's saved working graph
TestingLibraryElementError: Unable to find a label with the text of: 图表工具栏

Ignored nodes: comments, script, style
[36m<body>[39m
  [36m<div>[39m
    [36m<main[39m
      [33mclass[39m=[32m"trade-review-app is-review"[39m
    [36m>[39m
      [36m<input[39m
        [33maccept[39m=[32m".xlsx,.xls,.pdf"[39m
        [33maria-label[39m=[32m"导入交易记录"[39m
        [33mhidden[39m=[32m""[39m
        [33mmultiple[39m=[32m""[39m
        [33mtype[39m=[32m"file"[39m
      [36m/>[39m
      [36m<input[39m
        [33maccept[39m=[32m".csv,text/csv"[39m
        [33maria-label[39m=[32m"导入 TradingView 模拟交易"[39m
        [33mhidden[39m=[32m""[39m
        [33mtype[39m=[32m"file"[39m
      [36m/>[39m
      [36m<input[39m
        [33maccept[39m=[32m"image/jpeg,image/png,image/webp,.jpg,.jpeg,.png,.webp"[39m
        [33maria-label[39m=[32m"从截图恢复交易"[39m
        [33mhidden[39m=[32m""[39m
        [33mmultiple[39m=[32m""[39m
        [33mtype[39m=[32m"file"[39m
      [36m/>[39m
      [36m<aside[39m
        [33maria-label[39m=[32m"主导航"[39m
        [33mclass[39m=[32m"app-header app-sidebar "[39m
      [36m>[39m
        [36m<div[39m
          [33mclass[39m=[32m"brand"[39m
        [36m>[39m
          [36m<div[39m
            [33mclass[39m=[32m"brand-mark"[39m
          [36m>[39m
            [36m<svg[39m
              [33maria-hidden[39m=[32m"true"[39m
              [33mclass[39m=[32m"lucide lucide-book-open-check"[39m
              [33mfill[39m=[32m"none"[39m
              [33mheight[39m=[32m"19"[39m
              [33mstroke[39m=[32m"currentColor"[39m
              [33mstroke-linecap[39m=[32m"round"[39m
              [33mstroke-linejoin[39m=[32m"round"[39m
              [33mstroke-width[39m=[32m"2"[39m
              [33mviewBox[39m=[32m"0 0 24 24"[39m
              [33mwidth[39m=[32m"19"[39m
              [33mxmlns[39m=[32m"http://www.w3.org/2000/svg"[39m
            [36m>[39m
              [36m<path[39m
                [33md[39m=[32m"M12 5v16"[39m
              [36m/>[39m
              [36m<path[39m
                [33md[39m=[32m"m16 12 2 2 4-4"[39m
              [36m/>[39m
              [36m<path[39m
                [33md[39m=[32m"M22 6V5a2 2 0 00-1.999-2L16 3.002A5 5 0 0012 5a5 5 0 00-4-2H4a2 2 0 00-2 2v12a2 2 0 001.999 2H8a5 5 0 014 2 5 5 0 014-2h4.001A2 2 0 0022 17v-1.344"[39m
              [36m/>[39m
            [36m</svg>[39m
          [36m</div>[39m
          [36m<div>[39m
            [36m<strong>[39m
              [0mTradeReview[0m
            [36m</strong>[39m
            [36m<span>[39m
              [0m历史交易复盘[0m
            [36m</span>[39m
          [36m</div>[39m
        [36m</div>[39m
        [36m<button[39m
          [33maria-controls[39m=[32m"primary-navigation"[39m
          [33maria-expanded[39m=[32m"false"[39m
          [33maria-label[39m=[32m"导航"[39m
          [33mclass[39m=[32m"mobile-nav-trigger"[39m
          [33mtype[39m=[32m"button"[39m
        [36m>[39m
          [36m<svg[39m
            [33maria-hidden[39m=[32m"true"[39m
            [33mclass[39m=[32m"lucide lucide-menu"[39m
            [33mfill[39m=[32m"none"[39m
            [33mheight[39m=[32m"18"[39m
            [33mstroke[39m=[32m"currentColor"[39m
            [33mstroke-linecap[39m=[32m"round"[39m
            [33mstroke-linejoin[39m=[32m"round"[39m
            [33mstroke-width[39m=[32m"2"[39m
            [33mviewBox[39m=[32m"0 0 24 24"[39m
            [33mwidth[39m=[32m"18"[39m
            [33mxmlns[39m=[32m"http://www.w3.org/2000/svg"[39m
          [36m>[39m
            [36m<path[39m
              [33md[39m=[32m"M4 5h16"[39m
            [36m/>[39m
            [36m<path[39m
              [33md[39m=[32m"M4 12h16"[39m
            [36m/>[39m
            [36m<path[39m
              [33md[39m=[32m"M4 19h16"[39m
            [36m/>[39m
          [36m</svg>[39m
          [36m<span>[39m
            [0m导航[0m
          [36m</span>[39m
        [36m</button>[39m
        [36m<nav[39m
          [33maria-label[39m=[32m"主导航"[39m
          [33mclass[39m=[32m"app-nav"[39m
          [33mid[39m=[32m"primary-navigation"[39m
        [36m>[39m
          [36m<button[39m
            [33maria-label[39m=[32m"我的交易室"[39m
            [33mclass[39m=[32m""[39m
            [33mtitle[39m=[32m"我的交易室"[39m
            [33mtype[39m=[32m"button"[39m
          [36m>[39m
            [36m<svg[39m
              [33maria-hidden[39m=[32m"true"[39m
              [33mclass[39m=[32m"lucide lucide-layout-dashboard"[39m
              [33mfill[39m=[32m"none"[39m
              [33mheight[39m=[32m"16"[39m
              [33mstroke[39m=[32m"currentColor"[39m
              [33mstroke-linecap[39m=[32m"round"[39m
              [33mstroke-linejoin[39m=[32m"round"[39m
              [33mstroke-width[39m=[32m"2"[39m
              [33mviewBox[39m=[32m"0 0 24 24"[39m
              [33mwidth[39m=[32m"16"[39m
              [33mxmlns[39m=[32m"http://www.w3.org/2000/svg"[39m
            [36m>[39m
              [36m<rect[39m
                [33mheight[39m=[32m"9"[39m
                [33mrx[39m=[32m"1"[39m
                [33mwidth[39m=[32m"7"[39m
                [33mx[39m=[32m"3"[39m
                [33my[39m=[32m"3"[39m
              [36m/>[39m
              [36m<rect[39m
                [33mheight[39m=[32m"5"[39m
                [33mrx[39m=[32m"1"[39m
                [33mwidth[39m=[32m"7"[39m
                [33mx[39m=[32m"14"[39m
                [33my[39m=[32m"3"[39m
              [36m/>[39m
              [36m<rect[39m
                [33mheight[39m=[32m"9"[39m
                [33mrx[39m=[32m"1"[39m
                [33mwidth[39m=[32m"7"[39m
                [33mx[39m=[32m"14"[39m
                [33my[39m=[32m"12"[39m
              [36m/>[39m
              [36m<rect[39m
                [33mheight[39m=[32m"5"[39m
                [33mrx[39m=[32m"1"[39m
                [33mwidth[39m=[32m"7"[39m
                [33mx[39m=[32m"3"[39m
                [33my[39m=[32m"16"[39m
              [36m/>[39m
            [36m</svg>[39m
            [36m<span[39m
              [33mclass[39m=[32m"app-nav-label"[39m
            [36m>[39m
              [0m我的交易室[0m
            [36m</span>[39m
          [36m</button>[39m
          [36m<button[39m
            [33maria-label[39m=[32m"交易库"[39m
            [33mclass[39m=[32m""[39m
            [33mtitle[39m=[32m"交易库"[39m
            [33mtype[39m=[32m"button"[39m
          [36m>[39m
            [36m<svg[39m
              [33maria-hidden[39m=[32m"true"[39m
              [33mclass[39m=[32m"lucide lucide-book-open-check"[39m
              [33mfill[39m=[32m"none"[39m
              [33mheight[39m=[32m"16"[39m
              [33mstroke[39m=[32m"currentColo...

Ignored nodes: comments, script, style
[36m<body>[39m
  [36m<div>[39m
    [36m<main[39m
      [33mclass[39m=[32m"trade-review-app is-review"[39m
    [36m>[39m
      [36m<input[39m
        [33maccept[39m=[32m".xlsx,.xls,.pdf"[39m
        [33maria-label[39m=[32m"导入交易记录"[39m
        [33mhidden[39m=[32m""[39m
        [33mmultiple[39m=[32m""[39m
        [33mtype[39m=[32m"file"[39m
      [36m/>[39m
      [36m<input[39m
        [33maccept[39m=[32m".csv,text/csv"[39m
        [33maria-label[39m=[32m"导入 TradingView 模拟交易"[39m
        [33mhidden[39m=[32m""[39m
        [33mtype[39m=[32m"file"[39m
      [36m/>[39m
      [36m<input[39m
        [33maccept[39m=[32m"image/jpeg,image/png,image/webp,.jpg,.jpeg,.png,.webp"[39m
        [33maria-label[39m=[32m"从截图恢复交易"[39m
        [33mhidden[39m=[32m""[39m
        [33mmultiple[39m=[32m""[39m
        [33mtype[39m=[32m"file"[39m
      [36m/>[39m
      [36m<aside[39m
        [33maria-label[39m=[32m"主导航"[39m
        [33mclass[39m=[32m"app-header app-sidebar "[39m
      [36m>[39m
        [36m<div[39m
          [33mclass[39m=[32m"brand"[39m
        [36m>[39m
          [36m<div[39m
            [33mclass[39m=[32m"brand-mark"[39m
          [36m>[39m
            [36m<svg[39m
              [33maria-hidden[39m=[32m"true"[39m
              [33mclass[39m=[32m"lucide lucide-book-open-check"[39m
              [33mfill[39m=[32m"none"[39m
              [33mheight[39m=[32m"19"[39m
              [33mstroke[39m=[32m"currentColor"[39m
              [33mstroke-linecap[39m=[32m"round"[39m
              [33mstroke-linejoin[39m=[32m"round"[39m
              [33mstroke-width[39m=[32m"2"[39m
              [33mviewBox[39m=[32m"0 0 24 24"[39m
              [33mwidth[39m=[32m"19"[39m
              [33mxmlns[39m=[32m"http://www.w3.org/2000/svg"[39m
            [36m>[39m
              [36m<path[39m
                [33md[39m=[32m"M12 5v16"[39m
              [36m/>[39m
              [36m<path[39m
                [33md[39m=[32m"m16 12 2 2 4-4"[39m
              [36m/>[39m
              [36m<path[39m
                [33md[39m=[32m"M22 6V5a2 2 0 00-1.999-2L16 3.002A5 5 0 0012 5a5 5 0 00-4-2H4a2 2 0 00-2 2v12a2 2 0 001.999 2H8a5 5 0 014 2 5 5 0 014-2h4.001A2 2 0 0022 17v-1.344"[39m
              [36m/>[39m
            [36m</svg>[39m
          [36m</div>[39m
          [36m<div>[39m
            [36m<strong>[39m
              [0mTradeReview[0m
            [36m</strong>[39m
            [36m<span>[39m
              [0m历史交易复盘[0m
            [36m</span>[39m
          [36m</div>[39m
        [36m</div>[39m
        [36m<button[39m
          [33maria-controls[39m=[32m"primary-navigation"[39m
          [33maria-expanded[39m=[32m"false"[39m
          [33maria-label[39m=[32m"导航"[39m
          [33mclass[39m=[32m"mobile-nav-trigger"[39m
          [33mtype[39m=[32m"button"[39m
        [36m>[39m
          [36m<svg[39m
            [33maria-hidden[39m=[32m"true"[39m
            [33mclass[39m=[32m"lucide lucide-menu"[39m
            [33mfill[39m=[32m"none"[39m
            [33mheight[39m=[32m"18"[39m
            [33mstroke[39m=[32m"currentColor"[39m
            [33mstroke-linecap[39m=[32m"round"[39m
            [33mstroke-linejoin[39m=[32m"round"[39m
            [33mstroke-width[39m=[32m"2"[39m
            [33mviewBox[39m=[32m"0 0 24 24"[39m
            [33mwidth[39m=[32m"18"[39m
            [33mxmlns[39m=[32m"http://www.w3.org/2000/svg"[39m
          [36m>[39m
            [36m<path[39m
              [33md[39m=[32m"M4 5h16"[39m
            [36m/>[39m
            [36m<path[39m
              [33md[39m=[32m"M4 12h16"[39m
            [36m/>[39m
            [36m<path[39m
              [33md[39m=[32m"M4 19h16"[39m
            [36m/>[39m
          [36m</svg>[39m
          [36m<span>[39m
            [0m导航[0m
          [36m</span>[39m
        [36m</button>[39m
        [36m<nav[39m
          [33maria-label[39m=[32m"主导航"[39m
          [33mclass[39m=[32m"app-nav"[39m
          [33mid[39m=[32m"primary-navigation"[39m
        [36m>[39m
          [36m<button[39m
            [33maria-label[39m=[32m"我的交易室"[39m
            [33mclass[39m=[32m""[39m
            [33mtitle[39m=[32m"我的交易室"[39m
            [33mtype[39m=[32m"button"[39m
          [36m>[39m
            [36m<svg[39m
              [33maria-hidden[39m=[32m"true"[39m
              [33mclass[39m=[32m"lucide lucide-layout-dashboard"[39m
              [33mfill[39m=[32m"none"[39m
              [33mheight[39m=[32m"16"[39m
              [33mstroke[39m=[32m"currentColor"[39m
              [33mstroke-linecap[39m=[32m"round"[39m
              [33mstroke-linejoin[39m=[32m"round"[39m
              [33mstroke-width[39m=[32m"2"[39m
              [33mviewBox[39m=[32m"0 0 24 24"[39m
              [33mwidth[39m=[32m"16"[39m
              [33mxmlns[39m=[32m"http://www.w3.org/2000/svg"[39m
            [36m>[39m
              [36m<rect[39m
                [33mheight[39m=[32m"9"[39m
                [33mrx[39m=[32m"1"[39m
                [33mwidth[39m=[32m"7"[39m
                [33mx[39m=[32m"3"[39m
                [33my[39m=[32m"3"[39m
              [36m/>[39m
              [36m<rect[39m
                [33mheight[39m=[32m"5"[39m
                [33mrx[39m=[32m"1"[39m
                [33mwidth[39m=[32m"7"[39m
                [33mx[39m=[32m"14"[39m
                [33my[39m=[32m"3"[39m
              [36m/>[39m
              [36m<rect[39m
                [33mheight[39m=[32m"9"[39m
                [33mrx[39m=[32m"1"[39m
                [33mwidth[39m=[32m"7"[39m
                [33mx[39m=[32m"14"[39m
                [33my[39m=[32m"12"[39m
              [36m/>[39m
              [36m<rect[39m
                [33mheight[39m=[32m"5"[39m
                [33mrx[39m=[32m"1"[39m
                [33mwidth[39m=[32m"7"[39m
                [33mx[39m=[32m"3"[39m
                [33my[39m=[32m"16"[39m
              [36m/>[39m
            [36m</svg>[39m
            [36m<span[39m
              [33mclass[39m=[32m"app-nav-label"[39m
            [36m>[39m
              [0m我的交易室[0m
            [36m</span>[39m
          [36m</button>[39m
          [36m<button[39m
            [33maria-label[39m=[32m"交易库"[39m
            [33mclass[39m=[32m""[39m
            [33mtitle[39m=[32m"交易库"[39m
            [33mtype[39m=[32m"button"[39m
          [36m>[39m
            [36m<svg[39m
              [33maria-hidden[39m=[32m"true"[39m
              [33mclass[39m=[32m"lucide lucide-book-open-check"[39m
              [33mfill[39m=[32m"none"[39m
              [33mheight[39m=[32m"16"[39m
              [33mstroke[39m=[32m"currentColo...
 ❯ waitForWrapper node_modules/@testing-library/dom/dist/wait-for.js:163:27
 ❯ node_modules/@testing-library/dom/dist/query-helpers.js:86:33
 ❯ enterImportedReviewFromDashboard app/components/trade-review-workspace.test.tsx:1040:18
    1038|     if (!round) throw new Error("目标标的没有可打开的交易回合");
    1039|     await user.click(round);
    1040|     await screen.findByLabelText("图表工具栏");
       |                  ^
    1041|   }
    1042|
 ❯ renderGoldReplay app/components/trade-review-workspace.test.tsx:861:7
 ❯ app/components/trade-review-workspace.test.tsx:1554:5

⎯⎯⎯⎯⎯⎯⎯⎯⎯⎯⎯⎯⎯⎯⎯⎯⎯⎯⎯⎯⎯⎯[30/65]⎯

 FAIL  app/components/trade-review-workspace.test.tsx > TradeReviewWorkspace > gold replay next execution lands on a market-open fill rather than the first bar close
Error: Test timed out in 5000ms.
If this is a long-running test, pass a timeout value as the last argument or configure it globally with "testTimeout".
 ❯ app/components/trade-review-workspace.test.tsx:1567:3
    1565|   }, 15_000);
    1566|
    1567|   it("gold replay next execution lands on a market-open fill rather th…
       |   ^
    1568|     const user = userEvent.setup();
    1569|     await renderGoldReplay([], undefined, "2026-06-26T01:30:00Z", true…

⎯⎯⎯⎯⎯⎯⎯⎯⎯⎯⎯⎯⎯⎯⎯⎯⎯⎯⎯⎯⎯⎯[31/65]⎯

 FAIL  app/components/trade-review-workspace.test.tsx > TradeReviewWorkspace > restores the prior sidebar layout after focusing the chart without changing the cursor
Error: Test timed out in 5000ms.
If this is a long-running test, pass a timeout value as the last argument or configure it globally with "testTimeout".
 ❯ app/components/trade-review-workspace.test.tsx:1574:3
    1572|   });
    1573|
    1574|   it("restores the prior sidebar layout after focusing the chart witho…
       |   ^
    1575|     const user = userEvent.setup();
    1576|     render(<TradeReviewWorkspace initialFrame={initialFrame} />);

⎯⎯⎯⎯⎯⎯⎯⎯⎯⎯⎯⎯⎯⎯⎯⎯⎯⎯⎯⎯⎯⎯[32/65]⎯

 FAIL  app/components/trade-review-workspace.test.tsx > TradeReviewWorkspace > supplements only the selected stock account and retries the same audited request
Error: Test timed out in 5000ms.
If this is a long-running test, pass a timeout value as the last argument or configure it globally with "testTimeout".
 ❯ app/components/trade-review-workspace.test.tsx:1590:3
    1588|   });
    1589|
    1590|   it("supplements only the selected stock account and retries the same…
       |   ^
    1591|     const user = userEvent.setup();
    1592|     const original = availabilityExecution({ id: "scope-original", row…

⎯⎯⎯⎯⎯⎯⎯⎯⎯⎯⎯⎯⎯⎯⎯⎯⎯⎯⎯⎯⎯⎯[33/65]⎯

 FAIL  app/components/trade-review-workspace.test.tsx > TradeReviewWorkspace > does not re-read every instrument market cache when metadata hydration updates presentation
Error: Test timed out in 5000ms.
If this is a long-running test, pass a timeout value as the last argument or configure it globally with "testTimeout".
 ❯ app/components/trade-review-workspace.test.tsx:1664:3
    1662|   });
    1663|
    1664|   it("does not re-read every instrument market cache when metadata hyd…
       |   ^
    1665|     const otherInstrument = {
    1666|       id: "US:OTHER",

⎯⎯⎯⎯⎯⎯⎯⎯⎯⎯⎯⎯⎯⎯⎯⎯⎯⎯⎯⎯⎯⎯[34/65]⎯

 FAIL  app/components/trade-review-workspace.test.tsx > TradeReviewWorkspace > keeps saved intraday replay state pending until lazy data settles
Error: Test timed out in 5000ms.
If this is a long-running test, pass a timeout value as the last argument or configure it globally with "testTimeout".
 ❯ app/components/trade-review-workspace.test.tsx:1798:3
    1796|   });
    1797|
    1798|   it("keeps saved intraday replay state pending until lazy data settle…
       |   ^
    1799|     const user = userEvent.setup();
    1800|     const execution = availabilityExecution({

⎯⎯⎯⎯⎯⎯⎯⎯⎯⎯⎯⎯⎯⎯⎯⎯⎯⎯⎯⎯⎯⎯[35/65]⎯

 FAIL  app/components/trade-review-workspace.test.tsx > TradeReviewWorkspace > does not label daily-only partial coverage as overall market data availability
Error: Test timed out in 5000ms.
If this is a long-running test, pass a timeout value as the last argument or configure it globally with "testTimeout".
 ❯ app/components/trade-review-workspace.test.tsx:1958:3
    1956|   });
    1957|
    1958|   it("does not label daily-only partial coverage as overall market dat…
       |   ^
    1959|     const execution = availabilityExecution({
    1960|       id: "daily-only-xpev",

⎯⎯⎯⎯⎯⎯⎯⎯⎯⎯⎯⎯⎯⎯⎯⎯⎯⎯⎯⎯⎯⎯[36/65]⎯

 FAIL  app/components/trade-review-workspace.test.tsx > TradeReviewWorkspace > marks a short hourly cache as updatable even when daily data is absent
Error: Test timed out in 5000ms.
If this is a long-running test, pass a timeout value as the last argument or configure it globally with "testTimeout".
 ❯ app/components/trade-review-workspace.test.tsx:2042:3
    2040|   });
    2041|
    2042|   it("marks a short hourly cache as updatable even when daily data is …
       |   ^
    2043|     const execution = availabilityExecution({
    2044|       id: "hourly-only-xpev",

⎯⎯⎯⎯⎯⎯⎯⎯⎯⎯⎯⎯⎯⎯⎯⎯⎯⎯⎯⎯⎯⎯[37/65]⎯

 FAIL  app/components/trade-review-workspace.test.tsx > TradeReviewWorkspace > does not block the selected replay on another stock's market data
Error: Test timed out in 5000ms.
If this is a long-running test, pass a timeout value as the last argument or configure it globally with "testTimeout".
 ❯ app/components/trade-review-workspace.test.tsx:2064:3
    2062|   });
    2063|
    2064|   it("does not block the selected replay on another stock's market dat…
       |   ^
    2065|     const otherInstrument = {
    2066|       id: "US:ZZZ",

⎯⎯⎯⎯⎯⎯⎯⎯⎯⎯⎯⎯⎯⎯⎯⎯⎯⎯⎯⎯⎯⎯[38/65]⎯

 FAIL  app/components/trade-review-workspace.test.tsx > TradeReviewWorkspace > keeps a persisted hourly provider failure visible when no cache exists
Error: Test timed out in 5000ms.
If this is a long-running test, pass a timeout value as the last argument or configure it globally with "testTimeout".
 ❯ app/components/trade-review-workspace.test.tsx:2134:3
    2132|   });
    2133|
    2134|   it("keeps a persisted hourly provider failure visible when no cache …
       |   ^
    2135|     const execution = availabilityExecution({
    2136|       id: "hourly-failure-xpev",

⎯⎯⎯⎯⎯⎯⎯⎯⎯⎯⎯⎯⎯⎯⎯⎯⎯⎯⎯⎯⎯⎯[39/65]⎯

 FAIL  app/components/trade-review-workspace.test.tsx > TradeReviewWorkspace > preserves the review timeframe and cursor while top navigation re-enters training mode
TestingLibraryElementError: Unable to find a label with the text of: 图表工具栏

Ignored nodes: comments, script, style
[36m<body>[39m
  [36m<div>[39m
    [36m<main[39m
      [33mclass[39m=[32m"trade-review-app is-review"[39m
    [36m>[39m
      [36m<input[39m
        [33maccept[39m=[32m".xlsx,.xls,.pdf"[39m
        [33maria-label[39m=[32m"导入交易记录"[39m
        [33mhidden[39m=[32m""[39m
        [33mmultiple[39m=[32m""[39m
        [33mtype[39m=[32m"file"[39m
      [36m/>[39m
      [36m<input[39m
        [33maccept[39m=[32m".csv,text/csv"[39m
        [33maria-label[39m=[32m"导入 TradingView 模拟交易"[39m
        [33mhidden[39m=[32m""[39m
        [33mtype[39m=[32m"file"[39m
      [36m/>[39m
      [36m<input[39m
        [33maccept[39m=[32m"image/jpeg,image/png,image/webp,.jpg,.jpeg,.png,.webp"[39m
        [33maria-label[39m=[32m"从截图恢复交易"[39m
        [33mhidden[39m=[32m""[39m
        [33mmultiple[39m=[32m""[39m
        [33mtype[39m=[32m"file"[39m
      [36m/>[39m
      [36m<aside[39m
        [33maria-label[39m=[32m"主导航"[39m
        [33mclass[39m=[32m"app-header app-sidebar "[39m
      [36m>[39m
        [36m<div[39m
          [33mclass[39m=[32m"brand"[39m
        [36m>[39m
          [36m<div[39m
            [33mclass[39m=[32m"brand-mark"[39m
          [36m>[39m
            [36m<svg[39m
              [33maria-hidden[39m=[32m"true"[39m
              [33mclass[39m=[32m"lucide lucide-book-open-check"[39m
              [33mfill[39m=[32m"none"[39m
              [33mheight[39m=[32m"19"[39m
              [33mstroke[39m=[32m"currentColor"[39m
              [33mstroke-linecap[39m=[32m"round"[39m
              [33mstroke-linejoin[39m=[32m"round"[39m
              [33mstroke-width[39m=[32m"2"[39m
              [33mviewBox[39m=[32m"0 0 24 24"[39m
              [33mwidth[39m=[32m"19"[39m
              [33mxmlns[39m=[32m"http://www.w3.org/2000/svg"[39m
            [36m>[39m
              [36m<path[39m
                [33md[39m=[32m"M12 5v16"[39m
              [36m/>[39m
              [36m<path[39m
                [33md[39m=[32m"m16 12 2 2 4-4"[39m
              [36m/>[39m
              [36m<path[39m
                [33md[39m=[32m"M22 6V5a2 2 0 00-1.999-2L16 3.002A5 5 0 0012 5a5 5 0 00-4-2H4a2 2 0 00-2 2v12a2 2 0 001.999 2H8a5 5 0 014 2 5 5 0 014-2h4.001A2 2 0 0022 17v-1.344"[39m
              [36m/>[39m
            [36m</svg>[39m
          [36m</div>[39m
          [36m<div>[39m
            [36m<strong>[39m
              [0mTradeReview[0m
            [36m</strong>[39m
            [36m<span>[39m
              [0m历史交易复盘[0m
            [36m</span>[39m
          [36m</div>[39m
        [36m</div>[39m
        [36m<button[39m
          [33maria-controls[39m=[32m"primary-navigation"[39m
          [33maria-expanded[39m=[32m"false"[39m
          [33maria-label[39m=[32m"导航"[39m
          [33mclass[39m=[32m"mobile-nav-trigger"[39m
          [33mtype[39m=[32m"button"[39m
        [36m>[39m
          [36m<svg[39m
            [33maria-hidden[39m=[32m"true"[39m
            [33mclass[39m=[32m"lucide lucide-menu"[39m
            [33mfill[39m=[32m"none"[39m
            [33mheight[39m=[32m"18"[39m
            [33mstroke[39m=[32m"currentColor"[39m
            [33mstroke-linecap[39m=[32m"round"[39m
            [33mstroke-linejoin[39m=[32m"round"[39m
            [33mstroke-width[39m=[32m"2"[39m
            [33mviewBox[39m=[32m"0 0 24 24"[39m
            [33mwidth[39m=[32m"18"[39m
            [33mxmlns[39m=[32m"http://www.w3.org/2000/svg"[39m
          [36m>[39m
            [36m<path[39m
              [33md[39m=[32m"M4 5h16"[39m
            [36m/>[39m
            [36m<path[39m
              [33md[39m=[32m"M4 12h16"[39m
            [36m/>[39m
            [36m<path[39m
              [33md[39m=[32m"M4 19h16"[39m
            [36m/>[39m
          [36m</svg>[39m
          [36m<span>[39m
            [0m导航[0m
          [36m</span>[39m
        [36m</button>[39m
        [36m<nav[39m
          [33maria-label[39m=[32m"主导航"[39m
          [33mclass[39m=[32m"app-nav"[39m
          [33mid[39m=[32m"primary-navigation"[39m
        [36m>[39m
          [36m<button[39m
            [33maria-label[39m=[32m"我的交易室"[39m
            [33mclass[39m=[32m""[39m
            [33mtitle[39m=[32m"我的交易室"[39m
            [33mtype[39m=[32m"button"[39m
          [36m>[39m
            [36m<svg[39m
              [33maria-hidden[39m=[32m"true"[39m
              [33mclass[39m=[32m"lucide lucide-layout-dashboard"[39m
              [33mfill[39m=[32m"none"[39m
              [33mheight[39m=[32m"16"[39m
              [33mstroke[39m=[32m"currentColor"[39m
              [33mstroke-linecap[39m=[32m"round"[39m
              [33mstroke-linejoin[39m=[32m"round"[39m
              [33mstroke-width[39m=[32m"2"[39m
              [33mviewBox[39m=[32m"0 0 24 24"[39m
              [33mwidth[39m=[32m"16"[39m
              [33mxmlns[39m=[32m"http://www.w3.org/2000/svg"[39m
            [36m>[39m
              [36m<rect[39m
                [33mheight[39m=[32m"9"[39m
                [33mrx[39m=[32m"1"[39m
                [33mwidth[39m=[32m"7"[39m
                [33mx[39m=[32m"3"[39m
                [33my[39m=[32m"3"[39m
              [36m/>[39m
              [36m<rect[39m
                [33mheight[39m=[32m"5"[39m
                [33mrx[39m=[32m"1"[39m
                [33mwidth[39m=[32m"7"[39m
                [33mx[39m=[32m"14"[39m
                [33my[39m=[32m"3"[39m
              [36m/>[39m
              [36m<rect[39m
                [33mheight[39m=[32m"9"[39m
                [33mrx[39m=[32m"1"[39m
                [33mwidth[39m=[32m"7"[39m
                [33mx[39m=[32m"14"[39m
                [33my[39m=[32m"12"[39m
              [36m/>[39m
              [36m<rect[39m
                [33mheight[39m=[32m"5"[39m
                [33mrx[39m=[32m"1"[39m
                [33mwidth[39m=[32m"7"[39m
                [33mx[39m=[32m"3"[39m
                [33my[39m=[32m"16"[39m
              [36m/>[39m
            [36m</svg>[39m
            [36m<span[39m
              [33mclass[39m=[32m"app-nav-label"[39m
            [36m>[39m
              [0m我的交易室[0m
            [36m</span>[39m
          [36m</button>[39m
          [36m<button[39m
            [33maria-label[39m=[32m"交易库"[39m
            [33mclass[39m=[32m""[39m
            [33mtitle[39m=[32m"交易库"[39m
            [33mtype[39m=[32m"button"[39m
          [36m>[39m
            [36m<svg[39m
              [33maria-hidden[39m=[32m"true"[39m
              [33mclass[39m=[32m"lucide lucide-book-open-check"[39m
              [33mfill[39m=[32m"none"[39m
              [33mheight[39m=[32m"16"[39m
              [33mstroke[39m=[32m"currentColo...

Ignored nodes: comments, script, style
[36m<body>[39m
  [36m<div>[39m
    [36m<main[39m
      [33mclass[39m=[32m"trade-review-app is-review"[39m
    [36m>[39m
      [36m<input[39m
        [33maccept[39m=[32m".xlsx,.xls,.pdf"[39m
        [33maria-label[39m=[32m"导入交易记录"[39m
        [33mhidden[39m=[32m""[39m
        [33mmultiple[39m=[32m""[39m
        [33mtype[39m=[32m"file"[39m
      [36m/>[39m
      [36m<input[39m
        [33maccept[39m=[32m".csv,text/csv"[39m
        [33maria-label[39m=[32m"导入 TradingView 模拟交易"[39m
        [33mhidden[39m=[32m""[39m
        [33mtype[39m=[32m"file"[39m
      [36m/>[39m
      [36m<input[39m
        [33maccept[39m=[32m"image/jpeg,image/png,image/webp,.jpg,.jpeg,.png,.webp"[39m
        [33maria-label[39m=[32m"从截图恢复交易"[39m
        [33mhidden[39m=[32m""[39m
        [33mmultiple[39m=[32m""[39m
        [33mtype[39m=[32m"file"[39m
      [36m/>[39m
      [36m<aside[39m
        [33maria-label[39m=[32m"主导航"[39m
        [33mclass[39m=[32m"app-header app-sidebar "[39m
      [36m>[39m
        [36m<div[39m
          [33mclass[39m=[32m"brand"[39m
        [36m>[39m
          [36m<div[39m
            [33mclass[39m=[32m"brand-mark"[39m
          [36m>[39m
            [36m<svg[39m
              [33maria-hidden[39m=[32m"true"[39m
              [33mclass[39m=[32m"lucide lucide-book-open-check"[39m
              [33mfill[39m=[32m"none"[39m
              [33mheight[39m=[32m"19"[39m
              [33mstroke[39m=[32m"currentColor"[39m
              [33mstroke-linecap[39m=[32m"round"[39m
              [33mstroke-linejoin[39m=[32m"round"[39m
              [33mstroke-width[39m=[32m"2"[39m
              [33mviewBox[39m=[32m"0 0 24 24"[39m
              [33mwidth[39m=[32m"19"[39m
              [33mxmlns[39m=[32m"http://www.w3.org/2000/svg"[39m
            [36m>[39m
              [36m<path[39m
                [33md[39m=[32m"M12 5v16"[39m
              [36m/>[39m
              [36m<path[39m
                [33md[39m=[32m"m16 12 2 2 4-4"[39m
              [36m/>[39m
              [36m<path[39m
                [33md[39m=[32m"M22 6V5a2 2 0 00-1.999-2L16 3.002A5 5 0 0012 5a5 5 0 00-4-2H4a2 2 0 00-2 2v12a2 2 0 001.999 2H8a5 5 0 014 2 5 5 0 014-2h4.001A2 2 0 0022 17v-1.344"[39m
              [36m/>[39m
            [36m</svg>[39m
          [36m</div>[39m
          [36m<div>[39m
            [36m<strong>[39m
              [0mTradeReview[0m
            [36m</strong>[39m
            [36m<span>[39m
              [0m历史交易复盘[0m
            [36m</span>[39m
          [36m</div>[39m
        [36m</div>[39m
        [36m<button[39m
          [33maria-controls[39m=[32m"primary-navigation"[39m
          [33maria-expanded[39m=[32m"false"[39m
          [33maria-label[39m=[32m"导航"[39m
          [33mclass[39m=[32m"mobile-nav-trigger"[39m
          [33mtype[39m=[32m"button"[39m
        [36m>[39m
          [36m<svg[39m
            [33maria-hidden[39m=[32m"true"[39m
            [33mclass[39m=[32m"lucide lucide-menu"[39m
            [33mfill[39m=[32m"none"[39m
            [33mheight[39m=[32m"18"[39m
            [33mstroke[39m=[32m"currentColor"[39m
            [33mstroke-linecap[39m=[32m"round"[39m
            [33mstroke-linejoin[39m=[32m"round"[39m
            [33mstroke-width[39m=[32m"2"[39m
            [33mviewBox[39m=[32m"0 0 24 24"[39m
            [33mwidth[39m=[32m"18"[39m
            [33mxmlns[39m=[32m"http://www.w3.org/2000/svg"[39m
          [36m>[39m
            [36m<path[39m
              [33md[39m=[32m"M4 5h16"[39m
            [36m/>[39m
            [36m<path[39m
              [33md[39m=[32m"M4 12h16"[39m
            [36m/>[39m
            [36m<path[39m
              [33md[39m=[32m"M4 19h16"[39m
            [36m/>[39m
          [36m</svg>[39m
          [36m<span>[39m
            [0m导航[0m
          [36m</span>[39m
        [36m</button>[39m
        [36m<nav[39m
          [33maria-label[39m=[32m"主导航"[39m
          [33mclass[39m=[32m"app-nav"[39m
          [33mid[39m=[32m"primary-navigation"[39m
        [36m>[39m
          [36m<button[39m
            [33maria-label[39m=[32m"我的交易室"[39m
            [33mclass[39m=[32m""[39m
            [33mtitle[39m=[32m"我的交易室"[39m
            [33mtype[39m=[32m"button"[39m
          [36m>[39m
            [36m<svg[39m
              [33maria-hidden[39m=[32m"true"[39m
              [33mclass[39m=[32m"lucide lucide-layout-dashboard"[39m
              [33mfill[39m=[32m"none"[39m
              [33mheight[39m=[32m"16"[39m
              [33mstroke[39m=[32m"currentColor"[39m
              [33mstroke-linecap[39m=[32m"round"[39m
              [33mstroke-linejoin[39m=[32m"round"[39m
              [33mstroke-width[39m=[32m"2"[39m
              [33mviewBox[39m=[32m"0 0 24 24"[39m
              [33mwidth[39m=[32m"16"[39m
              [33mxmlns[39m=[32m"http://www.w3.org/2000/svg"[39m
            [36m>[39m
              [36m<rect[39m
                [33mheight[39m=[32m"9"[39m
                [33mrx[39m=[32m"1"[39m
                [33mwidth[39m=[32m"7"[39m
                [33mx[39m=[32m"3"[39m
                [33my[39m=[32m"3"[39m
              [36m/>[39m
              [36m<rect[39m
                [33mheight[39m=[32m"5"[39m
                [33mrx[39m=[32m"1"[39m
                [33mwidth[39m=[32m"7"[39m
                [33mx[39m=[32m"14"[39m
                [33my[39m=[32m"3"[39m
              [36m/>[39m
              [36m<rect[39m
                [33mheight[39m=[32m"9"[39m
                [33mrx[39m=[32m"1"[39m
                [33mwidth[39m=[32m"7"[39m
                [33mx[39m=[32m"14"[39m
                [33my[39m=[32m"12"[39m
              [36m/>[39m
              [36m<rect[39m
                [33mheight[39m=[32m"5"[39m
                [33mrx[39m=[32m"1"[39m
                [33mwidth[39m=[32m"7"[39m
                [33mx[39m=[32m"3"[39m
                [33my[39m=[32m"16"[39m
              [36m/>[39m
            [36m</svg>[39m
            [36m<span[39m
              [33mclass[39m=[32m"app-nav-label"[39m
            [36m>[39m
              [0m我的交易室[0m
            [36m</span>[39m
          [36m</button>[39m
          [36m<button[39m
            [33maria-label[39m=[32m"交易库"[39m
            [33mclass[39m=[32m""[39m
            [33mtitle[39m=[32m"交易库"[39m
            [33mtype[39m=[32m"button"[39m
          [36m>[39m
            [36m<svg[39m
              [33maria-hidden[39m=[32m"true"[39m
              [33mclass[39m=[32m"lucide lucide-book-open-check"[39m
              [33mfill[39m=[32m"none"[39m
              [33mheight[39m=[32m"16"[39m
              [33mstroke[39m=[32m"currentColo...
 ❯ waitForWrapper node_modules/@testing-library/dom/dist/wait-for.js:163:27
 ❯ node_modules/@testing-library/dom/dist/query-helpers.js:86:33
 ❯ enterImportedReviewFromDashboard app/components/trade-review-workspace.test.tsx:1040:18
    1038|     if (!round) throw new Error("目标标的没有可打开的交易回合");
    1039|     await user.click(round);
    1040|     await screen.findByLabelText("图表工具栏");
       |                  ^
    1041|   }
    1042|
 ❯ renderGoldReplay app/components/trade-review-workspace.test.tsx:861:7
 ❯ app/components/trade-review-workspace.test.tsx:2741:5

⎯⎯⎯⎯⎯⎯⎯⎯⎯⎯⎯⎯⎯⎯⎯⎯⎯⎯⎯⎯⎯⎯[40/65]⎯

 FAIL  app/components/trade-review-workspace.test.tsx > TradeReviewWorkspace > retains a Recall drawing draft per episode and gates completion until a snapshot exists
Error: Test timed out in 5000ms.
If this is a long-running test, pass a timeout value as the last argument or configure it globally with "testTimeout".
 ❯ app/components/trade-review-workspace.test.tsx:2792:3
    2790|   });
    2791|
    2792|   it("retains a Recall drawing draft per episode and gates completion …
       |   ^
    2793|     const user = userEvent.setup();
    2794|     await renderGoldReplay([], "2026-06-26T08:30:00.000Z", "2026-06-26…

⎯⎯⎯⎯⎯⎯⎯⎯⎯⎯⎯⎯⎯⎯⎯⎯⎯⎯⎯⎯⎯⎯[41/65]⎯

 FAIL  app/components/trade-review-workspace.test.tsx > TradeReviewWorkspace > keeps the latest Recall drawing draft while completion is gated
Error: Test timed out in 5000ms.
If this is a long-running test, pass a timeout value as the last argument or configure it globally with "testTimeout".
 ❯ app/components/trade-review-workspace.test.tsx:2835:3
    2833|   });
    2834|
    2835|   it("keeps the latest Recall drawing draft while completion is gated"…
       |   ^
    2836|     const user = userEvent.setup();
    2837|     await renderGoldReplay([], "2026-06-26T08:30:00.000Z", "2026-06-26…

⎯⎯⎯⎯⎯⎯⎯⎯⎯⎯⎯⎯⎯⎯⎯⎯⎯⎯⎯⎯⎯⎯[42/65]⎯

 FAIL  app/components/trade-review-workspace.test.tsx > TradeReviewWorkspace > does not use candles before the bounded pre-entry context
TestingLibraryElementError: Unable to find a label with the text of: 图表工具栏

Ignored nodes: comments, script, style
[36m<body>[39m
  [36m<div>[39m
    [36m<main[39m
      [33mclass[39m=[32m"trade-review-app is-review"[39m
    [36m>[39m
      [36m<input[39m
        [33maccept[39m=[32m".xlsx,.xls,.pdf"[39m
        [33maria-label[39m=[32m"导入交易记录"[39m
        [33mhidden[39m=[32m""[39m
        [33mmultiple[39m=[32m""[39m
        [33mtype[39m=[32m"file"[39m
      [36m/>[39m
      [36m<input[39m
        [33maccept[39m=[32m".csv,text/csv"[39m
        [33maria-label[39m=[32m"导入 TradingView 模拟交易"[39m
        [33mhidden[39m=[32m""[39m
        [33mtype[39m=[32m"file"[39m
      [36m/>[39m
      [36m<input[39m
        [33maccept[39m=[32m"image/jpeg,image/png,image/webp,.jpg,.jpeg,.png,.webp"[39m
        [33maria-label[39m=[32m"从截图恢复交易"[39m
        [33mhidden[39m=[32m""[39m
        [33mmultiple[39m=[32m""[39m
        [33mtype[39m=[32m"file"[39m
      [36m/>[39m
      [36m<aside[39m
        [33maria-label[39m=[32m"主导航"[39m
        [33mclass[39m=[32m"app-header app-sidebar "[39m
      [36m>[39m
        [36m<div[39m
          [33mclass[39m=[32m"brand"[39m
        [36m>[39m
          [36m<div[39m
            [33mclass[39m=[32m"brand-mark"[39m
          [36m>[39m
            [36m<svg[39m
              [33maria-hidden[39m=[32m"true"[39m
              [33mclass[39m=[32m"lucide lucide-book-open-check"[39m
              [33mfill[39m=[32m"none"[39m
              [33mheight[39m=[32m"19"[39m
              [33mstroke[39m=[32m"currentColor"[39m
              [33mstroke-linecap[39m=[32m"round"[39m
              [33mstroke-linejoin[39m=[32m"round"[39m
              [33mstroke-width[39m=[32m"2"[39m
              [33mviewBox[39m=[32m"0 0 24 24"[39m
              [33mwidth[39m=[32m"19"[39m
              [33mxmlns[39m=[32m"http://www.w3.org/2000/svg"[39m
            [36m>[39m
              [36m<path[39m
                [33md[39m=[32m"M12 5v16"[39m
              [36m/>[39m
              [36m<path[39m
                [33md[39m=[32m"m16 12 2 2 4-4"[39m
              [36m/>[39m
              [36m<path[39m
                [33md[39m=[32m"M22 6V5a2 2 0 00-1.999-2L16 3.002A5 5 0 0012 5a5 5 0 00-4-2H4a2 2 0 00-2 2v12a2 2 0 001.999 2H8a5 5 0 014 2 5 5 0 014-2h4.001A2 2 0 0022 17v-1.344"[39m
              [36m/>[39m
            [36m</svg>[39m
          [36m</div>[39m
          [36m<div>[39m
            [36m<strong>[39m
              [0mTradeReview[0m
            [36m</strong>[39m
            [36m<span>[39m
              [0m历史交易复盘[0m
            [36m</span>[39m
          [36m</div>[39m
        [36m</div>[39m
        [36m<button[39m
          [33maria-controls[39m=[32m"primary-navigation"[39m
          [33maria-expanded[39m=[32m"false"[39m
          [33maria-label[39m=[32m"导航"[39m
          [33mclass[39m=[32m"mobile-nav-trigger"[39m
          [33mtype[39m=[32m"button"[39m
        [36m>[39m
          [36m<svg[39m
            [33maria-hidden[39m=[32m"true"[39m
            [33mclass[39m=[32m"lucide lucide-menu"[39m
            [33mfill[39m=[32m"none"[39m
            [33mheight[39m=[32m"18"[39m
            [33mstroke[39m=[32m"currentColor"[39m
            [33mstroke-linecap[39m=[32m"round"[39m
            [33mstroke-linejoin[39m=[32m"round"[39m
            [33mstroke-width[39m=[32m"2"[39m
            [33mviewBox[39m=[32m"0 0 24 24"[39m
            [33mwidth[39m=[32m"18"[39m
            [33mxmlns[39m=[32m"http://www.w3.org/2000/svg"[39m
          [36m>[39m
            [36m<path[39m
              [33md[39m=[32m"M4 5h16"[39m
            [36m/>[39m
            [36m<path[39m
              [33md[39m=[32m"M4 12h16"[39m
            [36m/>[39m
            [36m<path[39m
              [33md[39m=[32m"M4 19h16"[39m
            [36m/>[39m
          [36m</svg>[39m
          [36m<span>[39m
            [0m导航[0m
          [36m</span>[39m
        [36m</button>[39m
        [36m<nav[39m
          [33maria-label[39m=[32m"主导航"[39m
          [33mclass[39m=[32m"app-nav"[39m
          [33mid[39m=[32m"primary-navigation"[39m
        [36m>[39m
          [36m<button[39m
            [33maria-label[39m=[32m"我的交易室"[39m
            [33mclass[39m=[32m""[39m
            [33mtitle[39m=[32m"我的交易室"[39m
            [33mtype[39m=[32m"button"[39m
          [36m>[39m
            [36m<svg[39m
              [33maria-hidden[39m=[32m"true"[39m
              [33mclass[39m=[32m"lucide lucide-layout-dashboard"[39m
              [33mfill[39m=[32m"none"[39m
              [33mheight[39m=[32m"16"[39m
              [33mstroke[39m=[32m"currentColor"[39m
              [33mstroke-linecap[39m=[32m"round"[39m
              [33mstroke-linejoin[39m=[32m"round"[39m
              [33mstroke-width[39m=[32m"2"[39m
              [33mviewBox[39m=[32m"0 0 24 24"[39m
              [33mwidth[39m=[32m"16"[39m
              [33mxmlns[39m=[32m"http://www.w3.org/2000/svg"[39m
            [36m>[39m
              [36m<rect[39m
                [33mheight[39m=[32m"9"[39m
                [33mrx[39m=[32m"1"[39m
                [33mwidth[39m=[32m"7"[39m
                [33mx[39m=[32m"3"[39m
                [33my[39m=[32m"3"[39m
              [36m/>[39m
              [36m<rect[39m
                [33mheight[39m=[32m"5"[39m
                [33mrx[39m=[32m"1"[39m
                [33mwidth[39m=[32m"7"[39m
                [33mx[39m=[32m"14"[39m
                [33my[39m=[32m"3"[39m
              [36m/>[39m
              [36m<rect[39m
                [33mheight[39m=[32m"9"[39m
                [33mrx[39m=[32m"1"[39m
                [33mwidth[39m=[32m"7"[39m
                [33mx[39m=[32m"14"[39m
                [33my[39m=[32m"12"[39m
              [36m/>[39m
              [36m<rect[39m
                [33mheight[39m=[32m"5"[39m
                [33mrx[39m=[32m"1"[39m
                [33mwidth[39m=[32m"7"[39m
                [33mx[39m=[32m"3"[39m
                [33my[39m=[32m"16"[39m
              [36m/>[39m
            [36m</svg>[39m
            [36m<span[39m
              [33mclass[39m=[32m"app-nav-label"[39m
            [36m>[39m
              [0m我的交易室[0m
            [36m</span>[39m
          [36m</button>[39m
          [36m<button[39m
            [33maria-label[39m=[32m"交易库"[39m
            [33mclass[39m=[32m""[39m
            [33mtitle[39m=[32m"交易库"[39m
            [33mtype[39m=[32m"button"[39m
          [36m>[39m
            [36m<svg[39m
              [33maria-hidden[39m=[32m"true"[39m
              [33mclass[39m=[32m"lucide lucide-book-open-check"[39m
              [33mfill[39m=[32m"none"[39m
              [33mheight[39m=[32m"16"[39m
              [33mstroke[39m=[32m"currentColo...

Ignored nodes: comments, script, style
[36m<body>[39m
  [36m<div>[39m
    [36m<main[39m
      [33mclass[39m=[32m"trade-review-app is-review"[39m
    [36m>[39m
      [36m<input[39m
        [33maccept[39m=[32m".xlsx,.xls,.pdf"[39m
        [33maria-label[39m=[32m"导入交易记录"[39m
        [33mhidden[39m=[32m""[39m
        [33mmultiple[39m=[32m""[39m
        [33mtype[39m=[32m"file"[39m
      [36m/>[39m
      [36m<input[39m
        [33maccept[39m=[32m".csv,text/csv"[39m
        [33maria-label[39m=[32m"导入 TradingView 模拟交易"[39m
        [33mhidden[39m=[32m""[39m
        [33mtype[39m=[32m"file"[39m
      [36m/>[39m
      [36m<input[39m
        [33maccept[39m=[32m"image/jpeg,image/png,image/webp,.jpg,.jpeg,.png,.webp"[39m
        [33maria-label[39m=[32m"从截图恢复交易"[39m
        [33mhidden[39m=[32m""[39m
        [33mmultiple[39m=[32m""[39m
        [33mtype[39m=[32m"file"[39m
      [36m/>[39m
      [36m<aside[39m
        [33maria-label[39m=[32m"主导航"[39m
        [33mclass[39m=[32m"app-header app-sidebar "[39m
      [36m>[39m
        [36m<div[39m
          [33mclass[39m=[32m"brand"[39m
        [36m>[39m
          [36m<div[39m
            [33mclass[39m=[32m"brand-mark"[39m
          [36m>[39m
            [36m<svg[39m
              [33maria-hidden[39m=[32m"true"[39m
              [33mclass[39m=[32m"lucide lucide-book-open-check"[39m
              [33mfill[39m=[32m"none"[39m
              [33mheight[39m=[32m"19"[39m
              [33mstroke[39m=[32m"currentColor"[39m
              [33mstroke-linecap[39m=[32m"round"[39m
              [33mstroke-linejoin[39m=[32m"round"[39m
              [33mstroke-width[39m=[32m"2"[39m
              [33mviewBox[39m=[32m"0 0 24 24"[39m
              [33mwidth[39m=[32m"19"[39m
              [33mxmlns[39m=[32m"http://www.w3.org/2000/svg"[39m
            [36m>[39m
              [36m<path[39m
                [33md[39m=[32m"M12 5v16"[39m
              [36m/>[39m
              [36m<path[39m
                [33md[39m=[32m"m16 12 2 2 4-4"[39m
              [36m/>[39m
              [36m<path[39m
                [33md[39m=[32m"M22 6V5a2 2 0 00-1.999-2L16 3.002A5 5 0 0012 5a5 5 0 00-4-2H4a2 2 0 00-2 2v12a2 2 0 001.999 2H8a5 5 0 014 2 5 5 0 014-2h4.001A2 2 0 0022 17v-1.344"[39m
              [36m/>[39m
            [36m</svg>[39m
          [36m</div>[39m
          [36m<div>[39m
            [36m<strong>[39m
              [0mTradeReview[0m
            [36m</strong>[39m
            [36m<span>[39m
              [0m历史交易复盘[0m
            [36m</span>[39m
          [36m</div>[39m
        [36m</div>[39m
        [36m<button[39m
          [33maria-controls[39m=[32m"primary-navigation"[39m
          [33maria-expanded[39m=[32m"false"[39m
          [33maria-label[39m=[32m"导航"[39m
          [33mclass[39m=[32m"mobile-nav-trigger"[39m
          [33mtype[39m=[32m"button"[39m
        [36m>[39m
          [36m<svg[39m
            [33maria-hidden[39m=[32m"true"[39m
            [33mclass[39m=[32m"lucide lucide-menu"[39m
            [33mfill[39m=[32m"none"[39m
            [33mheight[39m=[32m"18"[39m
            [33mstroke[39m=[32m"currentColor"[39m
            [33mstroke-linecap[39m=[32m"round"[39m
            [33mstroke-linejoin[39m=[32m"round"[39m
            [33mstroke-width[39m=[32m"2"[39m
            [33mviewBox[39m=[32m"0 0 24 24"[39m
            [33mwidth[39m=[32m"18"[39m
            [33mxmlns[39m=[32m"http://www.w3.org/2000/svg"[39m
          [36m>[39m
            [36m<path[39m
              [33md[39m=[32m"M4 5h16"[39m
            [36m/>[39m
            [36m<path[39m
              [33md[39m=[32m"M4 12h16"[39m
            [36m/>[39m
            [36m<path[39m
              [33md[39m=[32m"M4 19h16"[39m
            [36m/>[39m
          [36m</svg>[39m
          [36m<span>[39m
            [0m导航[0m
          [36m</span>[39m
        [36m</button>[39m
        [36m<nav[39m
          [33maria-label[39m=[32m"主导航"[39m
          [33mclass[39m=[32m"app-nav"[39m
          [33mid[39m=[32m"primary-navigation"[39m
        [36m>[39m
          [36m<button[39m
            [33maria-label[39m=[32m"我的交易室"[39m
            [33mclass[39m=[32m""[39m
            [33mtitle[39m=[32m"我的交易室"[39m
            [33mtype[39m=[32m"button"[39m
          [36m>[39m
            [36m<svg[39m
              [33maria-hidden[39m=[32m"true"[39m
              [33mclass[39m=[32m"lucide lucide-layout-dashboard"[39m
              [33mfill[39m=[32m"none"[39m
              [33mheight[39m=[32m"16"[39m
              [33mstroke[39m=[32m"currentColor"[39m
              [33mstroke-linecap[39m=[32m"round"[39m
              [33mstroke-linejoin[39m=[32m"round"[39m
              [33mstroke-width[39m=[32m"2"[39m
              [33mviewBox[39m=[32m"0 0 24 24"[39m
              [33mwidth[39m=[32m"16"[39m
              [33mxmlns[39m=[32m"http://www.w3.org/2000/svg"[39m
            [36m>[39m
              [36m<rect[39m
                [33mheight[39m=[32m"9"[39m
                [33mrx[39m=[32m"1"[39m
                [33mwidth[39m=[32m"7"[39m
                [33mx[39m=[32m"3"[39m
                [33my[39m=[32m"3"[39m
              [36m/>[39m
              [36m<rect[39m
                [33mheight[39m=[32m"5"[39m
                [33mrx[39m=[32m"1"[39m
                [33mwidth[39m=[32m"7"[39m
                [33mx[39m=[32m"14"[39m
                [33my[39m=[32m"3"[39m
              [36m/>[39m
              [36m<rect[39m
                [33mheight[39m=[32m"9"[39m
                [33mrx[39m=[32m"1"[39m
                [33mwidth[39m=[32m"7"[39m
                [33mx[39m=[32m"14"[39m
                [33my[39m=[32m"12"[39m
              [36m/>[39m
              [36m<rect[39m
                [33mheight[39m=[32m"5"[39m
                [33mrx[39m=[32m"1"[39m
                [33mwidth[39m=[32m"7"[39m
                [33mx[39m=[32m"3"[39m
                [33my[39m=[32m"16"[39m
              [36m/>[39m
            [36m</svg>[39m
            [36m<span[39m
              [33mclass[39m=[32m"app-nav-label"[39m
            [36m>[39m
              [0m我的交易室[0m
            [36m</span>[39m
          [36m</button>[39m
          [36m<button[39m
            [33maria-label[39m=[32m"交易库"[39m
            [33mclass[39m=[32m""[39m
            [33mtitle[39m=[32m"交易库"[39m
            [33mtype[39m=[32m"button"[39m
          [36m>[39m
            [36m<svg[39m
              [33maria-hidden[39m=[32m"true"[39m
              [33mclass[39m=[32m"lucide lucide-book-open-check"[39m
              [33mfill[39m=[32m"none"[39m
              [33mheight[39m=[32m"16"[39m
              [33mstroke[39m=[32m"currentColo...
 ❯ waitForWrapper node_modules/@testing-library/dom/dist/wait-for.js:163:27
 ❯ node_modules/@testing-library/dom/dist/query-helpers.js:86:33
 ❯ app/components/trade-review-workspace.test.tsx:3282:18
    3280|     render(<TradeReviewWorkspace initialFrame={initialFrame} />);
    3281|
    3282|     await screen.findByLabelText("图表工具栏");
       |                  ^
    3283|     await waitFor(() =>
    3284|       expect(

⎯⎯⎯⎯⎯⎯⎯⎯⎯⎯⎯⎯⎯⎯⎯⎯⎯⎯⎯⎯⎯⎯[43/65]⎯

 FAIL  app/components/trade-review-workspace.test.tsx > TradeReviewWorkspace > does not describe confirmed grey-market trades as a regular-market history gap
Error: Test timed out in 5000ms.
If this is a long-running test, pass a timeout value as the last argument or configure it globally with "testTimeout".
 ❯ app/components/trade-review-workspace.test.tsx:3290:3
    3288|   });
    3289|
    3290|   it("does not describe confirmed grey-market trades as a regular-mark…
       |   ^
    3291|     const fill = availabilityExecution({ id: "grey-anchor", row: 2, si…
    3292|     saveImportedExecutions([{ ...fill, source: { ...fill.source, tradi…

⎯⎯⎯⎯⎯⎯⎯⎯⎯⎯⎯⎯⎯⎯⎯⎯⎯⎯⎯⎯⎯⎯[44/65]⎯

 FAIL  app/components/trade-review-workspace.test.tsx > TradeReviewWorkspace > shows all daily history by default and explains trades before the first candle
TestingLibraryElementError: Unable to find a label with the text of: 图表工具栏

Ignored nodes: comments, script, style
[36m<body>[39m
  [36m<div>[39m
    [36m<main[39m
      [33mclass[39m=[32m"trade-review-app is-review"[39m
    [36m>[39m
      [36m<input[39m
        [33maccept[39m=[32m".xlsx,.xls,.pdf"[39m
        [33maria-label[39m=[32m"导入交易记录"[39m
        [33mhidden[39m=[32m""[39m
        [33mmultiple[39m=[32m""[39m
        [33mtype[39m=[32m"file"[39m
      [36m/>[39m
      [36m<input[39m
        [33maccept[39m=[32m".csv,text/csv"[39m
        [33maria-label[39m=[32m"导入 TradingView 模拟交易"[39m
        [33mhidden[39m=[32m""[39m
        [33mtype[39m=[32m"file"[39m
      [36m/>[39m
      [36m<input[39m
        [33maccept[39m=[32m"image/jpeg,image/png,image/webp,.jpg,.jpeg,.png,.webp"[39m
        [33maria-label[39m=[32m"从截图恢复交易"[39m
        [33mhidden[39m=[32m""[39m
        [33mmultiple[39m=[32m""[39m
        [33mtype[39m=[32m"file"[39m
      [36m/>[39m
      [36m<aside[39m
        [33maria-label[39m=[32m"主导航"[39m
        [33mclass[39m=[32m"app-header app-sidebar "[39m
      [36m>[39m
        [36m<div[39m
          [33mclass[39m=[32m"brand"[39m
        [36m>[39m
          [36m<div[39m
            [33mclass[39m=[32m"brand-mark"[39m
          [36m>[39m
            [36m<svg[39m
              [33maria-hidden[39m=[32m"true"[39m
              [33mclass[39m=[32m"lucide lucide-book-open-check"[39m
              [33mfill[39m=[32m"none"[39m
              [33mheight[39m=[32m"19"[39m
              [33mstroke[39m=[32m"currentColor"[39m
              [33mstroke-linecap[39m=[32m"round"[39m
              [33mstroke-linejoin[39m=[32m"round"[39m
              [33mstroke-width[39m=[32m"2"[39m
              [33mviewBox[39m=[32m"0 0 24 24"[39m
              [33mwidth[39m=[32m"19"[39m
              [33mxmlns[39m=[32m"http://www.w3.org/2000/svg"[39m
            [36m>[39m
              [36m<path[39m
                [33md[39m=[32m"M12 5v16"[39m
              [36m/>[39m
              [36m<path[39m
                [33md[39m=[32m"m16 12 2 2 4-4"[39m
              [36m/>[39m
              [36m<path[39m
                [33md[39m=[32m"M22 6V5a2 2 0 00-1.999-2L16 3.002A5 5 0 0012 5a5 5 0 00-4-2H4a2 2 0 00-2 2v12a2 2 0 001.999 2H8a5 5 0 014 2 5 5 0 014-2h4.001A2 2 0 0022 17v-1.344"[39m
              [36m/>[39m
            [36m</svg>[39m
          [36m</div>[39m
          [36m<div>[39m
            [36m<strong>[39m
              [0mTradeReview[0m
            [36m</strong>[39m
            [36m<span>[39m
              [0m历史交易复盘[0m
            [36m</span>[39m
          [36m</div>[39m
        [36m</div>[39m
        [36m<button[39m
          [33maria-controls[39m=[32m"primary-navigation"[39m
          [33maria-expanded[39m=[32m"false"[39m
          [33maria-label[39m=[32m"导航"[39m
          [33mclass[39m=[32m"mobile-nav-trigger"[39m
          [33mtype[39m=[32m"button"[39m
        [36m>[39m
          [36m<svg[39m
            [33maria-hidden[39m=[32m"true"[39m
            [33mclass[39m=[32m"lucide lucide-menu"[39m
            [33mfill[39m=[32m"none"[39m
            [33mheight[39m=[32m"18"[39m
            [33mstroke[39m=[32m"currentColor"[39m
            [33mstroke-linecap[39m=[32m"round"[39m
            [33mstroke-linejoin[39m=[32m"round"[39m
            [33mstroke-width[39m=[32m"2"[39m
            [33mviewBox[39m=[32m"0 0 24 24"[39m
            [33mwidth[39m=[32m"18"[39m
            [33mxmlns[39m=[32m"http://www.w3.org/2000/svg"[39m
          [36m>[39m
            [36m<path[39m
              [33md[39m=[32m"M4 5h16"[39m
            [36m/>[39m
            [36m<path[39m
              [33md[39m=[32m"M4 12h16"[39m
            [36m/>[39m
            [36m<path[39m
              [33md[39m=[32m"M4 19h16"[39m
            [36m/>[39m
          [36m</svg>[39m
          [36m<span>[39m
            [0m导航[0m
          [36m</span>[39m
        [36m</button>[39m
        [36m<nav[39m
          [33maria-label[39m=[32m"主导航"[39m
          [33mclass[39m=[32m"app-nav"[39m
          [33mid[39m=[32m"primary-navigation"[39m
        [36m>[39m
          [36m<button[39m
            [33maria-label[39m=[32m"我的交易室"[39m
            [33mclass[39m=[32m""[39m
            [33mtitle[39m=[32m"我的交易室"[39m
            [33mtype[39m=[32m"button"[39m
          [36m>[39m
            [36m<svg[39m
              [33maria-hidden[39m=[32m"true"[39m
              [33mclass[39m=[32m"lucide lucide-layout-dashboard"[39m
              [33mfill[39m=[32m"none"[39m
              [33mheight[39m=[32m"16"[39m
              [33mstroke[39m=[32m"currentColor"[39m
              [33mstroke-linecap[39m=[32m"round"[39m
              [33mstroke-linejoin[39m=[32m"round"[39m
              [33mstroke-width[39m=[32m"2"[39m
              [33mviewBox[39m=[32m"0 0 24 24"[39m
              [33mwidth[39m=[32m"16"[39m
              [33mxmlns[39m=[32m"http://www.w3.org/2000/svg"[39m
            [36m>[39m
              [36m<rect[39m
                [33mheight[39m=[32m"9"[39m
                [33mrx[39m=[32m"1"[39m
                [33mwidth[39m=[32m"7"[39m
                [33mx[39m=[32m"3"[39m
                [33my[39m=[32m"3"[39m
              [36m/>[39m
              [36m<rect[39m
                [33mheight[39m=[32m"5"[39m
                [33mrx[39m=[32m"1"[39m
                [33mwidth[39m=[32m"7"[39m
                [33mx[39m=[32m"14"[39m
                [33my[39m=[32m"3"[39m
              [36m/>[39m
              [36m<rect[39m
                [33mheight[39m=[32m"9"[39m
                [33mrx[39m=[32m"1"[39m
                [33mwidth[39m=[32m"7"[39m
                [33mx[39m=[32m"14"[39m
                [33my[39m=[32m"12"[39m
              [36m/>[39m
              [36m<rect[39m
                [33mheight[39m=[32m"5"[39m
                [33mrx[39m=[32m"1"[39m
                [33mwidth[39m=[32m"7"[39m
                [33mx[39m=[32m"3"[39m
                [33my[39m=[32m"16"[39m
              [36m/>[39m
            [36m</svg>[39m
            [36m<span[39m
              [33mclass[39m=[32m"app-nav-label"[39m
            [36m>[39m
              [0m我的交易室[0m
            [36m</span>[39m
          [36m</button>[39m
          [36m<button[39m
            [33maria-label[39m=[32m"交易库"[39m
            [33mclass[39m=[32m""[39m
            [33mtitle[39m=[32m"交易库"[39m
            [33mtype[39m=[32m"button"[39m
          [36m>[39m
            [36m<svg[39m
              [33maria-hidden[39m=[32m"true"[39m
              [33mclass[39m=[32m"lucide lucide-book-open-check"[39m
              [33mfill[39m=[32m"none"[39m
              [33mheight[39m=[32m"16"[39m
              [33mstroke[39m=[32m"currentColo...

Ignored nodes: comments, script, style
[36m<body>[39m
  [36m<div>[39m
    [36m<main[39m
      [33mclass[39m=[32m"trade-review-app is-review"[39m
    [36m>[39m
      [36m<input[39m
        [33maccept[39m=[32m".xlsx,.xls,.pdf"[39m
        [33maria-label[39m=[32m"导入交易记录"[39m
        [33mhidden[39m=[32m""[39m
        [33mmultiple[39m=[32m""[39m
        [33mtype[39m=[32m"file"[39m
      [36m/>[39m
      [36m<input[39m
        [33maccept[39m=[32m".csv,text/csv"[39m
        [33maria-label[39m=[32m"导入 TradingView 模拟交易"[39m
        [33mhidden[39m=[32m""[39m
        [33mtype[39m=[32m"file"[39m
      [36m/>[39m
      [36m<input[39m
        [33maccept[39m=[32m"image/jpeg,image/png,image/webp,.jpg,.jpeg,.png,.webp"[39m
        [33maria-label[39m=[32m"从截图恢复交易"[39m
        [33mhidden[39m=[32m""[39m
        [33mmultiple[39m=[32m""[39m
        [33mtype[39m=[32m"file"[39m
      [36m/>[39m
      [36m<aside[39m
        [33maria-label[39m=[32m"主导航"[39m
        [33mclass[39m=[32m"app-header app-sidebar "[39m
      [36m>[39m
        [36m<div[39m
          [33mclass[39m=[32m"brand"[39m
        [36m>[39m
          [36m<div[39m
            [33mclass[39m=[32m"brand-mark"[39m
          [36m>[39m
            [36m<svg[39m
              [33maria-hidden[39m=[32m"true"[39m
              [33mclass[39m=[32m"lucide lucide-book-open-check"[39m
              [33mfill[39m=[32m"none"[39m
              [33mheight[39m=[32m"19"[39m
              [33mstroke[39m=[32m"currentColor"[39m
              [33mstroke-linecap[39m=[32m"round"[39m
              [33mstroke-linejoin[39m=[32m"round"[39m
              [33mstroke-width[39m=[32m"2"[39m
              [33mviewBox[39m=[32m"0 0 24 24"[39m
              [33mwidth[39m=[32m"19"[39m
              [33mxmlns[39m=[32m"http://www.w3.org/2000/svg"[39m
            [36m>[39m
              [36m<path[39m
                [33md[39m=[32m"M12 5v16"[39m
              [36m/>[39m
              [36m<path[39m
                [33md[39m=[32m"m16 12 2 2 4-4"[39m
              [36m/>[39m
              [36m<path[39m
                [33md[39m=[32m"M22 6V5a2 2 0 00-1.999-2L16 3.002A5 5 0 0012 5a5 5 0 00-4-2H4a2 2 0 00-2 2v12a2 2 0 001.999 2H8a5 5 0 014 2 5 5 0 014-2h4.001A2 2 0 0022 17v-1.344"[39m
              [36m/>[39m
            [36m</svg>[39m
          [36m</div>[39m
          [36m<div>[39m
            [36m<strong>[39m
              [0mTradeReview[0m
            [36m</strong>[39m
            [36m<span>[39m
              [0m历史交易复盘[0m
            [36m</span>[39m
          [36m</div>[39m
        [36m</div>[39m
        [36m<button[39m
          [33maria-controls[39m=[32m"primary-navigation"[39m
          [33maria-expanded[39m=[32m"false"[39m
          [33maria-label[39m=[32m"导航"[39m
          [33mclass[39m=[32m"mobile-nav-trigger"[39m
          [33mtype[39m=[32m"button"[39m
        [36m>[39m
          [36m<svg[39m
            [33maria-hidden[39m=[32m"true"[39m
            [33mclass[39m=[32m"lucide lucide-menu"[39m
            [33mfill[39m=[32m"none"[39m
            [33mheight[39m=[32m"18"[39m
            [33mstroke[39m=[32m"currentColor"[39m
            [33mstroke-linecap[39m=[32m"round"[39m
            [33mstroke-linejoin[39m=[32m"round"[39m
            [33mstroke-width[39m=[32m"2"[39m
            [33mviewBox[39m=[32m"0 0 24 24"[39m
            [33mwidth[39m=[32m"18"[39m
            [33mxmlns[39m=[32m"http://www.w3.org/2000/svg"[39m
          [36m>[39m
            [36m<path[39m
              [33md[39m=[32m"M4 5h16"[39m
            [36m/>[39m
            [36m<path[39m
              [33md[39m=[32m"M4 12h16"[39m
            [36m/>[39m
            [36m<path[39m
              [33md[39m=[32m"M4 19h16"[39m
            [36m/>[39m
          [36m</svg>[39m
          [36m<span>[39m
            [0m导航[0m
          [36m</span>[39m
        [36m</button>[39m
        [36m<nav[39m
          [33maria-label[39m=[32m"主导航"[39m
          [33mclass[39m=[32m"app-nav"[39m
          [33mid[39m=[32m"primary-navigation"[39m
        [36m>[39m
          [36m<button[39m
            [33maria-label[39m=[32m"我的交易室"[39m
            [33mclass[39m=[32m""[39m
            [33mtitle[39m=[32m"我的交易室"[39m
            [33mtype[39m=[32m"button"[39m
          [36m>[39m
            [36m<svg[39m
              [33maria-hidden[39m=[32m"true"[39m
              [33mclass[39m=[32m"lucide lucide-layout-dashboard"[39m
              [33mfill[39m=[32m"none"[39m
              [33mheight[39m=[32m"16"[39m
              [33mstroke[39m=[32m"currentColor"[39m
              [33mstroke-linecap[39m=[32m"round"[39m
              [33mstroke-linejoin[39m=[32m"round"[39m
              [33mstroke-width[39m=[32m"2"[39m
              [33mviewBox[39m=[32m"0 0 24 24"[39m
              [33mwidth[39m=[32m"16"[39m
              [33mxmlns[39m=[32m"http://www.w3.org/2000/svg"[39m
            [36m>[39m
              [36m<rect[39m
                [33mheight[39m=[32m"9"[39m
                [33mrx[39m=[32m"1"[39m
                [33mwidth[39m=[32m"7"[39m
                [33mx[39m=[32m"3"[39m
                [33my[39m=[32m"3"[39m
              [36m/>[39m
              [36m<rect[39m
                [33mheight[39m=[32m"5"[39m
                [33mrx[39m=[32m"1"[39m
                [33mwidth[39m=[32m"7"[39m
                [33mx[39m=[32m"14"[39m
                [33my[39m=[32m"3"[39m
              [36m/>[39m
              [36m<rect[39m
                [33mheight[39m=[32m"9"[39m
                [33mrx[39m=[32m"1"[39m
                [33mwidth[39m=[32m"7"[39m
                [33mx[39m=[32m"14"[39m
                [33my[39m=[32m"12"[39m
              [36m/>[39m
              [36m<rect[39m
                [33mheight[39m=[32m"5"[39m
                [33mrx[39m=[32m"1"[39m
                [33mwidth[39m=[32m"7"[39m
                [33mx[39m=[32m"3"[39m
                [33my[39m=[32m"16"[39m
              [36m/>[39m
            [36m</svg>[39m
            [36m<span[39m
              [33mclass[39m=[32m"app-nav-label"[39m
            [36m>[39m
              [0m我的交易室[0m
            [36m</span>[39m
          [36m</button>[39m
          [36m<button[39m
            [33maria-label[39m=[32m"交易库"[39m
            [33mclass[39m=[32m""[39m
            [33mtitle[39m=[32m"交易库"[39m
            [33mtype[39m=[32m"button"[39m
          [36m>[39m
            [36m<svg[39m
              [33maria-hidden[39m=[32m"true"[39m
              [33mclass[39m=[32m"lucide lucide-book-open-check"[39m
              [33mfill[39m=[32m"none"[39m
              [33mheight[39m=[32m"16"[39m
              [33mstroke[39m=[32m"currentColo...
 ❯ waitForWrapper node_modules/@testing-library/dom/dist/wait-for.js:163:27
 ❯ node_modules/@testing-library/dom/dist/query-helpers.js:86:33
 ❯ enterImportedReviewFromDashboard app/components/trade-review-workspace.test.tsx:1040:18
    1038|     if (!round) throw new Error("目标标的没有可打开的交易回合");
    1039|     await user.click(round);
    1040|     await screen.findByLabelText("图表工具栏");
       |                  ^
    1041|   }
    1042|
 ❯ app/components/trade-review-workspace.test.tsx:3309:5

⎯⎯⎯⎯⎯⎯⎯⎯⎯⎯⎯⎯⎯⎯⎯⎯⎯⎯⎯⎯⎯⎯[45/65]⎯

 FAIL  app/components/trade-review-workspace.test.tsx > TradeReviewWorkspace > scopes Recall history and replay to the selected episode
Error: Test timed out in 5000ms.
If this is a long-running test, pass a timeout value as the last argument or configure it globally with "testTimeout".
 ❯ app/components/trade-review-workspace.test.tsx:3325:3
    3323|   });
    3324|
    3325|   it("scopes Recall history and replay to the selected episode", async…
       |   ^
    3326|     const user = userEvent.setup();
    3327|     saveImportedExecutions([

⎯⎯⎯⎯⎯⎯⎯⎯⎯⎯⎯⎯⎯⎯⎯⎯⎯⎯⎯⎯⎯⎯[46/65]⎯

 FAIL  app/components/trade-review-workspace.test.tsx > TradeReviewWorkspace > starts before entry and advances to the first known candle when history begins after the trade
TestingLibraryElementError: Unable to find a label with the text of: 图表工具栏

Ignored nodes: comments, script, style
[36m<body>[39m
  [36m<div>[39m
    [36m<main[39m
      [33mclass[39m=[32m"trade-review-app is-review"[39m
    [36m>[39m
      [36m<input[39m
        [33maccept[39m=[32m".xlsx,.xls,.pdf"[39m
        [33maria-label[39m=[32m"导入交易记录"[39m
        [33mhidden[39m=[32m""[39m
        [33mmultiple[39m=[32m""[39m
        [33mtype[39m=[32m"file"[39m
      [36m/>[39m
      [36m<input[39m
        [33maccept[39m=[32m".csv,text/csv"[39m
        [33maria-label[39m=[32m"导入 TradingView 模拟交易"[39m
        [33mhidden[39m=[32m""[39m
        [33mtype[39m=[32m"file"[39m
      [36m/>[39m
      [36m<input[39m
        [33maccept[39m=[32m"image/jpeg,image/png,image/webp,.jpg,.jpeg,.png,.webp"[39m
        [33maria-label[39m=[32m"从截图恢复交易"[39m
        [33mhidden[39m=[32m""[39m
        [33mmultiple[39m=[32m""[39m
        [33mtype[39m=[32m"file"[39m
      [36m/>[39m
      [36m<aside[39m
        [33maria-label[39m=[32m"主导航"[39m
        [33mclass[39m=[32m"app-header app-sidebar "[39m
      [36m>[39m
        [36m<div[39m
          [33mclass[39m=[32m"brand"[39m
        [36m>[39m
          [36m<div[39m
            [33mclass[39m=[32m"brand-mark"[39m
          [36m>[39m
            [36m<svg[39m
              [33maria-hidden[39m=[32m"true"[39m
              [33mclass[39m=[32m"lucide lucide-book-open-check"[39m
              [33mfill[39m=[32m"none"[39m
              [33mheight[39m=[32m"19"[39m
              [33mstroke[39m=[32m"currentColor"[39m
              [33mstroke-linecap[39m=[32m"round"[39m
              [33mstroke-linejoin[39m=[32m"round"[39m
              [33mstroke-width[39m=[32m"2"[39m
              [33mviewBox[39m=[32m"0 0 24 24"[39m
              [33mwidth[39m=[32m"19"[39m
              [33mxmlns[39m=[32m"http://www.w3.org/2000/svg"[39m
            [36m>[39m
              [36m<path[39m
                [33md[39m=[32m"M12 5v16"[39m
              [36m/>[39m
              [36m<path[39m
                [33md[39m=[32m"m16 12 2 2 4-4"[39m
              [36m/>[39m
              [36m<path[39m
                [33md[39m=[32m"M22 6V5a2 2 0 00-1.999-2L16 3.002A5 5 0 0012 5a5 5 0 00-4-2H4a2 2 0 00-2 2v12a2 2 0 001.999 2H8a5 5 0 014 2 5 5 0 014-2h4.001A2 2 0 0022 17v-1.344"[39m
              [36m/>[39m
            [36m</svg>[39m
          [36m</div>[39m
          [36m<div>[39m
            [36m<strong>[39m
              [0mTradeReview[0m
            [36m</strong>[39m
            [36m<span>[39m
              [0m历史交易复盘[0m
            [36m</span>[39m
          [36m</div>[39m
        [36m</div>[39m
        [36m<button[39m
          [33maria-controls[39m=[32m"primary-navigation"[39m
          [33maria-expanded[39m=[32m"false"[39m
          [33maria-label[39m=[32m"导航"[39m
          [33mclass[39m=[32m"mobile-nav-trigger"[39m
          [33mtype[39m=[32m"button"[39m
        [36m>[39m
          [36m<svg[39m
            [33maria-hidden[39m=[32m"true"[39m
            [33mclass[39m=[32m"lucide lucide-menu"[39m
            [33mfill[39m=[32m"none"[39m
            [33mheight[39m=[32m"18"[39m
            [33mstroke[39m=[32m"currentColor"[39m
            [33mstroke-linecap[39m=[32m"round"[39m
            [33mstroke-linejoin[39m=[32m"round"[39m
            [33mstroke-width[39m=[32m"2"[39m
            [33mviewBox[39m=[32m"0 0 24 24"[39m
            [33mwidth[39m=[32m"18"[39m
            [33mxmlns[39m=[32m"http://www.w3.org/2000/svg"[39m
          [36m>[39m
            [36m<path[39m
              [33md[39m=[32m"M4 5h16"[39m
            [36m/>[39m
            [36m<path[39m
              [33md[39m=[32m"M4 12h16"[39m
            [36m/>[39m
            [36m<path[39m
              [33md[39m=[32m"M4 19h16"[39m
            [36m/>[39m
          [36m</svg>[39m
          [36m<span>[39m
            [0m导航[0m
          [36m</span>[39m
        [36m</button>[39m
        [36m<nav[39m
          [33maria-label[39m=[32m"主导航"[39m
          [33mclass[39m=[32m"app-nav"[39m
          [33mid[39m=[32m"primary-navigation"[39m
        [36m>[39m
          [36m<button[39m
            [33maria-label[39m=[32m"我的交易室"[39m
            [33mclass[39m=[32m""[39m
            [33mtitle[39m=[32m"我的交易室"[39m
            [33mtype[39m=[32m"button"[39m
          [36m>[39m
            [36m<svg[39m
              [33maria-hidden[39m=[32m"true"[39m
              [33mclass[39m=[32m"lucide lucide-layout-dashboard"[39m
              [33mfill[39m=[32m"none"[39m
              [33mheight[39m=[32m"16"[39m
              [33mstroke[39m=[32m"currentColor"[39m
              [33mstroke-linecap[39m=[32m"round"[39m
              [33mstroke-linejoin[39m=[32m"round"[39m
              [33mstroke-width[39m=[32m"2"[39m
              [33mviewBox[39m=[32m"0 0 24 24"[39m
              [33mwidth[39m=[32m"16"[39m
              [33mxmlns[39m=[32m"http://www.w3.org/2000/svg"[39m
            [36m>[39m
              [36m<rect[39m
                [33mheight[39m=[32m"9"[39m
                [33mrx[39m=[32m"1"[39m
                [33mwidth[39m=[32m"7"[39m
                [33mx[39m=[32m"3"[39m
                [33my[39m=[32m"3"[39m
              [36m/>[39m
              [36m<rect[39m
                [33mheight[39m=[32m"5"[39m
                [33mrx[39m=[32m"1"[39m
                [33mwidth[39m=[32m"7"[39m
                [33mx[39m=[32m"14"[39m
                [33my[39m=[32m"3"[39m
              [36m/>[39m
              [36m<rect[39m
                [33mheight[39m=[32m"9"[39m
                [33mrx[39m=[32m"1"[39m
                [33mwidth[39m=[32m"7"[39m
                [33mx[39m=[32m"14"[39m
                [33my[39m=[32m"12"[39m
              [36m/>[39m
              [36m<rect[39m
                [33mheight[39m=[32m"5"[39m
                [33mrx[39m=[32m"1"[39m
                [33mwidth[39m=[32m"7"[39m
                [33mx[39m=[32m"3"[39m
                [33my[39m=[32m"16"[39m
              [36m/>[39m
            [36m</svg>[39m
            [36m<span[39m
              [33mclass[39m=[32m"app-nav-label"[39m
            [36m>[39m
              [0m我的交易室[0m
            [36m</span>[39m
          [36m</button>[39m
          [36m<button[39m
            [33maria-label[39m=[32m"交易库"[39m
            [33mclass[39m=[32m""[39m
            [33mtitle[39m=[32m"交易库"[39m
            [33mtype[39m=[32m"button"[39m
          [36m>[39m
            [36m<svg[39m
              [33maria-hidden[39m=[32m"true"[39m
              [33mclass[39m=[32m"lucide lucide-book-open-check"[39m
              [33mfill[39m=[32m"none"[39m
              [33mheight[39m=[32m"16"[39m
              [33mstroke[39m=[32m"currentColo...

Ignored nodes: comments, script, style
[36m<body>[39m
  [36m<div>[39m
    [36m<main[39m
      [33mclass[39m=[32m"trade-review-app is-review"[39m
    [36m>[39m
      [36m<input[39m
        [33maccept[39m=[32m".xlsx,.xls,.pdf"[39m
        [33maria-label[39m=[32m"导入交易记录"[39m
        [33mhidden[39m=[32m""[39m
        [33mmultiple[39m=[32m""[39m
        [33mtype[39m=[32m"file"[39m
      [36m/>[39m
      [36m<input[39m
        [33maccept[39m=[32m".csv,text/csv"[39m
        [33maria-label[39m=[32m"导入 TradingView 模拟交易"[39m
        [33mhidden[39m=[32m""[39m
        [33mtype[39m=[32m"file"[39m
      [36m/>[39m
      [36m<input[39m
        [33maccept[39m=[32m"image/jpeg,image/png,image/webp,.jpg,.jpeg,.png,.webp"[39m
        [33maria-label[39m=[32m"从截图恢复交易"[39m
        [33mhidden[39m=[32m""[39m
        [33mmultiple[39m=[32m""[39m
        [33mtype[39m=[32m"file"[39m
      [36m/>[39m
      [36m<aside[39m
        [33maria-label[39m=[32m"主导航"[39m
        [33mclass[39m=[32m"app-header app-sidebar "[39m
      [36m>[39m
        [36m<div[39m
          [33mclass[39m=[32m"brand"[39m
        [36m>[39m
          [36m<div[39m
            [33mclass[39m=[32m"brand-mark"[39m
          [36m>[39m
            [36m<svg[39m
              [33maria-hidden[39m=[32m"true"[39m
              [33mclass[39m=[32m"lucide lucide-book-open-check"[39m
              [33mfill[39m=[32m"none"[39m
              [33mheight[39m=[32m"19"[39m
              [33mstroke[39m=[32m"currentColor"[39m
              [33mstroke-linecap[39m=[32m"round"[39m
              [33mstroke-linejoin[39m=[32m"round"[39m
              [33mstroke-width[39m=[32m"2"[39m
              [33mviewBox[39m=[32m"0 0 24 24"[39m
              [33mwidth[39m=[32m"19"[39m
              [33mxmlns[39m=[32m"http://www.w3.org/2000/svg"[39m
            [36m>[39m
              [36m<path[39m
                [33md[39m=[32m"M12 5v16"[39m
              [36m/>[39m
              [36m<path[39m
                [33md[39m=[32m"m16 12 2 2 4-4"[39m
              [36m/>[39m
              [36m<path[39m
                [33md[39m=[32m"M22 6V5a2 2 0 00-1.999-2L16 3.002A5 5 0 0012 5a5 5 0 00-4-2H4a2 2 0 00-2 2v12a2 2 0 001.999 2H8a5 5 0 014 2 5 5 0 014-2h4.001A2 2 0 0022 17v-1.344"[39m
              [36m/>[39m
            [36m</svg>[39m
          [36m</div>[39m
          [36m<div>[39m
            [36m<strong>[39m
              [0mTradeReview[0m
            [36m</strong>[39m
            [36m<span>[39m
              [0m历史交易复盘[0m
            [36m</span>[39m
          [36m</div>[39m
        [36m</div>[39m
        [36m<button[39m
          [33maria-controls[39m=[32m"primary-navigation"[39m
          [33maria-expanded[39m=[32m"false"[39m
          [33maria-label[39m=[32m"导航"[39m
          [33mclass[39m=[32m"mobile-nav-trigger"[39m
          [33mtype[39m=[32m"button"[39m
        [36m>[39m
          [36m<svg[39m
            [33maria-hidden[39m=[32m"true"[39m
            [33mclass[39m=[32m"lucide lucide-menu"[39m
            [33mfill[39m=[32m"none"[39m
            [33mheight[39m=[32m"18"[39m
            [33mstroke[39m=[32m"currentColor"[39m
            [33mstroke-linecap[39m=[32m"round"[39m
            [33mstroke-linejoin[39m=[32m"round"[39m
            [33mstroke-width[39m=[32m"2"[39m
            [33mviewBox[39m=[32m"0 0 24 24"[39m
            [33mwidth[39m=[32m"18"[39m
            [33mxmlns[39m=[32m"http://www.w3.org/2000/svg"[39m
          [36m>[39m
            [36m<path[39m
              [33md[39m=[32m"M4 5h16"[39m
            [36m/>[39m
            [36m<path[39m
              [33md[39m=[32m"M4 12h16"[39m
            [36m/>[39m
            [36m<path[39m
              [33md[39m=[32m"M4 19h16"[39m
            [36m/>[39m
          [36m</svg>[39m
          [36m<span>[39m
            [0m导航[0m
          [36m</span>[39m
        [36m</button>[39m
        [36m<nav[39m
          [33maria-label[39m=[32m"主导航"[39m
          [33mclass[39m=[32m"app-nav"[39m
          [33mid[39m=[32m"primary-navigation"[39m
        [36m>[39m
          [36m<button[39m
            [33maria-label[39m=[32m"我的交易室"[39m
            [33mclass[39m=[32m""[39m
            [33mtitle[39m=[32m"我的交易室"[39m
            [33mtype[39m=[32m"button"[39m
          [36m>[39m
            [36m<svg[39m
              [33maria-hidden[39m=[32m"true"[39m
              [33mclass[39m=[32m"lucide lucide-layout-dashboard"[39m
              [33mfill[39m=[32m"none"[39m
              [33mheight[39m=[32m"16"[39m
              [33mstroke[39m=[32m"currentColor"[39m
              [33mstroke-linecap[39m=[32m"round"[39m
              [33mstroke-linejoin[39m=[32m"round"[39m
              [33mstroke-width[39m=[32m"2"[39m
              [33mviewBox[39m=[32m"0 0 24 24"[39m
              [33mwidth[39m=[32m"16"[39m
              [33mxmlns[39m=[32m"http://www.w3.org/2000/svg"[39m
            [36m>[39m
              [36m<rect[39m
                [33mheight[39m=[32m"9"[39m
                [33mrx[39m=[32m"1"[39m
                [33mwidth[39m=[32m"7"[39m
                [33mx[39m=[32m"3"[39m
                [33my[39m=[32m"3"[39m
              [36m/>[39m
              [36m<rect[39m
                [33mheight[39m=[32m"5"[39m
                [33mrx[39m=[32m"1"[39m
                [33mwidth[39m=[32m"7"[39m
                [33mx[39m=[32m"14"[39m
                [33my[39m=[32m"3"[39m
              [36m/>[39m
              [36m<rect[39m
                [33mheight[39m=[32m"9"[39m
                [33mrx[39m=[32m"1"[39m
                [33mwidth[39m=[32m"7"[39m
                [33mx[39m=[32m"14"[39m
                [33my[39m=[32m"12"[39m
              [36m/>[39m
              [36m<rect[39m
                [33mheight[39m=[32m"5"[39m
                [33mrx[39m=[32m"1"[39m
                [33mwidth[39m=[32m"7"[39m
                [33mx[39m=[32m"3"[39m
                [33my[39m=[32m"16"[39m
              [36m/>[39m
            [36m</svg>[39m
            [36m<span[39m
              [33mclass[39m=[32m"app-nav-label"[39m
            [36m>[39m
              [0m我的交易室[0m
            [36m</span>[39m
          [36m</button>[39m
          [36m<button[39m
            [33maria-label[39m=[32m"交易库"[39m
            [33mclass[39m=[32m""[39m
            [33mtitle[39m=[32m"交易库"[39m
            [33mtype[39m=[32m"button"[39m
          [36m>[39m
            [36m<svg[39m
              [33maria-hidden[39m=[32m"true"[39m
              [33mclass[39m=[32m"lucide lucide-book-open-check"[39m
              [33mfill[39m=[32m"none"[39m
              [33mheight[39m=[32m"16"[39m
              [33mstroke[39m=[32m"currentColo...
 ❯ waitForWrapper node_modules/@testing-library/dom/dist/wait-for.js:163:27
 ❯ node_modules/@testing-library/dom/dist/query-helpers.js:86:33
 ❯ enterImportedReviewFromDashboard app/components/trade-review-workspace.test.tsx:1040:18
    1038|     if (!round) throw new Error("目标标的没有可打开的交易回合");
    1039|     await user.click(round);
    1040|     await screen.findByLabelText("图表工具栏");
       |                  ^
    1041|   }
    1042|
 ❯ app/components/trade-review-workspace.test.tsx:3361:5

⎯⎯⎯⎯⎯⎯⎯⎯⎯⎯⎯⎯⎯⎯⎯⎯⎯⎯⎯⎯⎯⎯[47/65]⎯

 FAIL  app/components/trade-review-workspace.test.tsx > TradeReviewWorkspace > refreshes every trade episode regardless of the selected episode
Error: Test timed out in 5000ms.
If this is a long-running test, pass a timeout value as the last argument or configure it globally with "testTimeout".
 ❯ app/components/trade-review-workspace.test.tsx:3393:3
    3391|   });
    3392|
    3393|   it("refreshes every trade episode regardless of the selected episode…
       |   ^
    3394|     const user = userEvent.setup();
    3395|     const executions = [

⎯⎯⎯⎯⎯⎯⎯⎯⎯⎯⎯⎯⎯⎯⎯⎯⎯⎯⎯⎯⎯⎯[48/65]⎯

 FAIL  app/components/trade-review-workspace.test.tsx > TradeReviewWorkspace > uses META as the market-data symbol for historical FB trades
Error: Test timed out in 5000ms.
If this is a long-running test, pass a timeout value as the last argument or configure it globally with "testTimeout".
 ❯ app/components/trade-review-workspace.test.tsx:3512:3
    3510|   });
    3511|
    3512|   it("uses META as the market-data symbol for historical FB trades", a…
       |   ^
    3513|     const user = userEvent.setup();
    3514|     const client = createLegacySqliteClient();

⎯⎯⎯⎯⎯⎯⎯⎯⎯⎯⎯⎯⎯⎯⎯⎯⎯⎯⎯⎯⎯⎯[49/65]⎯

 FAIL  app/components/trade-review-workspace.test.tsx > TradeReviewWorkspace > keeps the library chart available after a cancelled import with failed market refresh
Error: Test timed out in 5000ms.
If this is a long-running test, pass a timeout value as the last argument or configure it globally with "testTimeout".
 ❯ app/components/trade-review-workspace.test.tsx:3575:3
    3573|   });
    3574|
    3575|   it("keeps the library chart available after a cancelled import with …
       |   ^
    3576|     const user = userEvent.setup();
    3577|     saveImportedExecutions([

⎯⎯⎯⎯⎯⎯⎯⎯⎯⎯⎯⎯⎯⎯⎯⎯⎯⎯⎯⎯⎯⎯[50/65]⎯

 FAIL  app/components/trade-review-workspace.test.tsx > TradeReviewWorkspace > keeps library context through a confirmed import with failed market refresh
Error: Test timed out in 5000ms.
If this is a long-running test, pass a timeout value as the last argument or configure it globally with "testTimeout".
 ❯ app/components/trade-review-workspace.test.tsx:3603:3
    3601|   });
    3602|
    3603|   it("keeps library context through a confirmed import with failed mar…
       |   ^
    3604|     const user = userEvent.setup();
    3605|     saveImportedExecutions([

⎯⎯⎯⎯⎯⎯⎯⎯⎯⎯⎯⎯⎯⎯⎯⎯⎯⎯⎯⎯⎯⎯[51/65]⎯

 FAIL  app/components/trade-review-workspace.test.tsx > TradeReviewWorkspace > opens a library queue entry directly in the shared history workbench
Error: Test timed out in 5000ms.
If this is a long-running test, pass a timeout value as the last argument or configure it globally with "testTimeout".
 ❯ app/components/trade-review-workspace.test.tsx:3633:3
    3631|   });
    3632|
    3633|   it("opens a library queue entry directly in the shared history workb…
       |   ^
    3634|     const user = userEvent.setup();
    3635|     saveImportedExecutions([

⎯⎯⎯⎯⎯⎯⎯⎯⎯⎯⎯⎯⎯⎯⎯⎯⎯⎯⎯⎯⎯⎯[52/65]⎯

 FAIL  app/components/trade-review-workspace.test.tsx > TradeReviewWorkspace > keeps complete-history executions within the selected account
Error: Test timed out in 5000ms.
If this is a long-running test, pass a timeout value as the last argument or configure it globally with "testTimeout".
 ❯ app/components/trade-review-workspace.test.tsx:3674:3
    3672|   });
    3673|
    3674|   it("keeps complete-history executions within the selected account", …
       |   ^
    3675|     const user = userEvent.setup();
    3676|     saveImportedExecutions([

⎯⎯⎯⎯⎯⎯⎯⎯⎯⎯⎯⎯⎯⎯⎯⎯⎯⎯⎯⎯⎯⎯[53/65]⎯

 FAIL  app/components/trade-review-workspace.test.tsx > TradeReviewWorkspace > automatically syncs all episodes after importing a later episode
Error: Test timed out in 5000ms.
If this is a long-running test, pass a timeout value as the last argument or configure it globally with "testTimeout".
 ❯ app/components/trade-review-workspace.test.tsx:3732:3
    3730|   });
    3731|
    3732|   it("automatically syncs all episodes after importing a later episode…
       |   ^
    3733|     const user = userEvent.setup();
    3734|     saveImportedExecutions([

⎯⎯⎯⎯⎯⎯⎯⎯⎯⎯⎯⎯⎯⎯⎯⎯⎯⎯⎯⎯⎯⎯[54/65]⎯

 FAIL  app/components/trade-review-workspace.test.tsx > TradeReviewWorkspace > automatically syncs all episodes when an import closes and opens positions
Error: Test timed out in 5000ms.
If this is a long-running test, pass a timeout value as the last argument or configure it globally with "testTimeout".
 ❯ app/components/trade-review-workspace.test.tsx:3827:3
    3825|   });
    3826|
    3827|   it("automatically syncs all episodes when an import closes and opens…
       |   ^
    3828|     const user = userEvent.setup();
    3829|     saveImportedExecutions([

⎯⎯⎯⎯⎯⎯⎯⎯⎯⎯⎯⎯⎯⎯⎯⎯⎯⎯⎯⎯⎯⎯[55/65]⎯

 FAIL  app/components/trade-review-workspace.test.tsx > TradeReviewWorkspace > uses the unified replay workspace for a cached imported episode
Error: Test timed out in 5000ms.
If this is a long-running test, pass a timeout value as the last argument or configure it globally with "testTimeout".
 ❯ app/components/trade-review-workspace.test.tsx:3932:3
    3930|   });
    3931|
    3932|   it("uses the unified replay workspace for a cached imported episode"…
       |   ^
    3933|     const user = userEvent.setup();
    3934|     const instrument = {

⎯⎯⎯⎯⎯⎯⎯⎯⎯⎯⎯⎯⎯⎯⎯⎯⎯⎯⎯⎯⎯⎯[56/65]⎯

 FAIL  app/components/trade-review-workspace.test.tsx > TradeReviewWorkspace > exposes Recall snapshot controls for daily-only data
TestingLibraryElementError: Unable to find a label with the text of: 图表工具栏

Ignored nodes: comments, script, style
[36m<body>[39m
  [36m<div>[39m
    [36m<main[39m
      [33mclass[39m=[32m"trade-review-app is-review"[39m
    [36m>[39m
      [36m<input[39m
        [33maccept[39m=[32m".xlsx,.xls,.pdf"[39m
        [33maria-label[39m=[32m"导入交易记录"[39m
        [33mhidden[39m=[32m""[39m
        [33mmultiple[39m=[32m""[39m
        [33mtype[39m=[32m"file"[39m
      [36m/>[39m
      [36m<input[39m
        [33maccept[39m=[32m".csv,text/csv"[39m
        [33maria-label[39m=[32m"导入 TradingView 模拟交易"[39m
        [33mhidden[39m=[32m""[39m
        [33mtype[39m=[32m"file"[39m
      [36m/>[39m
      [36m<input[39m
        [33maccept[39m=[32m"image/jpeg,image/png,image/webp,.jpg,.jpeg,.png,.webp"[39m
        [33maria-label[39m=[32m"从截图恢复交易"[39m
        [33mhidden[39m=[32m""[39m
        [33mmultiple[39m=[32m""[39m
        [33mtype[39m=[32m"file"[39m
      [36m/>[39m
      [36m<aside[39m
        [33maria-label[39m=[32m"主导航"[39m
        [33mclass[39m=[32m"app-header app-sidebar "[39m
      [36m>[39m
        [36m<div[39m
          [33mclass[39m=[32m"brand"[39m
        [36m>[39m
          [36m<div[39m
            [33mclass[39m=[32m"brand-mark"[39m
          [36m>[39m
            [36m<svg[39m
              [33maria-hidden[39m=[32m"true"[39m
              [33mclass[39m=[32m"lucide lucide-book-open-check"[39m
              [33mfill[39m=[32m"none"[39m
              [33mheight[39m=[32m"19"[39m
              [33mstroke[39m=[32m"currentColor"[39m
              [33mstroke-linecap[39m=[32m"round"[39m
              [33mstroke-linejoin[39m=[32m"round"[39m
              [33mstroke-width[39m=[32m"2"[39m
              [33mviewBox[39m=[32m"0 0 24 24"[39m
              [33mwidth[39m=[32m"19"[39m
              [33mxmlns[39m=[32m"http://www.w3.org/2000/svg"[39m
            [36m>[39m
              [36m<path[39m
                [33md[39m=[32m"M12 5v16"[39m
              [36m/>[39m
              [36m<path[39m
                [33md[39m=[32m"m16 12 2 2 4-4"[39m
              [36m/>[39m
              [36m<path[39m
                [33md[39m=[32m"M22 6V5a2 2 0 00-1.999-2L16 3.002A5 5 0 0012 5a5 5 0 00-4-2H4a2 2 0 00-2 2v12a2 2 0 001.999 2H8a5 5 0 014 2 5 5 0 014-2h4.001A2 2 0 0022 17v-1.344"[39m
              [36m/>[39m
            [36m</svg>[39m
          [36m</div>[39m
          [36m<div>[39m
            [36m<strong>[39m
              [0mTradeReview[0m
            [36m</strong>[39m
            [36m<span>[39m
              [0m历史交易复盘[0m
            [36m</span>[39m
          [36m</div>[39m
        [36m</div>[39m
        [36m<button[39m
          [33maria-controls[39m=[32m"primary-navigation"[39m
          [33maria-expanded[39m=[32m"false"[39m
          [33maria-label[39m=[32m"导航"[39m
          [33mclass[39m=[32m"mobile-nav-trigger"[39m
          [33mtype[39m=[32m"button"[39m
        [36m>[39m
          [36m<svg[39m
            [33maria-hidden[39m=[32m"true"[39m
            [33mclass[39m=[32m"lucide lucide-menu"[39m
            [33mfill[39m=[32m"none"[39m
            [33mheight[39m=[32m"18"[39m
            [33mstroke[39m=[32m"currentColor"[39m
            [33mstroke-linecap[39m=[32m"round"[39m
            [33mstroke-linejoin[39m=[32m"round"[39m
            [33mstroke-width[39m=[32m"2"[39m
            [33mviewBox[39m=[32m"0 0 24 24"[39m
            [33mwidth[39m=[32m"18"[39m
            [33mxmlns[39m=[32m"http://www.w3.org/2000/svg"[39m
          [36m>[39m
            [36m<path[39m
              [33md[39m=[32m"M4 5h16"[39m
            [36m/>[39m
            [36m<path[39m
              [33md[39m=[32m"M4 12h16"[39m
            [36m/>[39m
            [36m<path[39m
              [33md[39m=[32m"M4 19h16"[39m
            [36m/>[39m
          [36m</svg>[39m
          [36m<span>[39m
            [0m导航[0m
          [36m</span>[39m
        [36m</button>[39m
        [36m<nav[39m
          [33maria-label[39m=[32m"主导航"[39m
          [33mclass[39m=[32m"app-nav"[39m
          [33mid[39m=[32m"primary-navigation"[39m
        [36m>[39m
          [36m<button[39m
            [33maria-label[39m=[32m"我的交易室"[39m
            [33mclass[39m=[32m""[39m
            [33mtitle[39m=[32m"我的交易室"[39m
            [33mtype[39m=[32m"button"[39m
          [36m>[39m
            [36m<svg[39m
              [33maria-hidden[39m=[32m"true"[39m
              [33mclass[39m=[32m"lucide lucide-layout-dashboard"[39m
              [33mfill[39m=[32m"none"[39m
              [33mheight[39m=[32m"16"[39m
              [33mstroke[39m=[32m"currentColor"[39m
              [33mstroke-linecap[39m=[32m"round"[39m
              [33mstroke-linejoin[39m=[32m"round"[39m
              [33mstroke-width[39m=[32m"2"[39m
              [33mviewBox[39m=[32m"0 0 24 24"[39m
              [33mwidth[39m=[32m"16"[39m
              [33mxmlns[39m=[32m"http://www.w3.org/2000/svg"[39m
            [36m>[39m
              [36m<rect[39m
                [33mheight[39m=[32m"9"[39m
                [33mrx[39m=[32m"1"[39m
                [33mwidth[39m=[32m"7"[39m
                [33mx[39m=[32m"3"[39m
                [33my[39m=[32m"3"[39m
              [36m/>[39m
              [36m<rect[39m
                [33mheight[39m=[32m"5"[39m
                [33mrx[39m=[32m"1"[39m
                [33mwidth[39m=[32m"7"[39m
                [33mx[39m=[32m"14"[39m
                [33my[39m=[32m"3"[39m
              [36m/>[39m
              [36m<rect[39m
                [33mheight[39m=[32m"9"[39m
                [33mrx[39m=[32m"1"[39m
                [33mwidth[39m=[32m"7"[39m
                [33mx[39m=[32m"14"[39m
                [33my[39m=[32m"12"[39m
              [36m/>[39m
              [36m<rect[39m
                [33mheight[39m=[32m"5"[39m
                [33mrx[39m=[32m"1"[39m
                [33mwidth[39m=[32m"7"[39m
                [33mx[39m=[32m"3"[39m
                [33my[39m=[32m"16"[39m
              [36m/>[39m
            [36m</svg>[39m
            [36m<span[39m
              [33mclass[39m=[32m"app-nav-label"[39m
            [36m>[39m
              [0m我的交易室[0m
            [36m</span>[39m
          [36m</button>[39m
          [36m<button[39m
            [33maria-label[39m=[32m"交易库"[39m
            [33mclass[39m=[32m""[39m
            [33mtitle[39m=[32m"交易库"[39m
            [33mtype[39m=[32m"button"[39m
          [36m>[39m
            [36m<svg[39m
              [33maria-hidden[39m=[32m"true"[39m
              [33mclass[39m=[32m"lucide lucide-book-open-check"[39m
              [33mfill[39m=[32m"none"[39m
              [33mheight[39m=[32m"16"[39m
              [33mstroke[39m=[32m"currentColo...

Ignored nodes: comments, script, style
[36m<body>[39m
  [36m<div>[39m
    [36m<main[39m
      [33mclass[39m=[32m"trade-review-app is-review"[39m
    [36m>[39m
      [36m<input[39m
        [33maccept[39m=[32m".xlsx,.xls,.pdf"[39m
        [33maria-label[39m=[32m"导入交易记录"[39m
        [33mhidden[39m=[32m""[39m
        [33mmultiple[39m=[32m""[39m
        [33mtype[39m=[32m"file"[39m
      [36m/>[39m
      [36m<input[39m
        [33maccept[39m=[32m".csv,text/csv"[39m
        [33maria-label[39m=[32m"导入 TradingView 模拟交易"[39m
        [33mhidden[39m=[32m""[39m
        [33mtype[39m=[32m"file"[39m
      [36m/>[39m
      [36m<input[39m
        [33maccept[39m=[32m"image/jpeg,image/png,image/webp,.jpg,.jpeg,.png,.webp"[39m
        [33maria-label[39m=[32m"从截图恢复交易"[39m
        [33mhidden[39m=[32m""[39m
        [33mmultiple[39m=[32m""[39m
        [33mtype[39m=[32m"file"[39m
      [36m/>[39m
      [36m<aside[39m
        [33maria-label[39m=[32m"主导航"[39m
        [33mclass[39m=[32m"app-header app-sidebar "[39m
      [36m>[39m
        [36m<div[39m
          [33mclass[39m=[32m"brand"[39m
        [36m>[39m
          [36m<div[39m
            [33mclass[39m=[32m"brand-mark"[39m
          [36m>[39m
            [36m<svg[39m
              [33maria-hidden[39m=[32m"true"[39m
              [33mclass[39m=[32m"lucide lucide-book-open-check"[39m
              [33mfill[39m=[32m"none"[39m
              [33mheight[39m=[32m"19"[39m
              [33mstroke[39m=[32m"currentColor"[39m
              [33mstroke-linecap[39m=[32m"round"[39m
              [33mstroke-linejoin[39m=[32m"round"[39m
              [33mstroke-width[39m=[32m"2"[39m
              [33mviewBox[39m=[32m"0 0 24 24"[39m
              [33mwidth[39m=[32m"19"[39m
              [33mxmlns[39m=[32m"http://www.w3.org/2000/svg"[39m
            [36m>[39m
              [36m<path[39m
                [33md[39m=[32m"M12 5v16"[39m
              [36m/>[39m
              [36m<path[39m
                [33md[39m=[32m"m16 12 2 2 4-4"[39m
              [36m/>[39m
              [36m<path[39m
                [33md[39m=[32m"M22 6V5a2 2 0 00-1.999-2L16 3.002A5 5 0 0012 5a5 5 0 00-4-2H4a2 2 0 00-2 2v12a2 2 0 001.999 2H8a5 5 0 014 2 5 5 0 014-2h4.001A2 2 0 0022 17v-1.344"[39m
              [36m/>[39m
            [36m</svg>[39m
          [36m</div>[39m
          [36m<div>[39m
            [36m<strong>[39m
              [0mTradeReview[0m
            [36m</strong>[39m
            [36m<span>[39m
              [0m历史交易复盘[0m
            [36m</span>[39m
          [36m</div>[39m
        [36m</div>[39m
        [36m<button[39m
          [33maria-controls[39m=[32m"primary-navigation"[39m
          [33maria-expanded[39m=[32m"false"[39m
          [33maria-label[39m=[32m"导航"[39m
          [33mclass[39m=[32m"mobile-nav-trigger"[39m
          [33mtype[39m=[32m"button"[39m
        [36m>[39m
          [36m<svg[39m
            [33maria-hidden[39m=[32m"true"[39m
            [33mclass[39m=[32m"lucide lucide-menu"[39m
            [33mfill[39m=[32m"none"[39m
            [33mheight[39m=[32m"18"[39m
            [33mstroke[39m=[32m"currentColor"[39m
            [33mstroke-linecap[39m=[32m"round"[39m
            [33mstroke-linejoin[39m=[32m"round"[39m
            [33mstroke-width[39m=[32m"2"[39m
            [33mviewBox[39m=[32m"0 0 24 24"[39m
            [33mwidth[39m=[32m"18"[39m
            [33mxmlns[39m=[32m"http://www.w3.org/2000/svg"[39m
          [36m>[39m
            [36m<path[39m
              [33md[39m=[32m"M4 5h16"[39m
            [36m/>[39m
            [36m<path[39m
              [33md[39m=[32m"M4 12h16"[39m
            [36m/>[39m
            [36m<path[39m
              [33md[39m=[32m"M4 19h16"[39m
            [36m/>[39m
          [36m</svg>[39m
          [36m<span>[39m
            [0m导航[0m
          [36m</span>[39m
        [36m</button>[39m
        [36m<nav[39m
          [33maria-label[39m=[32m"主导航"[39m
          [33mclass[39m=[32m"app-nav"[39m
          [33mid[39m=[32m"primary-navigation"[39m
        [36m>[39m
          [36m<button[39m
            [33maria-label[39m=[32m"我的交易室"[39m
            [33mclass[39m=[32m""[39m
            [33mtitle[39m=[32m"我的交易室"[39m
            [33mtype[39m=[32m"button"[39m
          [36m>[39m
            [36m<svg[39m
              [33maria-hidden[39m=[32m"true"[39m
              [33mclass[39m=[32m"lucide lucide-layout-dashboard"[39m
              [33mfill[39m=[32m"none"[39m
              [33mheight[39m=[32m"16"[39m
              [33mstroke[39m=[32m"currentColor"[39m
              [33mstroke-linecap[39m=[32m"round"[39m
              [33mstroke-linejoin[39m=[32m"round"[39m
              [33mstroke-width[39m=[32m"2"[39m
              [33mviewBox[39m=[32m"0 0 24 24"[39m
              [33mwidth[39m=[32m"16"[39m
              [33mxmlns[39m=[32m"http://www.w3.org/2000/svg"[39m
            [36m>[39m
              [36m<rect[39m
                [33mheight[39m=[32m"9"[39m
                [33mrx[39m=[32m"1"[39m
                [33mwidth[39m=[32m"7"[39m
                [33mx[39m=[32m"3"[39m
                [33my[39m=[32m"3"[39m
              [36m/>[39m
              [36m<rect[39m
                [33mheight[39m=[32m"5"[39m
                [33mrx[39m=[32m"1"[39m
                [33mwidth[39m=[32m"7"[39m
                [33mx[39m=[32m"14"[39m
                [33my[39m=[32m"3"[39m
              [36m/>[39m
              [36m<rect[39m
                [33mheight[39m=[32m"9"[39m
                [33mrx[39m=[32m"1"[39m
                [33mwidth[39m=[32m"7"[39m
                [33mx[39m=[32m"14"[39m
                [33my[39m=[32m"12"[39m
              [36m/>[39m
              [36m<rect[39m
                [33mheight[39m=[32m"5"[39m
                [33mrx[39m=[32m"1"[39m
                [33mwidth[39m=[32m"7"[39m
                [33mx[39m=[32m"3"[39m
                [33my[39m=[32m"16"[39m
              [36m/>[39m
            [36m</svg>[39m
            [36m<span[39m
              [33mclass[39m=[32m"app-nav-label"[39m
            [36m>[39m
              [0m我的交易室[0m
            [36m</span>[39m
          [36m</button>[39m
          [36m<button[39m
            [33maria-label[39m=[32m"交易库"[39m
            [33mclass[39m=[32m""[39m
            [33mtitle[39m=[32m"交易库"[39m
            [33mtype[39m=[32m"button"[39m
          [36m>[39m
            [36m<svg[39m
              [33maria-hidden[39m=[32m"true"[39m
              [33mclass[39m=[32m"lucide lucide-book-open-check"[39m
              [33mfill[39m=[32m"none"[39m
              [33mheight[39m=[32m"16"[39m
              [33mstroke[39m=[32m"currentColo...
 ❯ waitForWrapper node_modules/@testing-library/dom/dist/wait-for.js:163:27
 ❯ node_modules/@testing-library/dom/dist/query-helpers.js:86:33
 ❯ app/components/trade-review-workspace.test.tsx:4303:18
    4301|     render(<TradeReviewWorkspace initialFrame={initialFrame} />);
    4302|     await screen.findByRole("heading", { name: /美图公司/ });
    4303|     await screen.findByLabelText("图表工具栏");
       |                  ^
    4304|
    4305|     for (const period of ["15m", "1h", "4h"]) {

⎯⎯⎯⎯⎯⎯⎯⎯⎯⎯⎯⎯⎯⎯⎯⎯⎯⎯⎯⎯⎯⎯[57/65]⎯

 FAIL  app/components/trade-review-workspace.test.tsx > TradeReviewWorkspace > returns to the trading room with its filters, period, and calendar view after opening a holding review
TestingLibraryElementError: Unable to find a label with the text of: 图表工具栏

Ignored nodes: comments, script, style
[36m<body>[39m
  [36m<div>[39m
    [36m<main[39m
      [33mclass[39m=[32m"trade-review-app is-review"[39m
    [36m>[39m
      [36m<input[39m
        [33maccept[39m=[32m".xlsx,.xls,.pdf"[39m
        [33maria-label[39m=[32m"导入交易记录"[39m
        [33mhidden[39m=[32m""[39m
        [33mmultiple[39m=[32m""[39m
        [33mtype[39m=[32m"file"[39m
      [36m/>[39m
      [36m<input[39m
        [33maccept[39m=[32m".csv,text/csv"[39m
        [33maria-label[39m=[32m"导入 TradingView 模拟交易"[39m
        [33mhidden[39m=[32m""[39m
        [33mtype[39m=[32m"file"[39m
      [36m/>[39m
      [36m<input[39m
        [33maccept[39m=[32m"image/jpeg,image/png,image/webp,.jpg,.jpeg,.png,.webp"[39m
        [33maria-label[39m=[32m"从截图恢复交易"[39m
        [33mhidden[39m=[32m""[39m
        [33mmultiple[39m=[32m""[39m
        [33mtype[39m=[32m"file"[39m
      [36m/>[39m
      [36m<aside[39m
        [33maria-label[39m=[32m"主导航"[39m
        [33mclass[39m=[32m"app-header app-sidebar "[39m
      [36m>[39m
        [36m<div[39m
          [33mclass[39m=[32m"brand"[39m
        [36m>[39m
          [36m<div[39m
            [33mclass[39m=[32m"brand-mark"[39m
          [36m>[39m
            [36m<svg[39m
              [33maria-hidden[39m=[32m"true"[39m
              [33mclass[39m=[32m"lucide lucide-book-open-check"[39m
              [33mfill[39m=[32m"none"[39m
              [33mheight[39m=[32m"19"[39m
              [33mstroke[39m=[32m"currentColor"[39m
              [33mstroke-linecap[39m=[32m"round"[39m
              [33mstroke-linejoin[39m=[32m"round"[39m
              [33mstroke-width[39m=[32m"2"[39m
              [33mviewBox[39m=[32m"0 0 24 24"[39m
              [33mwidth[39m=[32m"19"[39m
              [33mxmlns[39m=[32m"http://www.w3.org/2000/svg"[39m
            [36m>[39m
              [36m<path[39m
                [33md[39m=[32m"M12 5v16"[39m
              [36m/>[39m
              [36m<path[39m
                [33md[39m=[32m"m16 12 2 2 4-4"[39m
              [36m/>[39m
              [36m<path[39m
                [33md[39m=[32m"M22 6V5a2 2 0 00-1.999-2L16 3.002A5 5 0 0012 5a5 5 0 00-4-2H4a2 2 0 00-2 2v12a2 2 0 001.999 2H8a5 5 0 014 2 5 5 0 014-2h4.001A2 2 0 0022 17v-1.344"[39m
              [36m/>[39m
            [36m</svg>[39m
          [36m</div>[39m
          [36m<div>[39m
            [36m<strong>[39m
              [0mTradeReview[0m
            [36m</strong>[39m
            [36m<span>[39m
              [0m历史交易复盘[0m
            [36m</span>[39m
          [36m</div>[39m
        [36m</div>[39m
        [36m<button[39m
          [33maria-controls[39m=[32m"primary-navigation"[39m
          [33maria-expanded[39m=[32m"false"[39m
          [33maria-label[39m=[32m"导航"[39m
          [33mclass[39m=[32m"mobile-nav-trigger"[39m
          [33mtype[39m=[32m"button"[39m
        [36m>[39m
          [36m<svg[39m
            [33maria-hidden[39m=[32m"true"[39m
            [33mclass[39m=[32m"lucide lucide-menu"[39m
            [33mfill[39m=[32m"none"[39m
            [33mheight[39m=[32m"18"[39m
            [33mstroke[39m=[32m"currentColor"[39m
            [33mstroke-linecap[39m=[32m"round"[39m
            [33mstroke-linejoin[39m=[32m"round"[39m
            [33mstroke-width[39m=[32m"2"[39m
            [33mviewBox[39m=[32m"0 0 24 24"[39m
            [33mwidth[39m=[32m"18"[39m
            [33mxmlns[39m=[32m"http://www.w3.org/2000/svg"[39m
          [36m>[39m
            [36m<path[39m
              [33md[39m=[32m"M4 5h16"[39m
            [36m/>[39m
            [36m<path[39m
              [33md[39m=[32m"M4 12h16"[39m
            [36m/>[39m
            [36m<path[39m
              [33md[39m=[32m"M4 19h16"[39m
            [36m/>[39m
          [36m</svg>[39m
          [36m<span>[39m
            [0m导航[0m
          [36m</span>[39m
        [36m</button>[39m
        [36m<nav[39m
          [33maria-label[39m=[32m"主导航"[39m
          [33mclass[39m=[32m"app-nav"[39m
          [33mid[39m=[32m"primary-navigation"[39m
        [36m>[39m
          [36m<button[39m
            [33maria-label[39m=[32m"我的交易室"[39m
            [33mclass[39m=[32m""[39m
            [33mtitle[39m=[32m"我的交易室"[39m
            [33mtype[39m=[32m"button"[39m
          [36m>[39m
            [36m<svg[39m
              [33maria-hidden[39m=[32m"true"[39m
              [33mclass[39m=[32m"lucide lucide-layout-dashboard"[39m
              [33mfill[39m=[32m"none"[39m
              [33mheight[39m=[32m"16"[39m
              [33mstroke[39m=[32m"currentColor"[39m
              [33mstroke-linecap[39m=[32m"round"[39m
              [33mstroke-linejoin[39m=[32m"round"[39m
              [33mstroke-width[39m=[32m"2"[39m
              [33mviewBox[39m=[32m"0 0 24 24"[39m
              [33mwidth[39m=[32m"16"[39m
              [33mxmlns[39m=[32m"http://www.w3.org/2000/svg"[39m
            [36m>[39m
              [36m<rect[39m
                [33mheight[39m=[32m"9"[39m
                [33mrx[39m=[32m"1"[39m
                [33mwidth[39m=[32m"7"[39m
                [33mx[39m=[32m"3"[39m
                [33my[39m=[32m"3"[39m
              [36m/>[39m
              [36m<rect[39m
                [33mheight[39m=[32m"5"[39m
                [33mrx[39m=[32m"1"[39m
                [33mwidth[39m=[32m"7"[39m
                [33mx[39m=[32m"14"[39m
                [33my[39m=[32m"3"[39m
              [36m/>[39m
              [36m<rect[39m
                [33mheight[39m=[32m"9"[39m
                [33mrx[39m=[32m"1"[39m
                [33mwidth[39m=[32m"7"[39m
                [33mx[39m=[32m"14"[39m
                [33my[39m=[32m"12"[39m
              [36m/>[39m
              [36m<rect[39m
                [33mheight[39m=[32m"5"[39m
                [33mrx[39m=[32m"1"[39m
                [33mwidth[39m=[32m"7"[39m
                [33mx[39m=[32m"3"[39m
                [33my[39m=[32m"16"[39m
              [36m/>[39m
            [36m</svg>[39m
            [36m<span[39m
              [33mclass[39m=[32m"app-nav-label"[39m
            [36m>[39m
              [0m我的交易室[0m
            [36m</span>[39m
          [36m</button>[39m
          [36m<button[39m
            [33maria-label[39m=[32m"交易库"[39m
            [33mclass[39m=[32m""[39m
            [33mtitle[39m=[32m"交易库"[39m
            [33mtype[39m=[32m"button"[39m
          [36m>[39m
            [36m<svg[39m
              [33maria-hidden[39m=[32m"true"[39m
              [33mclass[39m=[32m"lucide lucide-book-open-check"[39m
              [33mfill[39m=[32m"none"[39m
              [33mheight[39m=[32m"16"[39m
              [33mstroke[39m=[32m"currentColo...

Ignored nodes: comments, script, style
[36m<body>[39m
  [36m<div>[39m
    [36m<main[39m
      [33mclass[39m=[32m"trade-review-app is-review"[39m
    [36m>[39m
      [36m<input[39m
        [33maccept[39m=[32m".xlsx,.xls,.pdf"[39m
        [33maria-label[39m=[32m"导入交易记录"[39m
        [33mhidden[39m=[32m""[39m
        [33mmultiple[39m=[32m""[39m
        [33mtype[39m=[32m"file"[39m
      [36m/>[39m
      [36m<input[39m
        [33maccept[39m=[32m".csv,text/csv"[39m
        [33maria-label[39m=[32m"导入 TradingView 模拟交易"[39m
        [33mhidden[39m=[32m""[39m
        [33mtype[39m=[32m"file"[39m
      [36m/>[39m
      [36m<input[39m
        [33maccept[39m=[32m"image/jpeg,image/png,image/webp,.jpg,.jpeg,.png,.webp"[39m
        [33maria-label[39m=[32m"从截图恢复交易"[39m
        [33mhidden[39m=[32m""[39m
        [33mmultiple[39m=[32m""[39m
        [33mtype[39m=[32m"file"[39m
      [36m/>[39m
      [36m<aside[39m
        [33maria-label[39m=[32m"主导航"[39m
        [33mclass[39m=[32m"app-header app-sidebar "[39m
      [36m>[39m
        [36m<div[39m
          [33mclass[39m=[32m"brand"[39m
        [36m>[39m
          [36m<div[39m
            [33mclass[39m=[32m"brand-mark"[39m
          [36m>[39m
            [36m<svg[39m
              [33maria-hidden[39m=[32m"true"[39m
              [33mclass[39m=[32m"lucide lucide-book-open-check"[39m
              [33mfill[39m=[32m"none"[39m
              [33mheight[39m=[32m"19"[39m
              [33mstroke[39m=[32m"currentColor"[39m
              [33mstroke-linecap[39m=[32m"round"[39m
              [33mstroke-linejoin[39m=[32m"round"[39m
              [33mstroke-width[39m=[32m"2"[39m
              [33mviewBox[39m=[32m"0 0 24 24"[39m
              [33mwidth[39m=[32m"19"[39m
              [33mxmlns[39m=[32m"http://www.w3.org/2000/svg"[39m
            [36m>[39m
              [36m<path[39m
                [33md[39m=[32m"M12 5v16"[39m
              [36m/>[39m
              [36m<path[39m
                [33md[39m=[32m"m16 12 2 2 4-4"[39m
              [36m/>[39m
              [36m<path[39m
                [33md[39m=[32m"M22 6V5a2 2 0 00-1.999-2L16 3.002A5 5 0 0012 5a5 5 0 00-4-2H4a2 2 0 00-2 2v12a2 2 0 001.999 2H8a5 5 0 014 2 5 5 0 014-2h4.001A2 2 0 0022 17v-1.344"[39m
              [36m/>[39m
            [36m</svg>[39m
          [36m</div>[39m
          [36m<div>[39m
            [36m<strong>[39m
              [0mTradeReview[0m
            [36m</strong>[39m
            [36m<span>[39m
              [0m历史交易复盘[0m
            [36m</span>[39m
          [36m</div>[39m
        [36m</div>[39m
        [36m<button[39m
          [33maria-controls[39m=[32m"primary-navigation"[39m
          [33maria-expanded[39m=[32m"false"[39m
          [33maria-label[39m=[32m"导航"[39m
          [33mclass[39m=[32m"mobile-nav-trigger"[39m
          [33mtype[39m=[32m"button"[39m
        [36m>[39m
          [36m<svg[39m
            [33maria-hidden[39m=[32m"true"[39m
            [33mclass[39m=[32m"lucide lucide-menu"[39m
            [33mfill[39m=[32m"none"[39m
            [33mheight[39m=[32m"18"[39m
            [33mstroke[39m=[32m"currentColor"[39m
            [33mstroke-linecap[39m=[32m"round"[39m
            [33mstroke-linejoin[39m=[32m"round"[39m
            [33mstroke-width[39m=[32m"2"[39m
            [33mviewBox[39m=[32m"0 0 24 24"[39m
            [33mwidth[39m=[32m"18"[39m
            [33mxmlns[39m=[32m"http://www.w3.org/2000/svg"[39m
          [36m>[39m
            [36m<path[39m
              [33md[39m=[32m"M4 5h16"[39m
            [36m/>[39m
            [36m<path[39m
              [33md[39m=[32m"M4 12h16"[39m
            [36m/>[39m
            [36m<path[39m
              [33md[39m=[32m"M4 19h16"[39m
            [36m/>[39m
          [36m</svg>[39m
          [36m<span>[39m
            [0m导航[0m
          [36m</span>[39m
        [36m</button>[39m
        [36m<nav[39m
          [33maria-label[39m=[32m"主导航"[39m
          [33mclass[39m=[32m"app-nav"[39m
          [33mid[39m=[32m"primary-navigation"[39m
        [36m>[39m
          [36m<button[39m
            [33maria-label[39m=[32m"我的交易室"[39m
            [33mclass[39m=[32m""[39m
            [33mtitle[39m=[32m"我的交易室"[39m
            [33mtype[39m=[32m"button"[39m
          [36m>[39m
            [36m<svg[39m
              [33maria-hidden[39m=[32m"true"[39m
              [33mclass[39m=[32m"lucide lucide-layout-dashboard"[39m
              [33mfill[39m=[32m"none"[39m
              [33mheight[39m=[32m"16"[39m
              [33mstroke[39m=[32m"currentColor"[39m
              [33mstroke-linecap[39m=[32m"round"[39m
              [33mstroke-linejoin[39m=[32m"round"[39m
              [33mstroke-width[39m=[32m"2"[39m
              [33mviewBox[39m=[32m"0 0 24 24"[39m
              [33mwidth[39m=[32m"16"[39m
              [33mxmlns[39m=[32m"http://www.w3.org/2000/svg"[39m
            [36m>[39m
              [36m<rect[39m
                [33mheight[39m=[32m"9"[39m
                [33mrx[39m=[32m"1"[39m
                [33mwidth[39m=[32m"7"[39m
                [33mx[39m=[32m"3"[39m
                [33my[39m=[32m"3"[39m
              [36m/>[39m
              [36m<rect[39m
                [33mheight[39m=[32m"5"[39m
                [33mrx[39m=[32m"1"[39m
                [33mwidth[39m=[32m"7"[39m
                [33mx[39m=[32m"14"[39m
                [33my[39m=[32m"3"[39m
              [36m/>[39m
              [36m<rect[39m
                [33mheight[39m=[32m"9"[39m
                [33mrx[39m=[32m"1"[39m
                [33mwidth[39m=[32m"7"[39m
                [33mx[39m=[32m"14"[39m
                [33my[39m=[32m"12"[39m
              [36m/>[39m
              [36m<rect[39m
                [33mheight[39m=[32m"5"[39m
                [33mrx[39m=[32m"1"[39m
                [33mwidth[39m=[32m"7"[39m
                [33mx[39m=[32m"3"[39m
                [33my[39m=[32m"16"[39m
              [36m/>[39m
            [36m</svg>[39m
            [36m<span[39m
              [33mclass[39m=[32m"app-nav-label"[39m
            [36m>[39m
              [0m我的交易室[0m
            [36m</span>[39m
          [36m</button>[39m
          [36m<button[39m
            [33maria-label[39m=[32m"交易库"[39m
            [33mclass[39m=[32m""[39m
            [33mtitle[39m=[32m"交易库"[39m
            [33mtype[39m=[32m"button"[39m
          [36m>[39m
            [36m<svg[39m
              [33maria-hidden[39m=[32m"true"[39m
              [33mclass[39m=[32m"lucide lucide-book-open-check"[39m
              [33mfill[39m=[32m"none"[39m
              [33mheight[39m=[32m"16"[39m
              [33mstroke[39m=[32m"currentColo...
 ❯ waitForWrapper node_modules/@testing-library/dom/dist/wait-for.js:163:27
 ❯ node_modules/@testing-library/dom/dist/query-helpers.js:86:33
 ❯ app/components/trade-review-workspace.test.tsx:5310:18
    5308|     await within(holdings).findByText("1 个未平仓回合");
    5309|     await user.click(within(holdings).getByRole("button", { name: "打开持…
    5310|     await screen.findByLabelText("图表工具栏");
       |                  ^
    5311|     await user.click(screen.getByRole("button", { name: "我的交易室" }));
    5312|

⎯⎯⎯⎯⎯⎯⎯⎯⎯⎯⎯⎯⎯⎯⎯⎯⎯⎯⎯⎯⎯⎯[58/65]⎯

 FAIL  app/components/trade-review-workspace.test.tsx > TradeReviewWorkspace > returns to the library with its expanded stock context after opening a library round
TestingLibraryElementError: Unable to find a label with the text of: 图表工具栏

Ignored nodes: comments, script, style
[36m<body>[39m
  [36m<div>[39m
    [36m<main[39m
      [33mclass[39m=[32m"trade-review-app is-review"[39m
    [36m>[39m
      [36m<input[39m
        [33maccept[39m=[32m".xlsx,.xls,.pdf"[39m
        [33maria-label[39m=[32m"导入交易记录"[39m
        [33mhidden[39m=[32m""[39m
        [33mmultiple[39m=[32m""[39m
        [33mtype[39m=[32m"file"[39m
      [36m/>[39m
      [36m<input[39m
        [33maccept[39m=[32m".csv,text/csv"[39m
        [33maria-label[39m=[32m"导入 TradingView 模拟交易"[39m
        [33mhidden[39m=[32m""[39m
        [33mtype[39m=[32m"file"[39m
      [36m/>[39m
      [36m<input[39m
        [33maccept[39m=[32m"image/jpeg,image/png,image/webp,.jpg,.jpeg,.png,.webp"[39m
        [33maria-label[39m=[32m"从截图恢复交易"[39m
        [33mhidden[39m=[32m""[39m
        [33mmultiple[39m=[32m""[39m
        [33mtype[39m=[32m"file"[39m
      [36m/>[39m
      [36m<aside[39m
        [33maria-label[39m=[32m"主导航"[39m
        [33mclass[39m=[32m"app-header app-sidebar "[39m
      [36m>[39m
        [36m<div[39m
          [33mclass[39m=[32m"brand"[39m
        [36m>[39m
          [36m<div[39m
            [33mclass[39m=[32m"brand-mark"[39m
          [36m>[39m
            [36m<svg[39m
              [33maria-hidden[39m=[32m"true"[39m
              [33mclass[39m=[32m"lucide lucide-book-open-check"[39m
              [33mfill[39m=[32m"none"[39m
              [33mheight[39m=[32m"19"[39m
              [33mstroke[39m=[32m"currentColor"[39m
              [33mstroke-linecap[39m=[32m"round"[39m
              [33mstroke-linejoin[39m=[32m"round"[39m
              [33mstroke-width[39m=[32m"2"[39m
              [33mviewBox[39m=[32m"0 0 24 24"[39m
              [33mwidth[39m=[32m"19"[39m
              [33mxmlns[39m=[32m"http://www.w3.org/2000/svg"[39m
            [36m>[39m
              [36m<path[39m
                [33md[39m=[32m"M12 5v16"[39m
              [36m/>[39m
              [36m<path[39m
                [33md[39m=[32m"m16 12 2 2 4-4"[39m
              [36m/>[39m
              [36m<path[39m
                [33md[39m=[32m"M22 6V5a2 2 0 00-1.999-2L16 3.002A5 5 0 0012 5a5 5 0 00-4-2H4a2 2 0 00-2 2v12a2 2 0 001.999 2H8a5 5 0 014 2 5 5 0 014-2h4.001A2 2 0 0022 17v-1.344"[39m
              [36m/>[39m
            [36m</svg>[39m
          [36m</div>[39m
          [36m<div>[39m
            [36m<strong>[39m
              [0mTradeReview[0m
            [36m</strong>[39m
            [36m<span>[39m
              [0m历史交易复盘[0m
            [36m</span>[39m
          [36m</div>[39m
        [36m</div>[39m
        [36m<button[39m
          [33maria-controls[39m=[32m"primary-navigation"[39m
          [33maria-expanded[39m=[32m"false"[39m
          [33maria-label[39m=[32m"导航"[39m
          [33mclass[39m=[32m"mobile-nav-trigger"[39m
          [33mtype[39m=[32m"button"[39m
        [36m>[39m
          [36m<svg[39m
            [33maria-hidden[39m=[32m"true"[39m
            [33mclass[39m=[32m"lucide lucide-menu"[39m
            [33mfill[39m=[32m"none"[39m
            [33mheight[39m=[32m"18"[39m
            [33mstroke[39m=[32m"currentColor"[39m
            [33mstroke-linecap[39m=[32m"round"[39m
            [33mstroke-linejoin[39m=[32m"round"[39m
            [33mstroke-width[39m=[32m"2"[39m
            [33mviewBox[39m=[32m"0 0 24 24"[39m
            [33mwidth[39m=[32m"18"[39m
            [33mxmlns[39m=[32m"http://www.w3.org/2000/svg"[39m
          [36m>[39m
            [36m<path[39m
              [33md[39m=[32m"M4 5h16"[39m
            [36m/>[39m
            [36m<path[39m
              [33md[39m=[32m"M4 12h16"[39m
            [36m/>[39m
            [36m<path[39m
              [33md[39m=[32m"M4 19h16"[39m
            [36m/>[39m
          [36m</svg>[39m
          [36m<span>[39m
            [0m导航[0m
          [36m</span>[39m
        [36m</button>[39m
        [36m<nav[39m
          [33maria-label[39m=[32m"主导航"[39m
          [33mclass[39m=[32m"app-nav"[39m
          [33mid[39m=[32m"primary-navigation"[39m
        [36m>[39m
          [36m<button[39m
            [33maria-label[39m=[32m"我的交易室"[39m
            [33mclass[39m=[32m""[39m
            [33mtitle[39m=[32m"我的交易室"[39m
            [33mtype[39m=[32m"button"[39m
          [36m>[39m
            [36m<svg[39m
              [33maria-hidden[39m=[32m"true"[39m
              [33mclass[39m=[32m"lucide lucide-layout-dashboard"[39m
              [33mfill[39m=[32m"none"[39m
              [33mheight[39m=[32m"16"[39m
              [33mstroke[39m=[32m"currentColor"[39m
              [33mstroke-linecap[39m=[32m"round"[39m
              [33mstroke-linejoin[39m=[32m"round"[39m
              [33mstroke-width[39m=[32m"2"[39m
              [33mviewBox[39m=[32m"0 0 24 24"[39m
              [33mwidth[39m=[32m"16"[39m
              [33mxmlns[39m=[32m"http://www.w3.org/2000/svg"[39m
            [36m>[39m
              [36m<rect[39m
                [33mheight[39m=[32m"9"[39m
                [33mrx[39m=[32m"1"[39m
                [33mwidth[39m=[32m"7"[39m
                [33mx[39m=[32m"3"[39m
                [33my[39m=[32m"3"[39m
              [36m/>[39m
              [36m<rect[39m
                [33mheight[39m=[32m"5"[39m
                [33mrx[39m=[32m"1"[39m
                [33mwidth[39m=[32m"7"[39m
                [33mx[39m=[32m"14"[39m
                [33my[39m=[32m"3"[39m
              [36m/>[39m
              [36m<rect[39m
                [33mheight[39m=[32m"9"[39m
                [33mrx[39m=[32m"1"[39m
                [33mwidth[39m=[32m"7"[39m
                [33mx[39m=[32m"14"[39m
                [33my[39m=[32m"12"[39m
              [36m/>[39m
              [36m<rect[39m
                [33mheight[39m=[32m"5"[39m
                [33mrx[39m=[32m"1"[39m
                [33mwidth[39m=[32m"7"[39m
                [33mx[39m=[32m"3"[39m
                [33my[39m=[32m"16"[39m
              [36m/>[39m
            [36m</svg>[39m
            [36m<span[39m
              [33mclass[39m=[32m"app-nav-label"[39m
            [36m>[39m
              [0m我的交易室[0m
            [36m</span>[39m
          [36m</button>[39m
          [36m<button[39m
            [33maria-label[39m=[32m"交易库"[39m
            [33mclass[39m=[32m""[39m
            [33mtitle[39m=[32m"交易库"[39m
            [33mtype[39m=[32m"button"[39m
          [36m>[39m
            [36m<svg[39m
              [33maria-hidden[39m=[32m"true"[39m
              [33mclass[39m=[32m"lucide lucide-book-open-check"[39m
              [33mfill[39m=[32m"none"[39m
              [33mheight[39m=[32m"16"[39m
              [33mstroke[39m=[32m"currentColo...

Ignored nodes: comments, script, style
[36m<body>[39m
  [36m<div>[39m
    [36m<main[39m
      [33mclass[39m=[32m"trade-review-app is-review"[39m
    [36m>[39m
      [36m<input[39m
        [33maccept[39m=[32m".xlsx,.xls,.pdf"[39m
        [33maria-label[39m=[32m"导入交易记录"[39m
        [33mhidden[39m=[32m""[39m
        [33mmultiple[39m=[32m""[39m
        [33mtype[39m=[32m"file"[39m
      [36m/>[39m
      [36m<input[39m
        [33maccept[39m=[32m".csv,text/csv"[39m
        [33maria-label[39m=[32m"导入 TradingView 模拟交易"[39m
        [33mhidden[39m=[32m""[39m
        [33mtype[39m=[32m"file"[39m
      [36m/>[39m
      [36m<input[39m
        [33maccept[39m=[32m"image/jpeg,image/png,image/webp,.jpg,.jpeg,.png,.webp"[39m
        [33maria-label[39m=[32m"从截图恢复交易"[39m
        [33mhidden[39m=[32m""[39m
        [33mmultiple[39m=[32m""[39m
        [33mtype[39m=[32m"file"[39m
      [36m/>[39m
      [36m<aside[39m
        [33maria-label[39m=[32m"主导航"[39m
        [33mclass[39m=[32m"app-header app-sidebar "[39m
      [36m>[39m
        [36m<div[39m
          [33mclass[39m=[32m"brand"[39m
        [36m>[39m
          [36m<div[39m
            [33mclass[39m=[32m"brand-mark"[39m
          [36m>[39m
            [36m<svg[39m
              [33maria-hidden[39m=[32m"true"[39m
              [33mclass[39m=[32m"lucide lucide-book-open-check"[39m
              [33mfill[39m=[32m"none"[39m
              [33mheight[39m=[32m"19"[39m
              [33mstroke[39m=[32m"currentColor"[39m
              [33mstroke-linecap[39m=[32m"round"[39m
              [33mstroke-linejoin[39m=[32m"round"[39m
              [33mstroke-width[39m=[32m"2"[39m
              [33mviewBox[39m=[32m"0 0 24 24"[39m
              [33mwidth[39m=[32m"19"[39m
              [33mxmlns[39m=[32m"http://www.w3.org/2000/svg"[39m
            [36m>[39m
              [36m<path[39m
                [33md[39m=[32m"M12 5v16"[39m
              [36m/>[39m
              [36m<path[39m
                [33md[39m=[32m"m16 12 2 2 4-4"[39m
              [36m/>[39m
              [36m<path[39m
                [33md[39m=[32m"M22 6V5a2 2 0 00-1.999-2L16 3.002A5 5 0 0012 5a5 5 0 00-4-2H4a2 2 0 00-2 2v12a2 2 0 001.999 2H8a5 5 0 014 2 5 5 0 014-2h4.001A2 2 0 0022 17v-1.344"[39m
              [36m/>[39m
            [36m</svg>[39m
          [36m</div>[39m
          [36m<div>[39m
            [36m<strong>[39m
              [0mTradeReview[0m
            [36m</strong>[39m
            [36m<span>[39m
              [0m历史交易复盘[0m
            [36m</span>[39m
          [36m</div>[39m
        [36m</div>[39m
        [36m<button[39m
          [33maria-controls[39m=[32m"primary-navigation"[39m
          [33maria-expanded[39m=[32m"false"[39m
          [33maria-label[39m=[32m"导航"[39m
          [33mclass[39m=[32m"mobile-nav-trigger"[39m
          [33mtype[39m=[32m"button"[39m
        [36m>[39m
          [36m<svg[39m
            [33maria-hidden[39m=[32m"true"[39m
            [33mclass[39m=[32m"lucide lucide-menu"[39m
            [33mfill[39m=[32m"none"[39m
            [33mheight[39m=[32m"18"[39m
            [33mstroke[39m=[32m"currentColor"[39m
            [33mstroke-linecap[39m=[32m"round"[39m
            [33mstroke-linejoin[39m=[32m"round"[39m
            [33mstroke-width[39m=[32m"2"[39m
            [33mviewBox[39m=[32m"0 0 24 24"[39m
            [33mwidth[39m=[32m"18"[39m
            [33mxmlns[39m=[32m"http://www.w3.org/2000/svg"[39m
          [36m>[39m
            [36m<path[39m
              [33md[39m=[32m"M4 5h16"[39m
            [36m/>[39m
            [36m<path[39m
              [33md[39m=[32m"M4 12h16"[39m
            [36m/>[39m
            [36m<path[39m
              [33md[39m=[32m"M4 19h16"[39m
            [36m/>[39m
          [36m</svg>[39m
          [36m<span>[39m
            [0m导航[0m
          [36m</span>[39m
        [36m</button>[39m
        [36m<nav[39m
          [33maria-label[39m=[32m"主导航"[39m
          [33mclass[39m=[32m"app-nav"[39m
          [33mid[39m=[32m"primary-navigation"[39m
        [36m>[39m
          [36m<button[39m
            [33maria-label[39m=[32m"我的交易室"[39m
            [33mclass[39m=[32m""[39m
            [33mtitle[39m=[32m"我的交易室"[39m
            [33mtype[39m=[32m"button"[39m
          [36m>[39m
            [36m<svg[39m
              [33maria-hidden[39m=[32m"true"[39m
              [33mclass[39m=[32m"lucide lucide-layout-dashboard"[39m
              [33mfill[39m=[32m"none"[39m
              [33mheight[39m=[32m"16"[39m
              [33mstroke[39m=[32m"currentColor"[39m
              [33mstroke-linecap[39m=[32m"round"[39m
              [33mstroke-linejoin[39m=[32m"round"[39m
              [33mstroke-width[39m=[32m"2"[39m
              [33mviewBox[39m=[32m"0 0 24 24"[39m
              [33mwidth[39m=[32m"16"[39m
              [33mxmlns[39m=[32m"http://www.w3.org/2000/svg"[39m
            [36m>[39m
              [36m<rect[39m
                [33mheight[39m=[32m"9"[39m
                [33mrx[39m=[32m"1"[39m
                [33mwidth[39m=[32m"7"[39m
                [33mx[39m=[32m"3"[39m
                [33my[39m=[32m"3"[39m
              [36m/>[39m
              [36m<rect[39m
                [33mheight[39m=[32m"5"[39m
                [33mrx[39m=[32m"1"[39m
                [33mwidth[39m=[32m"7"[39m
                [33mx[39m=[32m"14"[39m
                [33my[39m=[32m"3"[39m
              [36m/>[39m
              [36m<rect[39m
                [33mheight[39m=[32m"9"[39m
                [33mrx[39m=[32m"1"[39m
                [33mwidth[39m=[32m"7"[39m
                [33mx[39m=[32m"14"[39m
                [33my[39m=[32m"12"[39m
              [36m/>[39m
              [36m<rect[39m
                [33mheight[39m=[32m"5"[39m
                [33mrx[39m=[32m"1"[39m
                [33mwidth[39m=[32m"7"[39m
                [33mx[39m=[32m"3"[39m
                [33my[39m=[32m"16"[39m
              [36m/>[39m
            [36m</svg>[39m
            [36m<span[39m
              [33mclass[39m=[32m"app-nav-label"[39m
            [36m>[39m
              [0m我的交易室[0m
            [36m</span>[39m
          [36m</button>[39m
          [36m<button[39m
            [33maria-label[39m=[32m"交易库"[39m
            [33mclass[39m=[32m""[39m
            [33mtitle[39m=[32m"交易库"[39m
            [33mtype[39m=[32m"button"[39m
          [36m>[39m
            [36m<svg[39m
              [33maria-hidden[39m=[32m"true"[39m
              [33mclass[39m=[32m"lucide lucide-book-open-check"[39m
              [33mfill[39m=[32m"none"[39m
              [33mheight[39m=[32m"16"[39m
              [33mstroke[39m=[32m"currentColo...
 ❯ waitForWrapper node_modules/@testing-library/dom/dist/wait-for.js:163:27
 ❯ node_modules/@testing-library/dom/dist/query-helpers.js:86:33
 ❯ app/components/trade-review-workspace.test.tsx:5360:18
    5358|     if (stock.getAttribute("aria-expanded") !== "true") await user.cli…
    5359|     await user.click(await within(library).findByRole("button", { name…
    5360|     await screen.findByLabelText("图表工具栏");
       |                  ^
    5361|     await user.click(screen.getByRole("button", { name: "返回交易库" }));
    5362|

⎯⎯⎯⎯⎯⎯⎯⎯⎯⎯⎯⎯⎯⎯⎯⎯⎯⎯⎯⎯⎯⎯[59/65]⎯

 FAIL  app/components/trade-review-workspace.test.tsx > TradeReviewWorkspace > opens stock entries in the shared workbench and preserves library browsing state
Error: Test timed out in 5000ms.
If this is a long-running test, pass a timeout value as the last argument or configure it globally with "testTimeout".
 ❯ app/components/trade-review-workspace.test.tsx:5367:3
    5365|   });
    5366|
    5367|   it("opens stock entries in the shared workbench and preserves librar…
       |   ^
    5368|     const user = userEvent.setup();
    5369|     const instrument = {

⎯⎯⎯⎯⎯⎯⎯⎯⎯⎯⎯⎯⎯⎯⎯⎯⎯⎯⎯⎯⎯⎯[60/65]⎯

 FAIL  app/components/dashboard/review-dashboard.test.tsx > reactively bounds all observation history by selected account, nature/run and refreshed entries
Error: Test timed out in 5000ms.
If this is a long-running test, pass a timeout value as the last argument or configure it globally with "testTimeout".
 ❯ app/components/dashboard/review-dashboard.test.tsx:950:1
    948| });
    949|
    950| it("reactively bounds all observation history by selected account, nat…
       | ^
    951|   const accountA = dashboardEntries(shanghai, "2026-09", "a")[0];
    952|   const accountB = dashboardEntries(shanghai, "2023-02", "b")[0];

⎯⎯⎯⎯⎯⎯⎯⎯⎯⎯⎯⎯⎯⎯⎯⎯⎯⎯⎯⎯⎯⎯[61/65]⎯

 FAIL  app/components/dashboard/review-dashboard.test.tsx > restores only applied dashboard filters and statistics period after a reload, then keeps reset cleared
Error: Test timed out in 5000ms.
If this is a long-running test, pass a timeout value as the last argument or configure it globally with "testTimeout".
 ❯ app/components/dashboard/review-dashboard.test.tsx:1111:1
    1109| });
    1110|
    1111| it("restores only applied dashboard filters and statistics period afte…
       | ^
    1112|   const stock = canonicalClosedEntry(dashboardEntries(shanghai, "2026-…
    1113|   const etfInstrument: Instrument = { id: "US:SPY", symbol: "SPY", nam…

⎯⎯⎯⎯⎯⎯⎯⎯⎯⎯⎯⎯⎯⎯⎯⎯⎯⎯⎯⎯⎯⎯[62/65]⎯

 FAIL  app/components/library/trade-library.acceptance.test.tsx > TradeLibrary pagination acceptance > resets both page cursors when scope, sort, or reset changes
Error: Test timed out in 5000ms.
If this is a long-running test, pass a timeout value as the last argument or configure it globally with "testTimeout".
 ❯ app/components/library/trade-library.acceptance.test.tsx:174:3
    172|   });
    173|
    174|   it("resets both page cursors when scope, sort, or reset changes", as…
       |   ^
    175|     const entries = buildPaginationEntries();
    176|     let latestState: TradeLibraryBrowseState | undefined;

⎯⎯⎯⎯⎯⎯⎯⎯⎯⎯⎯⎯⎯⎯⎯⎯⎯⎯⎯⎯⎯⎯[63/65]⎯

 FAIL  app/lib/reviews/trading-room-holdings.test.ts > trading room holdings model > falls through invalid source dates before applying the market calendar fallback
AssertionError: expected { …(30) } to match object { quoteStatus: 'available', …(1) }
(48 matching properties omitted from actual)

- Expected
+ Received

  {
-   "quoteStatus": "available",
-   "unrealizedPnlStatus": "available",
+   "quoteStatus": "stale",
+   "unrealizedPnlStatus": "stale",
  }

 ❯ app/lib/reviews/trading-room-holdings.test.ts:521:27
    519|     });
    520|
    521|     expect(model.rows[0]).toMatchObject({ quoteStatus: "available", un…
       |                           ^
    522|   });
    523|

⎯⎯⎯⎯⎯⎯⎯⎯⎯⎯⎯⎯⎯⎯⎯⎯⎯⎯⎯⎯⎯⎯[64/65]⎯

 FAIL  app/lib/storage/storage-boundary.test.tsx > SQLite production storage boundary > persists an imported trade and chart settings through SQLite without legacy browser writes
Error: Test timed out in 5000ms.
If this is a long-running test, pass a timeout value as the last argument or configure it globally with "testTimeout".
 ❯ app/lib/storage/storage-boundary.test.tsx:288:3
    286|   });
    287|
    288|   it("persists an imported trade and chart settings through SQLite wit…
       |   ^
    289|     const user = userEvent.setup();
    290|     const client = emptySqliteClient();

⎯⎯⎯⎯⎯⎯⎯⎯⎯⎯⎯⎯⎯⎯⎯⎯⎯⎯⎯⎯⎯⎯[65/65]⎯


 Test Files  9 failed | 310 passed | 3 skipped (322)
      Tests  65 failed | 2999 passed | 6 skipped (3070)
   Start at  19:37:29
   Duration  369.17s (transform 52.63s, setup 155.42s, import 142.17s, tests 1147.49s, environment 879.12s)

